EmployeeId,FirstName,LastName,UserPrincipalName,DepartmentCode,JobTitle,Location,Status,StartDate,EndDate,Track,ManagerUpn
E100000,Grace,Brown,grace.brown@giim-test.local,CS,Analyst,Support Office,Active,2020-05-05,,Full,
E100001,Olivia,Wilson,olivia.wilson@giim-test.local,SAL,Officer,Support Office,Active,2023-08-12,,Full,
E100002,Olivia,Robinson,olivia.robinson@giim-test.local,FIN,Advisor,Support Office,Active,2026-02-01,,Full,
E100003,Emily,Nguyen,emily.nguyen@giim-test.local,ECOM,Advisor,Support Office,Active,2016-02-20,,Full,
E100004,Oliver,Young,oliver.young@giim-test.local,CS,Advisor,Support Office,Active,2026-02-11,,Full,grace.brown@giim-test.local
E100005,Amelia,Smith,amelia.smith@giim-test.local,ECOM,Senior Analyst,Support Office,Active,2016-12-02,,Full,emily.nguyen@giim-test.local
E100006,Hiroshi,Young,hiroshi.young@giim-test.local,WHS,Manager,Support Office,Active,2018-09-06,,Full,
E100007,Mei,Williams,mei.williams@giim-test.local,MKT,Analyst,Support Office,Active,2017-06-18,,Full,
E100008,Lucas,Taylor,lucas.taylor@giim-test.local,SAL,Advisor,Support Office,Active,2017-10-24,,Full,olivia.wilson@giim-test.local
E100009,Thomas,Young,thomas.young@giim-test.local,FAC,Manager,Distribution Centre,Pending,2026-10-08,,Light,grace.brown2@giim-test.local
E100010,Chloe,Clarke,chloe.clarke@giim-test.local,ECOM,Lead,Support Office,Active,2019-11-16,,Full,emily.nguyen@giim-test.local
E100011,Chloe,Johnson,chloe.johnson@giim-test.local,CS,Team Leader,Support Office,Active,2025-02-09,,Full,grace.brown@giim-test.local
E100012,Hunter,Murphy,hunter.murphy@giim-test.local,DATA,Coordinator,Support Office,Active,2020-03-16,,Full,
E100013,Mei,Kelly,mei.kelly@giim-test.local,MER,Officer,Support Office,Active,2024-12-16,,Full,
E100014,Leo,Brown,leo.brown@giim-test.local,PROP,Specialist,Support Office,Active,2018-03-08,,Full,
E100015,Hiroshi,Brown,hiroshi.brown@giim-test.local,MER,Associate,Support Office,Active,2019-08-02,,Full,mei.kelly@giim-test.local
E100016,Hunter,Robinson,hunter.robinson@giim-test.local,HR,Lead,Support Office,Active,2019-09-05,,Full,
E100017,Lucas,Walker,lucas.walker@giim-test.local,HR,Team Leader,Support Office,Pending,2026-10-15,,Full,hunter.robinson@giim-test.local
E100018,Matilda,Kaur,matilda.kaur@giim-test.local,SC,Lead,Distribution Centre,Active,2017-12-25,,Full,
E100019,Mia,Murphy,mia.murphy@giim-test.local,ECOM,Coordinator,Support Office,Active,2019-10-24,,Full,emily.nguyen@giim-test.local
E100020,Nikos,Scott,nikos.scott@giim-test.local,IT,Manager,Support Office,Active,2025-10-29,,Full,
E100021,Olivia,White,olivia.white@giim-test.local,HR,Team Leader,Support Office,Active,2025-11-25,,Full,hunter.robinson@giim-test.local
E100022,Liam,Wang,liam.wang@giim-test.local,OPS,Team Leader,Support Office,Active,2018-06-15,,Full,
E100023,Hiroshi,Chen,hiroshi.chen@giim-test.local,LEG,Senior Analyst,Support Office,Active,2023-02-01,,Full,
E100024,Arjun,Lee,arjun.lee@giim-test.local,WHS,Associate,Support Office,Pending,2026-11-11,,Full,hiroshi.young@giim-test.local
E100025,Harrison,Walker,harrison.walker@giim-test.local,MKT,Manager,Support Office,Left,2025-04-28,2025-07-28,Full,mei.williams@giim-test.local
E100026,Emily,Wilson,emily.wilson@giim-test.local,PROP,Advisor,Support Office,Active,2021-10-28,,Full,leo.brown@giim-test.local
E100027,Mason,Campbell,mason.campbell@giim-test.local,FIN,Team Leader,Support Office,Active,2018-10-22,,Full,olivia.robinson@giim-test.local
E100028,Grace,Brown,grace.brown2@giim-test.local,FAC,Specialist,Distribution Centre,Active,2026-07-08,,Light,
E100029,Leo,Robinson,leo.robinson@giim-test.local,MER,Analyst,Support Office,Active,2026-03-29,,Full,mei.kelly@giim-test.local
E100030,Jack,Robinson,jack.robinson@giim-test.local,PAY,Advisor,Support Office,Active,2016-07-28,,Full,
E100031,Fatima,Murphy,fatima.murphy@giim-test.local,WHS,Advisor,Support Office,Active,2026-06-22,,Full,hiroshi.young@giim-test.local
E100032,James,Wang,james.wang@giim-test.local,HR,Coordinator,Support Office,Pending,2026-10-07,,Full,hunter.robinson@giim-test.local
E100033,James,Clarke,james.clarke@giim-test.local,CS,Advisor,Support Office,Leaving,2022-04-03,2026-10-16,Full,grace.brown@giim-test.local
E100034,Hunter,Lee,hunter.lee@giim-test.local,CS,Officer,Support Office,Active,2018-05-18,,Full,grace.brown@giim-test.local
E100035,Ethan,Kaur,ethan.kaur@giim-test.local,RISK,Team Leader,Support Office,Active,2024-02-14,,Full,
E100036,Ethan,Kelly,ethan.kelly@giim-test.local,MER,Specialist,Support Office,Active,2023-05-25,,Full,mei.kelly@giim-test.local
E100037,Henry,Lee,henry.lee@giim-test.local,PAY,Advisor,Support Office,Active,2016-05-12,,Full,jack.robinson@giim-test.local
E100038,Harrison,Kaur,harrison.kaur@giim-test.local,LEG,Officer,Support Office,Active,2016-01-07,,Full,hiroshi.chen@giim-test.local
E100039,Harrison,Robinson,harrison.robinson@giim-test.local,CS,Lead,Support Office,Active,2017-11-05,,Full,grace.brown@giim-test.local
E100040,Liam,Scott,liam.scott@giim-test.local,CS,Team Leader,Support Office,Active,2016-07-09,,Full,grace.brown@giim-test.local
E100041,Jack,Singh,jack.singh@giim-test.local,WHS,Officer,Support Office,Active,2020-11-15,,Full,hiroshi.young@giim-test.local
E100042,Hunter,Patel,hunter.patel@giim-test.local,MER,Coordinator,Support Office,Active,2018-10-09,,Full,mei.kelly@giim-test.local
E100043,Thomas,Wilson,thomas.wilson@giim-test.local,OPS,Associate,Support Office,Pending,2026-10-27,,Full,liam.wang@giim-test.local
E100044,Nikos,Brown,nikos.brown@giim-test.local,RISK,Analyst,Support Office,Active,2019-05-01,,Full,ethan.kaur@giim-test.local
E100045,Leo,Chen,leo.chen@giim-test.local,RISK,Specialist,Support Office,Active,2019-02-10,,Full,ethan.kaur@giim-test.local
E100046,Henry,Mitchell,henry.mitchell@giim-test.local,CS,Analyst,Support Office,Active,2019-09-23,,Full,grace.brown@giim-test.local
E100047,Lucas,Williams,lucas.williams@giim-test.local,DATA,Associate,Support Office,Active,2017-06-29,,Full,hunter.murphy@giim-test.local
E100048,Arjun,White,arjun.white@giim-test.local,MKT,Advisor,Support Office,Active,2025-03-19,,Full,mei.williams@giim-test.local
E100049,Emily,Lee,emily.lee@giim-test.local,WHS,Officer,Support Office,Active,2017-11-28,,Full,hiroshi.young@giim-test.local
E100050,Matilda,Patel,matilda.patel@giim-test.local,SC,Coordinator,Distribution Centre,Active,2020-06-12,,Light,matilda.kaur@giim-test.local
E100051,Isla,Mitchell,isla.mitchell@giim-test.local,CS,Specialist,Support Office,Active,2017-12-19,,Full,grace.brown@giim-test.local
E100052,Liam,Chen,liam.chen@giim-test.local,FIN,Associate,Support Office,Active,2018-10-24,,Full,olivia.robinson@giim-test.local
E100053,Amelia,Johnson,amelia.johnson@giim-test.local,SC,Specialist,Distribution Centre,Leaving,2017-04-24,2026-10-22,Full,matilda.kaur@giim-test.local
E100054,Mason,Smith,mason.smith@giim-test.local,MER,Analyst,Support Office,Active,2025-03-29,,Full,mei.kelly@giim-test.local
E100055,Wei,Campbell,wei.campbell@giim-test.local,OPS,Associate,Support Office,Active,2019-11-10,,Full,liam.wang@giim-test.local
E100056,Mei,Walker,mei.walker@giim-test.local,LOG,Specialist,Distribution Centre,Active,2023-09-21,,Full,
E100057,Arjun,Taylor,arjun.taylor@giim-test.local,PAY,Specialist,Support Office,Active,2016-01-21,,Full,jack.robinson@giim-test.local
E100058,Cooper,Lee,cooper.lee@giim-test.local,SAL,Officer,Support Office,Active,2019-04-02,,Full,olivia.wilson@giim-test.local
E100059,Liam,Wilson,liam.wilson@giim-test.local,WHS,Senior Analyst,Support Office,Active,2019-06-28,,Full,hiroshi.young@giim-test.local
E100060,Nikos,Mitchell,nikos.mitchell@giim-test.local,HR,Advisor,Support Office,Active,2016-10-10,,Full,hunter.robinson@giim-test.local
E100061,Mei,Martin,mei.martin@giim-test.local,PRC,Advisor,Support Office,Active,2017-10-24,,Full,
E100062,Hiroshi,Anderson,hiroshi.anderson@giim-test.local,PROP,Manager,Support Office,Active,2019-12-07,,Full,leo.brown@giim-test.local
E100063,Harper,Patel,harper.patel@giim-test.local,RISK,Specialist,Support Office,Active,2022-01-07,,Full,ethan.kaur@giim-test.local
E100064,Harrison,Johnson,harrison.johnson@giim-test.local,ECOM,Specialist,Support Office,Active,2023-07-01,,Full,emily.nguyen@giim-test.local
E100065,Harper,Kelly,harper.kelly@giim-test.local,PAY,Advisor,Support Office,Active,2022-02-28,,Full,jack.robinson@giim-test.local
E100066,Zoe,Chen,zoe.chen@giim-test.local,CS,Specialist,Support Office,Active,2020-05-23,,Full,grace.brown@giim-test.local
E100067,Mia,Smith,mia.smith@giim-test.local,FIN,Advisor,Support Office,Active,2024-03-16,,Full,olivia.robinson@giim-test.local
E100068,Grace,Nguyen,grace.nguyen@giim-test.local,OPS,Coordinator,Support Office,Active,2023-10-15,,Full,liam.wang@giim-test.local
E100069,Harrison,Williams,harrison.williams@giim-test.local,CS,Advisor,Support Office,Active,2022-01-28,,Full,grace.brown@giim-test.local
E100070,Liam,Martin,liam.martin@giim-test.local,PROP,Analyst,Support Office,Active,2026-07-01,,Full,leo.brown@giim-test.local
E100071,Mei,King,mei.king@giim-test.local,MKT,Lead,Support Office,Active,2022-02-16,,Full,mei.williams@giim-test.local
E100072,Grace,Mitchell,grace.mitchell@giim-test.local,RISK,Officer,Support Office,Active,2019-08-18,,Full,ethan.kaur@giim-test.local
E100073,Charlotte,Patel,charlotte.patel@giim-test.local,OPS,Specialist,Support Office,Active,2021-05-29,,Full,liam.wang@giim-test.local
E100074,Priya,Scott,priya.scott@giim-test.local,IT,Advisor,Support Office,Active,2019-12-19,,Full,nikos.scott@giim-test.local
E100075,Fatima,Wilson,fatima.wilson@giim-test.local,WHS,Senior Analyst,Support Office,Active,2025-10-31,,Full,hiroshi.young@giim-test.local
E100076,Jack,Robinson,jack.robinson2@giim-test.local,HR,Associate,Support Office,Active,2026-05-28,,Full,hunter.robinson@giim-test.local
E100077,Hunter,Walker,hunter.walker@giim-test.local,IT,Specialist,Support Office,Active,2018-05-17,,Full,nikos.scott@giim-test.local
E100078,Noah,Young,noah.young@giim-test.local,PRC,Senior Analyst,Support Office,Active,2020-10-31,,Full,mei.martin@giim-test.local
E100079,Olivia,Nguyen,olivia.nguyen@giim-test.local,FIN,Lead,Support Office,Active,2026-01-27,,Full,olivia.robinson@giim-test.local
E100080,Wei,Murphy,wei.murphy@giim-test.local,HR,Analyst,Support Office,Active,2025-07-25,,Full,hunter.robinson@giim-test.local
E100081,Aisha,Thompson,aisha.thompson@giim-test.local,ECOM,Team Leader,Support Office,Active,2024-08-01,,Full,emily.nguyen@giim-test.local
E100082,Lucas,Harris,lucas.harris@giim-test.local,IT,Officer,Support Office,Active,2025-06-12,,Full,nikos.scott@giim-test.local
E100083,Fatima,Wang,fatima.wang@giim-test.local,EXEC,Advisor,Support Office,Left,2023-05-19,2025-01-28,Full,harrison.mitchell@giim-test.local
E100084,Mason,Young,mason.young@giim-test.local,LEG,Associate,Support Office,Active,2025-06-28,,Full,hiroshi.chen@giim-test.local
E100085,William,King,william.king@giim-test.local,IT,Analyst,Support Office,Active,2025-10-02,,Full,nikos.scott@giim-test.local
E100086,Mateo,Anderson,mateo.anderson@giim-test.local,LEG,Associate,Support Office,Active,2020-03-28,,Full,hiroshi.chen@giim-test.local
E100087,Mateo,Thompson,mateo.thompson@giim-test.local,PAY,Advisor,Support Office,Active,2019-08-31,,Full,jack.robinson@giim-test.local
E100088,Harper,Kelly,harper.kelly2@giim-test.local,IT,Specialist,Support Office,Pending,2026-10-10,,Full,nikos.scott@giim-test.local
E100089,Priya,Brown,priya.brown@giim-test.local,WHS,Associate,Support Office,Active,2023-05-28,,Full,hiroshi.young@giim-test.local
E100090,Harrison,Mitchell,harrison.mitchell@giim-test.local,EXEC,Manager,Support Office,Active,2017-01-14,,Full,
E100091,Liam,Campbell,liam.campbell@giim-test.local,CS,Team Leader,Support Office,Active,2017-11-20,,Full,grace.brown@giim-test.local
E100092,Harper,Wang,harper.wang@giim-test.local,PAY,Specialist,Support Office,Active,2022-06-08,,Full,jack.robinson@giim-test.local
E100093,Matilda,Nguyen,matilda.nguyen@giim-test.local,MER,Specialist,Support Office,Active,2023-12-01,,Full,mei.kelly@giim-test.local
E100094,William,Lee,william.lee@giim-test.local,IT,Coordinator,Support Office,Active,2021-10-21,,Full,nikos.scott@giim-test.local
E100095,William,Young,william.young@giim-test.local,IT,Manager,Support Office,Active,2021-09-17,,Full,nikos.scott@giim-test.local
E100096,Priya,Jones,priya.jones@giim-test.local,SC,Coordinator,Distribution Centre,Active,2025-03-18,,Light,matilda.kaur@giim-test.local
E100097,Wei,Thompson,wei.thompson@giim-test.local,CS,Team Leader,Support Office,Active,2021-07-19,,Full,grace.brown@giim-test.local
E100098,Emily,Patel,emily.patel@giim-test.local,HR,Officer,Support Office,Active,2024-10-13,,Full,hunter.robinson@giim-test.local
E100099,Mia,Kelly,mia.kelly@giim-test.local,MKT,Lead,Support Office,Active,2026-03-06,,Full,mei.williams@giim-test.local
E100100,Ruby,King,ruby.king@giim-test.local,MER,Officer,Support Office,Active,2016-08-22,,Full,mei.kelly@giim-test.local
E100101,Chloe,Walker,chloe.walker@giim-test.local,EXEC,Specialist,Support Office,Active,2016-04-23,,Full,harrison.mitchell@giim-test.local
E100102,Leo,Jones,leo.jones@giim-test.local,FIN,Team Leader,Support Office,Active,2020-11-25,,Full,olivia.robinson@giim-test.local
E100103,Mason,Scott,mason.scott@giim-test.local,RISK,Specialist,Support Office,Leaving,2026-04-28,2026-10-21,Full,ethan.kaur@giim-test.local
E100104,Ava,Clarke,ava.clarke@giim-test.local,OPS,Lead,Support Office,Active,2016-07-26,,Full,liam.wang@giim-test.local
E100105,Mateo,Clarke,mateo.clarke@giim-test.local,DATA,Officer,Support Office,Active,2022-04-20,,Full,hunter.murphy@giim-test.local
E100106,William,Wang,william.wang@giim-test.local,SAL,Senior Analyst,Support Office,Active,2022-02-10,,Full,olivia.wilson@giim-test.local
E100107,Amelia,Thompson,amelia.thompson@giim-test.local,HR,Officer,Support Office,Active,2024-09-11,,Full,hunter.robinson@giim-test.local
E100108,Lucas,Jones,lucas.jones@giim-test.local,RISK,Analyst,Support Office,Active,2018-06-26,,Full,ethan.kaur@giim-test.local
E100109,Thomas,Mitchell,thomas.mitchell@giim-test.local,EXEC,Specialist,Support Office,Active,2023-02-23,,Full,harrison.mitchell@giim-test.local
E100110,Grace,Taylor,grace.taylor@giim-test.local,HR,Manager,Support Office,Active,2016-07-11,,Full,hunter.robinson@giim-test.local
E100111,Ella,Anderson,ella.anderson@giim-test.local,IT,Specialist,Support Office,Active,2024-05-12,,Full,nikos.scott@giim-test.local
E100112,Charlotte,Murphy,charlotte.murphy@giim-test.local,EXEC,Team Leader,Support Office,Active,2024-05-08,,Full,harrison.mitchell@giim-test.local
E100113,Sophie,Murphy,sophie.murphy@giim-test.local,FAC,Lead,Distribution Centre,Active,2018-12-29,,Full,grace.brown2@giim-test.local
E100114,Leo,Clarke,leo.clarke@giim-test.local,SC,Advisor,Distribution Centre,Active,2023-02-27,,Full,matilda.kaur@giim-test.local
E100115,Zoe,Ryan,zoe.ryan@giim-test.local,ECOM,Analyst,Support Office,Active,2025-01-24,,Full,emily.nguyen@giim-test.local
E100116,Arjun,Singh,arjun.singh@giim-test.local,PAY,Lead,Support Office,Active,2024-05-31,,Full,jack.robinson@giim-test.local
E100117,Ella,White,ella.white@giim-test.local,ECOM,Senior Analyst,Support Office,Active,2021-09-19,,Full,emily.nguyen@giim-test.local
E100118,Lucas,Singh,lucas.singh@giim-test.local,CS,Advisor,Support Office,Active,2024-09-25,,Full,grace.brown@giim-test.local
E100119,Grace,Brown,grace.brown3@giim-test.local,FAC,Lead,Distribution Centre,Active,2016-11-24,,Light,grace.brown2@giim-test.local
E100120,Olivia,Wang,olivia.wang@giim-test.local,FIN,Team Leader,Support Office,Active,2022-04-17,,Full,olivia.robinson@giim-test.local
E100121,Wei,Scott,wei.scott@giim-test.local,FAC,Analyst,Distribution Centre,Left,2017-03-18,2026-05-08,Light,grace.brown2@giim-test.local
E100122,Jack,Johnson,jack.johnson@giim-test.local,SAL,Officer,Support Office,Active,2018-10-30,,Full,olivia.wilson@giim-test.local
E100123,Arjun,Thompson,arjun.thompson@giim-test.local,PROP,Associate,Support Office,Active,2016-03-13,,Full,leo.brown@giim-test.local
E100124,Hiroshi,Singh,hiroshi.singh@giim-test.local,RISK,Officer,Support Office,Active,2025-05-24,,Full,ethan.kaur@giim-test.local
E100125,Aisha,Nguyen,aisha.nguyen@giim-test.local,CS,Advisor,Support Office,Pending,2026-10-08,,Full,grace.brown@giim-test.local
E100126,Leo,Anderson,leo.anderson@giim-test.local,FAC,Lead,Distribution Centre,Active,2020-06-22,,Full,grace.brown2@giim-test.local
E100127,Priya,King,priya.king@giim-test.local,PROP,Associate,Support Office,Active,2019-02-03,,Full,leo.brown@giim-test.local
E100128,Emily,Harris,emily.harris@giim-test.local,PROP,Advisor,Support Office,Active,2017-05-06,,Full,leo.brown@giim-test.local
E100129,Cooper,Murphy,cooper.murphy@giim-test.local,LOG,Advisor,Distribution Centre,Active,2017-02-08,,Light,mei.walker@giim-test.local
E100130,Thomas,Nguyen,thomas.nguyen@giim-test.local,CS,Lead,Support Office,Active,2024-08-13,,Full,grace.brown@giim-test.local
E100131,Harrison,Patel,harrison.patel@giim-test.local,MKT,Manager,Support Office,Active,2020-11-25,,Full,mei.williams@giim-test.local
E100132,Zoe,Scott,zoe.scott@giim-test.local,LEG,Coordinator,Support Office,Active,2019-04-17,,Full,hiroshi.chen@giim-test.local
E100133,Tane,Robinson,tane.robinson@giim-test.local,SAL,Specialist,Support Office,Active,2017-04-20,,Full,olivia.wilson@giim-test.local
E100134,Lucas,Johnson,lucas.johnson@giim-test.local,HR,Senior Analyst,Support Office,Left,2021-01-31,2025-04-05,Full,hunter.robinson@giim-test.local
E100135,Grace,Lee,grace.lee@giim-test.local,LEG,Specialist,Support Office,Active,2018-02-15,,Full,hiroshi.chen@giim-test.local
E100136,Isla,Martin,isla.martin@giim-test.local,FAC,Senior Analyst,Distribution Centre,Active,2023-07-17,,Full,grace.brown2@giim-test.local
E100137,Mason,Walker,mason.walker@giim-test.local,PRC,Specialist,Support Office,Active,2019-12-11,,Full,mei.martin@giim-test.local
E100138,Hiroshi,Kaur,hiroshi.kaur@giim-test.local,MER,Coordinator,Support Office,Active,2017-02-05,,Full,mei.kelly@giim-test.local
E100139,Hiroshi,Patel,hiroshi.patel@giim-test.local,PROP,Officer,Support Office,Active,2017-02-21,,Full,leo.brown@giim-test.local
E100140,Emily,Anderson,emily.anderson@giim-test.local,SAL,Advisor,Support Office,Active,2026-03-27,,Full,olivia.wilson@giim-test.local
E100141,Thomas,Scott,thomas.scott@giim-test.local,LEG,Coordinator,Support Office,Left,2016-02-05,2025-02-23,Full,hiroshi.chen@giim-test.local
E100142,Henry,Kaur,henry.kaur@giim-test.local,LEG,Lead,Support Office,Active,2016-11-26,,Full,hiroshi.chen@giim-test.local
E100143,Hiroshi,Kaur,hiroshi.kaur2@giim-test.local,MER,Manager,Support Office,Active,2019-02-08,,Full,mei.kelly@giim-test.local
E100144,Grace,Mitchell,grace.mitchell2@giim-test.local,LEG,Coordinator,Support Office,Active,2017-01-13,,Full,hiroshi.chen@giim-test.local
E100145,Ethan,Smith,ethan.smith@giim-test.local,HR,Advisor,Support Office,Active,2026-02-18,,Full,hunter.robinson@giim-test.local
E100146,Ruby,Chen,ruby.chen@giim-test.local,OPS,Specialist,Support Office,Active,2017-09-08,,Full,liam.wang@giim-test.local
E100147,Priya,Chen,priya.chen@giim-test.local,MER,Lead,Support Office,Active,2024-08-27,,Full,mei.kelly@giim-test.local
E100148,Wei,Johnson,wei.johnson@giim-test.local,DATA,Associate,Support Office,Active,2017-06-06,,Full,hunter.murphy@giim-test.local
E100149,Ava,Williams,ava.williams@giim-test.local,LOG,Coordinator,Distribution Centre,Active,2021-01-27,,Light,mei.walker@giim-test.local
E100150,Ethan,Wang,ethan.wang@giim-test.local,PRC,Coordinator,Support Office,Active,2016-06-09,,Full,mei.martin@giim-test.local
E100151,Jack,Scott,jack.scott@giim-test.local,PRC,Specialist,Support Office,Active,2024-04-15,,Full,mei.martin@giim-test.local
E100152,Mason,Anderson,mason.anderson@giim-test.local,RISK,Associate,Support Office,Active,2020-08-17,,Full,ethan.kaur@giim-test.local
E100153,Thomas,Mitchell,thomas.mitchell2@giim-test.local,CS,Lead,Support Office,Active,2019-08-26,,Full,grace.brown@giim-test.local
E100154,Cooper,Taylor,cooper.taylor@giim-test.local,EXEC,Advisor,Support Office,Active,2019-03-18,,Full,harrison.mitchell@giim-test.local
E100155,Sophie,Nguyen,sophie.nguyen@giim-test.local,ECOM,Associate,Support Office,Active,2025-03-03,,Full,emily.nguyen@giim-test.local
E100156,Matilda,Brown,matilda.brown@giim-test.local,HR,Lead,Support Office,Active,2021-08-13,,Full,hunter.robinson@giim-test.local
E100157,Olivia,Johnson,olivia.johnson@giim-test.local,DATA,Senior Analyst,Support Office,Active,2024-07-27,,Full,hunter.murphy@giim-test.local
E100158,Mateo,Robinson,mateo.robinson@giim-test.local,PRC,Analyst,Support Office,Active,2022-11-25,,Full,mei.martin@giim-test.local
E100159,Mei,Clarke,mei.clarke@giim-test.local,SAL,Associate,Support Office,Active,2024-06-10,,Full,olivia.wilson@giim-test.local
E100160,Tane,Jones,tane.jones@giim-test.local,IT,Manager,Support Office,Active,2019-01-22,,Full,nikos.scott@giim-test.local
E100161,Hiroshi,Singh,hiroshi.singh2@giim-test.local,HR,Advisor,Support Office,Active,2021-09-17,,Full,hunter.robinson@giim-test.local
E100162,Fatima,Patel,fatima.patel@giim-test.local,RISK,Officer,Support Office,Active,2026-05-18,,Full,ethan.kaur@giim-test.local
E100163,Amelia,Robinson,amelia.robinson@giim-test.local,RISK,Senior Analyst,Support Office,Pending,2026-10-11,,Full,ethan.kaur@giim-test.local
E100164,Mei,Nguyen,mei.nguyen@giim-test.local,MKT,Coordinator,Support Office,Pending,2026-11-16,,Full,mei.williams@giim-test.local
E100165,Ava,Thompson,ava.thompson@giim-test.local,SC,Analyst,Distribution Centre,Active,2023-03-26,,Light,matilda.kaur@giim-test.local
E100166,Matilda,Johnson,matilda.johnson@giim-test.local,DATA,Manager,Support Office,Active,2021-04-20,,Full,hunter.murphy@giim-test.local
E100167,Mei,Singh,mei.singh@giim-test.local,DATA,Specialist,Support Office,Active,2019-04-19,,Full,hunter.murphy@giim-test.local
E100168,Charlotte,Smith,charlotte.smith@giim-test.local,LEG,Associate,Support Office,Left,2019-04-13,2026-08-04,Full,hiroshi.chen@giim-test.local
E100169,Priya,Robinson,priya.robinson@giim-test.local,IT,Officer,Support Office,Active,2025-08-07,,Full,nikos.scott@giim-test.local
E100170,Charlotte,Nguyen,charlotte.nguyen@giim-test.local,SC,Analyst,Distribution Centre,Active,2021-01-02,,Light,matilda.kaur@giim-test.local
E100171,Liam,Young,liam.young@giim-test.local,HR,Manager,Support Office,Active,2020-05-30,,Full,hunter.robinson@giim-test.local
E100172,Ella,Walker,ella.walker@giim-test.local,PRC,Associate,Support Office,Active,2018-10-08,,Full,mei.martin@giim-test.local
E100173,Mason,Singh,mason.singh@giim-test.local,HR,Lead,Support Office,Active,2018-05-19,,Full,hunter.robinson@giim-test.local
E100174,Matilda,Smith,matilda.smith@giim-test.local,OPS,Coordinator,Support Office,Active,2019-08-24,,Full,liam.wang@giim-test.local
E100175,Fatima,Murphy,fatima.murphy2@giim-test.local,ECOM,Team Leader,Support Office,Active,2017-08-20,,Full,emily.nguyen@giim-test.local
E100176,Mia,Johnson,mia.johnson@giim-test.local,PAY,Officer,Support Office,Active,2019-08-09,,Full,jack.robinson@giim-test.local
E100177,Liam,Smith,liam.smith@giim-test.local,IT,Coordinator,Support Office,Active,2022-09-13,,Full,nikos.scott@giim-test.local
E100178,Harrison,Martin,harrison.martin@giim-test.local,RISK,Analyst,Support Office,Active,2016-01-28,,Full,ethan.kaur@giim-test.local
E100179,Mateo,King,mateo.king@giim-test.local,EXEC,Specialist,Support Office,Active,2021-08-13,,Full,harrison.mitchell@giim-test.local
E100180,Priya,Martin,priya.martin@giim-test.local,HR,Manager,Support Office,Active,2023-09-04,,Full,hunter.robinson@giim-test.local
E100181,Amelia,Nguyen,amelia.nguyen@giim-test.local,WHS,Analyst,Support Office,Active,2024-12-18,,Full,hiroshi.young@giim-test.local
E100182,Hunter,Walker,hunter.walker2@giim-test.local,LOG,Officer,Distribution Centre,Left,2016-05-01,2026-08-19,Full,mei.walker@giim-test.local
E100183,Wei,Kelly,wei.kelly@giim-test.local,FIN,Advisor,Support Office,Active,2024-09-07,,Full,olivia.robinson@giim-test.local
E100184,Priya,Johnson,priya.johnson@giim-test.local,SC,Analyst,Distribution Centre,Active,2022-07-08,,Full,matilda.kaur@giim-test.local
E100185,Henry,Ryan,henry.ryan@giim-test.local,EXEC,Lead,Support Office,Active,2020-03-06,,Full,harrison.mitchell@giim-test.local
E100186,Mei,Kelly,mei.kelly2@giim-test.local,LOG,Coordinator,Distribution Centre,Active,2016-01-24,,Full,mei.walker@giim-test.local
E100187,Emily,Singh,emily.singh@giim-test.local,SAL,Officer,Support Office,Active,2025-05-06,,Full,olivia.wilson@giim-test.local
E100188,Harrison,White,harrison.white@giim-test.local,LOG,Advisor,Distribution Centre,Active,2018-11-19,,Light,mei.walker@giim-test.local
E100189,Mateo,Mitchell,mateo.mitchell@giim-test.local,ECOM,Lead,Support Office,Active,2025-03-09,,Full,emily.nguyen@giim-test.local
E100190,Tane,Singh,tane.singh@giim-test.local,MER,Officer,Support Office,Active,2020-11-20,,Full,mei.kelly@giim-test.local
E100191,Olivia,White,olivia.white2@giim-test.local,WHS,Advisor,Support Office,Active,2023-10-11,,Full,hiroshi.young@giim-test.local
E100192,Amelia,Patel,amelia.patel@giim-test.local,WHS,Specialist,Support Office,Pending,2026-10-09,,Full,hiroshi.young@giim-test.local
E100193,Grace,White,grace.white@giim-test.local,MER,Analyst,Support Office,Active,2022-03-05,,Full,mei.kelly@giim-test.local
E100194,Mei,Chen,mei.chen@giim-test.local,OPS,Analyst,Support Office,Active,2017-10-28,,Full,liam.wang@giim-test.local
E100195,Thomas,Smith,thomas.smith@giim-test.local,RISK,Officer,Support Office,Active,2024-11-02,,Full,ethan.kaur@giim-test.local
E100196,Aisha,Johnson,aisha.johnson@giim-test.local,IT,Coordinator,Support Office,Active,2016-06-10,,Full,nikos.scott@giim-test.local
E100197,Mei,Lee,mei.lee@giim-test.local,DATA,Analyst,Support Office,Active,2021-01-01,,Full,hunter.murphy@giim-test.local
E100198,Aisha,Murphy,aisha.murphy@giim-test.local,SAL,Team Leader,Support Office,Active,2021-03-21,,Full,olivia.wilson@giim-test.local
E100199,Zoe,Williams,zoe.williams@giim-test.local,PROP,Advisor,Support Office,Active,2020-09-25,,Full,leo.brown@giim-test.local
E100200,Mateo,Robinson,mateo.robinson2@giim-test.local,FIN,Specialist,Support Office,Active,2023-07-08,,Full,olivia.robinson@giim-test.local
E100201,Henry,Lee,henry.lee2@giim-test.local,WHS,Coordinator,Support Office,Active,2023-11-05,,Full,hiroshi.young@giim-test.local
E100202,Mateo,Singh,mateo.singh@giim-test.local,IT,Officer,Support Office,Active,2016-06-09,,Full,nikos.scott@giim-test.local
E100203,Fatima,Kelly,fatima.kelly@giim-test.local,PROP,Lead,Support Office,Active,2022-07-13,,Full,leo.brown@giim-test.local
E100204,Ava,Chen,ava.chen@giim-test.local,MKT,Associate,Support Office,Active,2020-04-25,,Full,mei.williams@giim-test.local
E100205,Ella,Martin,ella.martin@giim-test.local,SC,Advisor,Distribution Centre,Active,2021-08-28,,Full,matilda.kaur@giim-test.local
E100206,Ava,Brown,ava.brown@giim-test.local,HR,Officer,Support Office,Leaving,2024-04-20,2026-10-16,Full,hunter.robinson@giim-test.local
E100207,Ethan,Anderson,ethan.anderson@giim-test.local,EXEC,Manager,Support Office,Active,2025-08-01,,Full,harrison.mitchell@giim-test.local
E100208,James,Mitchell,james.mitchell@giim-test.local,SC,Team Leader,Distribution Centre,Left,2022-10-11,2025-09-19,Light,matilda.kaur@giim-test.local
E100209,Zoe,Patel,zoe.patel@giim-test.local,PROP,Officer,Support Office,Active,2019-01-24,,Full,leo.brown@giim-test.local
E100210,Leo,Scott,leo.scott@giim-test.local,MKT,Lead,Support Office,Active,2022-06-22,,Full,mei.williams@giim-test.local
E100211,Priya,Thompson,priya.thompson@giim-test.local,PRC,Analyst,Support Office,Left,2020-05-28,2025-11-23,Full,mei.martin@giim-test.local
E100212,Jack,Chen,jack.chen@giim-test.local,IT,Manager,Support Office,Active,2025-08-03,,Full,nikos.scott@giim-test.local
E100213,Leo,Wilson,leo.wilson@giim-test.local,DATA,Manager,Support Office,Active,2023-11-23,,Full,hunter.murphy@giim-test.local
E100214,Matilda,Wilson,matilda.wilson@giim-test.local,SC,Manager,Distribution Centre,Active,2021-10-15,,Light,matilda.kaur@giim-test.local
E100215,Hiroshi,Ryan,hiroshi.ryan@giim-test.local,HR,Advisor,Support Office,Active,2023-03-11,,Full,hunter.robinson@giim-test.local
E100216,Tane,Nguyen,tane.nguyen@giim-test.local,HR,Team Leader,Support Office,Pending,2026-10-27,,Full,hunter.robinson@giim-test.local
E100217,Chloe,Young,chloe.young@giim-test.local,SC,Lead,Distribution Centre,Active,2021-12-04,,Light,matilda.kaur@giim-test.local
E100218,Mia,Harris,mia.harris@giim-test.local,DATA,Specialist,Support Office,Active,2026-08-21,,Full,hunter.murphy@giim-test.local
E100219,Henry,Taylor,henry.taylor@giim-test.local,MKT,Team Leader,Support Office,Active,2017-05-16,,Full,mei.williams@giim-test.local
E100220,Harper,Lee,harper.lee@giim-test.local,FIN,Specialist,Support Office,Active,2018-05-09,,Full,olivia.robinson@giim-test.local
E100221,Isla,Patel,isla.patel@giim-test.local,IT,Manager,Support Office,Active,2021-05-16,,Full,nikos.scott@giim-test.local
E100222,Leo,Brown,leo.brown2@giim-test.local,IT,Advisor,Support Office,Active,2025-02-05,,Full,nikos.scott@giim-test.local
E100223,Cooper,Anderson,cooper.anderson@giim-test.local,LOG,Manager,Distribution Centre,Active,2020-06-02,,Full,mei.walker@giim-test.local
E100224,Isla,Nguyen,isla.nguyen@giim-test.local,PROP,Associate,Support Office,Active,2021-12-21,,Full,leo.brown@giim-test.local
E100225,Liam,Lee,liam.lee@giim-test.local,HR,Analyst,Support Office,Active,2021-02-08,,Full,hunter.robinson@giim-test.local
E100226,Lucas,Taylor,lucas.taylor2@giim-test.local,IT,Coordinator,Support Office,Active,2024-02-07,,Full,nikos.scott@giim-test.local
E100227,Harper,Smith,harper.smith@giim-test.local,PRC,Coordinator,Support Office,Active,2025-03-26,,Full,mei.martin@giim-test.local
E100228,Noah,Thompson,noah.thompson@giim-test.local,OPS,Coordinator,Support Office,Active,2021-07-26,,Full,liam.wang@giim-test.local
E100229,Arjun,Chen,arjun.chen@giim-test.local,LOG,Team Leader,Distribution Centre,Left,2024-07-16,2025-04-25,Full,mei.walker@giim-test.local
E100230,Cooper,Ryan,cooper.ryan@giim-test.local,EXEC,Advisor,Support Office,Active,2024-11-17,,Full,harrison.mitchell@giim-test.local
E100231,Wei,Jones,wei.jones@giim-test.local,LEG,Lead,Support Office,Active,2020-06-23,,Full,hiroshi.chen@giim-test.local
E100232,Isla,Thompson,isla.thompson@giim-test.local,FAC,Associate,Distribution Centre,Active,2018-05-13,,Full,grace.brown2@giim-test.local
E100233,Mia,Singh,mia.singh@giim-test.local,FAC,Coordinator,Distribution Centre,Active,2020-01-24,,Light,grace.brown2@giim-test.local
E100234,Olivia,Thompson,olivia.thompson@giim-test.local,MER,Analyst,Support Office,Active,2019-08-03,,Full,mei.kelly@giim-test.local
E100235,Priya,White,priya.white@giim-test.local,MER,Coordinator,Support Office,Left,2022-04-03,2025-04-22,Full,mei.kelly@giim-test.local
E100236,Olivia,Robinson,olivia.robinson2@giim-test.local,PROP,Officer,Support Office,Pending,2026-10-09,,Full,leo.brown@giim-test.local
E100237,Ruby,Lee,ruby.lee@giim-test.local,LEG,Manager,Support Office,Active,2020-07-29,,Full,hiroshi.chen@giim-test.local
E100238,Arjun,Walker,arjun.walker@giim-test.local,PRC,Lead,Support Office,Active,2018-08-23,,Full,mei.martin@giim-test.local
E100239,Zoe,Clarke,zoe.clarke@giim-test.local,DATA,Advisor,Support Office,Active,2018-02-18,,Full,hunter.murphy@giim-test.local
E100240,Zoe,Jones,zoe.jones@giim-test.local,MKT,Associate,Support Office,Active,2018-03-02,,Full,mei.williams@giim-test.local
E100241,Mia,Harris,mia.harris2@giim-test.local,IT,Officer,Support Office,Active,2019-12-12,,Full,nikos.scott@giim-test.local
E100242,Thomas,Harris,thomas.harris@giim-test.local,WHS,Team Leader,Support Office,Pending,2026-10-22,,Full,hiroshi.young@giim-test.local
E100243,Mei,Murphy,mei.murphy@giim-test.local,FAC,Analyst,Distribution Centre,Active,2023-07-18,,Light,grace.brown2@giim-test.local
E100244,Isla,Walker,isla.walker@giim-test.local,PRC,Associate,Support Office,Active,2024-07-01,,Full,mei.martin@giim-test.local
E100245,Henry,Campbell,henry.campbell@giim-test.local,LEG,Analyst,Support Office,Active,2023-07-03,,Full,hiroshi.chen@giim-test.local
E100246,Ella,White,ella.white2@giim-test.local,LOG,Lead,Distribution Centre,Active,2017-12-08,,Full,mei.walker@giim-test.local
E100247,Liam,Young,liam.young2@giim-test.local,WHS,Specialist,Support Office,Active,2021-05-23,,Full,hiroshi.young@giim-test.local
E100248,Cooper,Anderson,cooper.anderson2@giim-test.local,PAY,Advisor,Support Office,Active,2024-06-14,,Full,jack.robinson@giim-test.local
E100249,Wei,Kaur,wei.kaur@giim-test.local,HR,Associate,Support Office,Active,2022-01-11,,Full,hunter.robinson@giim-test.local
E100250,Hunter,Taylor,hunter.taylor@giim-test.local,WHS,Team Leader,Support Office,Active,2020-12-22,,Full,hiroshi.young@giim-test.local
E100251,Hiroshi,Scott,hiroshi.scott@giim-test.local,RISK,Officer,Support Office,Active,2024-02-01,,Full,ethan.kaur@giim-test.local
E100252,Mateo,Wang,mateo.wang@giim-test.local,DATA,Team Leader,Support Office,Active,2016-06-08,,Full,hunter.murphy@giim-test.local
E100253,Ella,Smith,ella.smith@giim-test.local,OPS,Senior Analyst,Support Office,Active,2020-04-18,,Full,liam.wang@giim-test.local
E100254,Harrison,Ryan,harrison.ryan@giim-test.local,ECOM,Coordinator,Support Office,Active,2016-01-09,,Full,emily.nguyen@giim-test.local
E100255,Noah,Walker,noah.walker@giim-test.local,MER,Senior Analyst,Support Office,Active,2019-11-12,,Full,mei.kelly@giim-test.local
E100256,Leo,Taylor,leo.taylor@giim-test.local,DATA,Team Leader,Support Office,Active,2020-05-21,,Full,hunter.murphy@giim-test.local
E100257,Hunter,Campbell,hunter.campbell@giim-test.local,CS,Lead,Support Office,Pending,2026-10-27,,Full,grace.brown@giim-test.local
E100258,Noah,Johnson,noah.johnson@giim-test.local,HR,Advisor,Support Office,Active,2018-07-22,,Full,hunter.robinson@giim-test.local
E100259,Liam,Jones,liam.jones@giim-test.local,LEG,Analyst,Support Office,Active,2022-08-30,,Full,hiroshi.chen@giim-test.local
E100260,Thomas,Kaur,thomas.kaur@giim-test.local,RISK,Coordinator,Support Office,Active,2025-04-02,,Full,ethan.kaur@giim-test.local
E100261,Harrison,Kelly,harrison.kelly@giim-test.local,SAL,Specialist,Support Office,Active,2019-01-31,,Full,olivia.wilson@giim-test.local
E100262,Fatima,Ryan,fatima.ryan@giim-test.local,EXEC,Coordinator,Support Office,Active,2026-07-02,,Full,harrison.mitchell@giim-test.local
E100263,Ruby,Smith,ruby.smith@giim-test.local,MKT,Senior Analyst,Support Office,Active,2016-11-08,,Full,mei.williams@giim-test.local
E100264,Hiroshi,Williams,hiroshi.williams@giim-test.local,LOG,Officer,Distribution Centre,Left,2022-01-24,2025-12-22,Full,mei.walker@giim-test.local
E100265,Thomas,Smith,thomas.smith2@giim-test.local,PRC,Associate,Support Office,Active,2017-06-15,,Full,mei.martin@giim-test.local
E100266,Thomas,Chen,thomas.chen@giim-test.local,HR,Advisor,Support Office,Active,2016-02-24,,Full,hunter.robinson@giim-test.local
E100267,Mei,White,mei.white@giim-test.local,LOG,Senior Analyst,Distribution Centre,Active,2020-03-05,,Light,mei.walker@giim-test.local
E100268,Ruby,Harris,ruby.harris@giim-test.local,DATA,Lead,Support Office,Active,2016-02-25,,Full,hunter.murphy@giim-test.local
E100269,Mia,Clarke,mia.clarke@giim-test.local,SC,Lead,Distribution Centre,Active,2018-03-20,,Light,matilda.kaur@giim-test.local
E100270,Hiroshi,Smith,hiroshi.smith@giim-test.local,SC,Specialist,Distribution Centre,Active,2021-08-04,,Light,matilda.kaur@giim-test.local
E100271,Mia,Wang,mia.wang@giim-test.local,PROP,Advisor,Support Office,Active,2024-10-04,,Full,leo.brown@giim-test.local
E100272,Sophie,Patel,sophie.patel@giim-test.local,WHS,Coordinator,Support Office,Active,2021-09-07,,Full,hiroshi.young@giim-test.local
E100273,Thomas,Young,thomas.young2@giim-test.local,ECOM,Specialist,Support Office,Active,2017-07-06,,Full,emily.nguyen@giim-test.local
E100274,Isla,Williams,isla.williams@giim-test.local,SAL,Senior Analyst,Support Office,Active,2022-12-09,,Full,olivia.wilson@giim-test.local
E100275,Harper,Anderson,harper.anderson@giim-test.local,ECOM,Lead,Support Office,Active,2017-12-13,,Full,emily.nguyen@giim-test.local
E100276,Sophie,Mitchell,sophie.mitchell@giim-test.local,ECOM,Team Leader,Support Office,Active,2026-04-18,,Full,emily.nguyen@giim-test.local
E100277,Harper,Smith,harper.smith2@giim-test.local,RISK,Analyst,Support Office,Active,2025-10-14,,Full,ethan.kaur@giim-test.local
E100278,Chloe,Ryan,chloe.ryan@giim-test.local,PROP,Team Leader,Support Office,Active,2021-10-30,,Full,leo.brown@giim-test.local
E100279,Matilda,Wilson,matilda.wilson2@giim-test.local,LOG,Coordinator,Distribution Centre,Active,2017-07-29,,Light,mei.walker@giim-test.local
E100280,Jack,Kelly,jack.kelly@giim-test.local,MER,Manager,Support Office,Active,2016-02-03,,Full,mei.kelly@giim-test.local
E100281,Priya,Murphy,priya.murphy@giim-test.local,PAY,Specialist,Support Office,Active,2023-10-21,,Full,jack.robinson@giim-test.local
E100282,Hunter,Thompson,hunter.thompson@giim-test.local,MER,Specialist,Support Office,Active,2020-09-14,,Full,mei.kelly@giim-test.local
E100283,Hiroshi,Smith,hiroshi.smith2@giim-test.local,CS,Officer,Support Office,Active,2017-07-21,,Full,grace.brown@giim-test.local
E100284,Jack,Kaur,jack.kaur@giim-test.local,PRC,Officer,Support Office,Leaving,2021-11-17,2026-10-23,Full,mei.martin@giim-test.local
E100285,Matilda,Kaur,matilda.kaur2@giim-test.local,FAC,Officer,Distribution Centre,Active,2024-05-20,,Light,grace.brown2@giim-test.local
E100286,Sophie,Campbell,sophie.campbell@giim-test.local,LOG,Specialist,Distribution Centre,Active,2019-06-04,,Full,mei.walker@giim-test.local
E100287,Matilda,Clarke,matilda.clarke@giim-test.local,MKT,Lead,Support Office,Active,2018-06-12,,Full,mei.williams@giim-test.local
E100288,Noah,Anderson,noah.anderson@giim-test.local,DATA,Coordinator,Support Office,Active,2018-01-22,,Full,hunter.murphy@giim-test.local
E100289,Hunter,White,hunter.white@giim-test.local,EXEC,Advisor,Support Office,Active,2023-01-14,,Full,harrison.mitchell@giim-test.local
E100290,Noah,Taylor,noah.taylor@giim-test.local,HR,Associate,Support Office,Left,2022-12-01,2026-07-21,Full,hunter.robinson@giim-test.local
E100291,Mason,Patel,mason.patel@giim-test.local,OPS,Manager,Support Office,Pending,2026-11-05,,Full,liam.wang@giim-test.local
E100292,Lucas,Williams,lucas.williams2@giim-test.local,MKT,Specialist,Support Office,Active,2019-09-14,,Full,mei.williams@giim-test.local
E100293,Mateo,Campbell,mateo.campbell@giim-test.local,DATA,Team Leader,Support Office,Active,2025-11-06,,Full,hunter.murphy@giim-test.local
E100294,Grace,Nguyen,grace.nguyen2@giim-test.local,FIN,Associate,Support Office,Active,2025-03-16,,Full,olivia.robinson@giim-test.local
E100295,Harper,Chen,harper.chen@giim-test.local,EXEC,Team Leader,Support Office,Active,2021-12-12,,Full,harrison.mitchell@giim-test.local
E100296,Arjun,Anderson,arjun.anderson@giim-test.local,SC,Senior Analyst,Distribution Centre,Active,2026-03-06,,Light,matilda.kaur@giim-test.local
E100297,Harrison,Martin,harrison.martin2@giim-test.local,OPS,Officer,Support Office,Active,2016-04-07,,Full,liam.wang@giim-test.local
E100298,Wei,Kelly,wei.kelly2@giim-test.local,FAC,Coordinator,Distribution Centre,Active,2026-01-14,,Light,grace.brown2@giim-test.local
E100299,Ethan,Clarke,ethan.clarke@giim-test.local,PRC,Advisor,Support Office,Active,2022-02-02,,Full,mei.martin@giim-test.local
E100300,Charlotte,Williams,charlotte.williams@giim-test.local,SAL,Officer,Support Office,Active,2016-11-18,,Full,olivia.wilson@giim-test.local
E100301,Emily,Kaur,emily.kaur@giim-test.local,LEG,Associate,Support Office,Active,2026-03-10,,Full,hiroshi.chen@giim-test.local
E100302,Wei,Wang,wei.wang@giim-test.local,SC,Officer,Distribution Centre,Leaving,2016-07-30,2026-10-23,Light,matilda.kaur@giim-test.local
E100303,Lucas,Williams,lucas.williams3@giim-test.local,LEG,Manager,Support Office,Active,2019-06-27,,Full,hiroshi.chen@giim-test.local
E100304,Fatima,Johnson,fatima.johnson@giim-test.local,OPS,Associate,Support Office,Pending,2026-11-08,,Full,liam.wang@giim-test.local
E100305,Cooper,Williams,cooper.williams@giim-test.local,PAY,Manager,Support Office,Active,2018-06-18,,Full,jack.robinson@giim-test.local
E100306,Chloe,Brown,chloe.brown@giim-test.local,SAL,Officer,Support Office,Active,2018-05-26,,Full,olivia.wilson@giim-test.local
E100307,Mason,Harris,mason.harris@giim-test.local,IT,Manager,Support Office,Active,2021-03-16,,Full,nikos.scott@giim-test.local
E100308,Henry,Lee,henry.lee3@giim-test.local,IT,Advisor,Support Office,Leaving,2022-02-25,2026-10-01,Full,nikos.scott@giim-test.local
E100309,Thomas,Martin,thomas.martin@giim-test.local,CS,Advisor,Support Office,Active,2019-07-06,,Full,grace.brown@giim-test.local
E100310,Oliver,Scott,oliver.scott@giim-test.local,EXEC,Associate,Support Office,Left,2016-11-19,2026-02-27,Full,harrison.mitchell@giim-test.local
E100311,Henry,Clarke,henry.clarke@giim-test.local,WHS,Coordinator,Support Office,Left,2018-12-09,2025-03-12,Full,hiroshi.young@giim-test.local
E100312,Ethan,Wang,ethan.wang2@giim-test.local,RISK,Analyst,Support Office,Active,2025-08-16,,Full,ethan.kaur@giim-test.local
E100313,Fatima,Lee,fatima.lee@giim-test.local,SC,Analyst,Distribution Centre,Active,2019-09-03,,Full,matilda.kaur@giim-test.local
E100314,Olivia,Brown,olivia.brown@giim-test.local,PAY,Team Leader,Support Office,Pending,2026-11-10,,Full,jack.robinson@giim-test.local
E100315,James,Wilson,james.wilson@giim-test.local,EXEC,Advisor,Support Office,Active,2021-12-27,,Full,harrison.mitchell@giim-test.local
E100316,Mateo,Campbell,mateo.campbell2@giim-test.local,SAL,Manager,Support Office,Active,2020-03-19,,Full,olivia.wilson@giim-test.local
E100317,Priya,Jones,priya.jones2@giim-test.local,EXEC,Specialist,Support Office,Active,2025-03-17,,Full,harrison.mitchell@giim-test.local
E100318,Leo,Wilson,leo.wilson2@giim-test.local,EXEC,Officer,Support Office,Active,2016-05-07,,Full,harrison.mitchell@giim-test.local
E100319,Zoe,Chen,zoe.chen2@giim-test.local,MKT,Senior Analyst,Support Office,Active,2019-10-31,,Full,mei.williams@giim-test.local
E100320,Leo,Martin,leo.martin@giim-test.local,DATA,Coordinator,Support Office,Active,2022-06-03,,Full,hunter.murphy@giim-test.local
E100321,Mia,Robinson,mia.robinson@giim-test.local,CS,Advisor,Support Office,Active,2022-06-21,,Full,grace.brown@giim-test.local
E100322,Noah,Brown,noah.brown@giim-test.local,FIN,Specialist,Support Office,Active,2020-08-15,,Full,olivia.robinson@giim-test.local
E100323,William,Ryan,william.ryan@giim-test.local,CS,Specialist,Support Office,Left,2023-10-10,2025-12-12,Full,grace.brown@giim-test.local
E100324,Matilda,Ryan,matilda.ryan@giim-test.local,MER,Senior Analyst,Support Office,Active,2020-02-29,,Full,mei.kelly@giim-test.local
E100325,Oliver,Singh,oliver.singh@giim-test.local,FIN,Senior Analyst,Support Office,Active,2022-08-08,,Full,olivia.robinson@giim-test.local
E100326,Zoe,Wang,zoe.wang@giim-test.local,OPS,Associate,Support Office,Active,2020-11-17,,Full,liam.wang@giim-test.local
E100327,Liam,Thompson,liam.thompson@giim-test.local,OPS,Team Leader,Support Office,Active,2026-08-07,,Full,liam.wang@giim-test.local
E100328,Cooper,White,cooper.white@giim-test.local,RISK,Officer,Support Office,Active,2026-03-19,,Full,ethan.kaur@giim-test.local
E100329,Isla,Patel,isla.patel2@giim-test.local,FIN,Team Leader,Support Office,Active,2018-06-15,,Full,olivia.robinson@giim-test.local
E100330,Mateo,King,mateo.king2@giim-test.local,EXEC,Team Leader,Support Office,Active,2020-11-15,,Full,harrison.mitchell@giim-test.local
E100331,Harrison,Wilson,harrison.wilson@giim-test.local,SAL,Associate,Support Office,Active,2018-06-29,,Full,olivia.wilson@giim-test.local
E100332,Cooper,Wilson,cooper.wilson@giim-test.local,LOG,Lead,Distribution Centre,Active,2025-06-10,,Full,mei.walker@giim-test.local
E100333,Amelia,Scott,amelia.scott@giim-test.local,MER,Associate,Support Office,Active,2022-12-17,,Full,mei.kelly@giim-test.local
E100334,Cooper,Smith,cooper.smith@giim-test.local,HR,Manager,Support Office,Active,2022-02-01,,Full,hunter.robinson@giim-test.local
E100335,Mei,Nguyen,mei.nguyen2@giim-test.local,HR,Coordinator,Support Office,Active,2021-12-01,,Full,hunter.robinson@giim-test.local
E100336,Nikos,Clarke,nikos.clarke@giim-test.local,MER,Specialist,Support Office,Active,2022-10-07,,Full,mei.kelly@giim-test.local
E100337,Henry,Thompson,henry.thompson@giim-test.local,PROP,Team Leader,Support Office,Active,2019-08-12,,Full,leo.brown@giim-test.local
E100338,Thomas,Patel,thomas.patel@giim-test.local,MKT,Manager,Support Office,Active,2018-11-28,,Full,mei.williams@giim-test.local
E100339,Oliver,Anderson,oliver.anderson@giim-test.local,EXEC,Associate,Support Office,Active,2022-09-28,,Full,harrison.mitchell@giim-test.local
E100340,Arjun,Anderson,arjun.anderson2@giim-test.local,OPS,Lead,Support Office,Active,2023-11-16,,Full,liam.wang@giim-test.local
E100341,William,King,william.king2@giim-test.local,SAL,Analyst,Support Office,Active,2022-11-16,,Full,olivia.wilson@giim-test.local
E100342,Leo,Scott,leo.scott2@giim-test.local,HR,Lead,Support Office,Active,2022-12-26,,Full,hunter.robinson@giim-test.local
E100343,Hunter,Campbell,hunter.campbell2@giim-test.local,SAL,Manager,Support Office,Active,2021-05-25,,Full,olivia.wilson@giim-test.local
E100344,Aisha,Anderson,aisha.anderson@giim-test.local,DATA,Specialist,Support Office,Active,2024-05-17,,Full,hunter.murphy@giim-test.local
E100345,Leo,Thompson,leo.thompson@giim-test.local,MER,Coordinator,Support Office,Active,2016-01-18,,Full,mei.kelly@giim-test.local
E100346,Priya,Scott,priya.scott2@giim-test.local,FAC,Lead,Distribution Centre,Active,2021-02-22,,Full,grace.brown2@giim-test.local
E100347,Sophie,Patel,sophie.patel2@giim-test.local,PROP,Manager,Support Office,Active,2017-12-17,,Full,leo.brown@giim-test.local
E100348,Jack,Thompson,jack.thompson@giim-test.local,PRC,Analyst,Support Office,Active,2018-07-16,,Full,mei.martin@giim-test.local
E100349,Sophie,Mitchell,sophie.mitchell2@giim-test.local,ECOM,Officer,Support Office,Active,2026-03-29,,Full,emily.nguyen@giim-test.local
E100350,Harrison,Johnson,harrison.johnson2@giim-test.local,LOG,Analyst,Distribution Centre,Active,2024-03-09,,Light,mei.walker@giim-test.local
E100351,Priya,Chen,priya.chen2@giim-test.local,EXEC,Lead,Support Office,Active,2020-01-22,,Full,harrison.mitchell@giim-test.local
E100352,Isla,Kelly,isla.kelly@giim-test.local,DATA,Analyst,Support Office,Active,2025-06-18,,Full,hunter.murphy@giim-test.local
E100353,Tane,White,tane.white@giim-test.local,LOG,Analyst,Distribution Centre,Active,2020-03-15,,Light,mei.walker@giim-test.local
E100354,Olivia,Harris,olivia.harris@giim-test.local,LOG,Associate,Distribution Centre,Left,2023-08-08,2026-04-30,Light,mei.walker@giim-test.local
E100355,Mia,Chen,mia.chen@giim-test.local,OPS,Senior Analyst,Support Office,Active,2024-01-16,,Full,liam.wang@giim-test.local
E100356,Zoe,Singh,zoe.singh@giim-test.local,HR,Manager,Support Office,Active,2022-04-26,,Full,hunter.robinson@giim-test.local
E100357,Olivia,Murphy,olivia.murphy@giim-test.local,OPS,Analyst,Support Office,Active,2018-07-09,,Full,liam.wang@giim-test.local
E100358,Hiroshi,King,hiroshi.king@giim-test.local,MER,Specialist,Support Office,Left,2018-12-09,2026-07-12,Full,mei.kelly@giim-test.local
E100359,Nikos,Williams,nikos.williams@giim-test.local,LOG,Manager,Distribution Centre,Leaving,2021-02-17,2026-10-18,Light,mei.walker@giim-test.local
E100360,Ruby,Scott,ruby.scott@giim-test.local,FIN,Analyst,Support Office,Active,2026-01-02,,Full,olivia.robinson@giim-test.local
E100361,Ethan,Kelly,ethan.kelly2@giim-test.local,FAC,Analyst,Distribution Centre,Active,2022-12-22,,Full,grace.brown2@giim-test.local
E100362,Harper,Taylor,harper.taylor@giim-test.local,WHS,Lead,Support Office,Left,2018-06-11,2025-02-08,Full,hiroshi.young@giim-test.local
E100363,Ava,Jones,ava.jones@giim-test.local,LOG,Coordinator,Distribution Centre,Active,2017-03-21,,Light,mei.walker@giim-test.local
E100364,Olivia,Mitchell,olivia.mitchell@giim-test.local,IT,Lead,Support Office,Pending,2026-10-08,,Full,nikos.scott@giim-test.local
E100365,Emily,Campbell,emily.campbell@giim-test.local,PRC,Lead,Support Office,Active,2019-03-12,,Full,mei.martin@giim-test.local
E100366,Grace,Jones,grace.jones@giim-test.local,EXEC,Coordinator,Support Office,Active,2022-08-23,,Full,harrison.mitchell@giim-test.local
E100367,Mei,Anderson,mei.anderson@giim-test.local,PRC,Lead,Support Office,Active,2025-09-09,,Full,mei.martin@giim-test.local
E100368,Mason,Murphy,mason.murphy@giim-test.local,PROP,Associate,Support Office,Active,2024-04-02,,Full,leo.brown@giim-test.local
E100369,Cooper,Murphy,cooper.murphy2@giim-test.local,LEG,Officer,Support Office,Active,2024-09-29,,Full,hiroshi.chen@giim-test.local
E100370,Aisha,Kelly,aisha.kelly@giim-test.local,FIN,Analyst,Support Office,Active,2016-06-28,,Full,olivia.robinson@giim-test.local
E100371,Mei,King,mei.king2@giim-test.local,OPS,Coordinator,Support Office,Pending,2026-10-19,,Full,liam.wang@giim-test.local
E100372,Mateo,Harris,mateo.harris@giim-test.local,CS,Advisor,Support Office,Active,2017-10-04,,Full,grace.brown@giim-test.local
E100373,Cooper,Chen,cooper.chen@giim-test.local,IT,Senior Analyst,Support Office,Active,2021-01-23,,Full,nikos.scott@giim-test.local
E100374,Isla,Smith,isla.smith@giim-test.local,PROP,Senior Analyst,Support Office,Active,2016-12-20,,Full,leo.brown@giim-test.local
E100375,Wei,Walker,wei.walker@giim-test.local,HR,Officer,Support Office,Active,2022-04-02,,Full,hunter.robinson@giim-test.local
E100376,Emily,Martin,emily.martin@giim-test.local,LEG,Specialist,Support Office,Active,2022-04-26,,Full,hiroshi.chen@giim-test.local
E100377,Mason,Lee,mason.lee@giim-test.local,CS,Analyst,Support Office,Active,2021-11-07,,Full,grace.brown@giim-test.local
E100378,Sophie,Ryan,sophie.ryan@giim-test.local,RISK,Lead,Support Office,Active,2016-03-18,,Full,ethan.kaur@giim-test.local
E100379,Lucas,Wilson,lucas.wilson@giim-test.local,SAL,Associate,Support Office,Active,2025-08-31,,Full,olivia.wilson@giim-test.local
E100380,Mateo,Murphy,mateo.murphy@giim-test.local,OPS,Team Leader,Support Office,Active,2026-03-20,,Full,liam.wang@giim-test.local
E100381,Hiroshi,Anderson,hiroshi.anderson2@giim-test.local,ECOM,Advisor,Support Office,Active,2024-05-31,,Full,emily.nguyen@giim-test.local
E100382,Sophie,Anderson,sophie.anderson@giim-test.local,PROP,Officer,Support Office,Leaving,2019-02-06,2026-10-25,Full,leo.brown@giim-test.local
E100383,Mia,Scott,mia.scott@giim-test.local,FAC,Analyst,Distribution Centre,Active,2019-09-21,,Full,grace.brown2@giim-test.local
E100384,Zoe,Taylor,zoe.taylor@giim-test.local,SAL,Specialist,Support Office,Active,2017-09-13,,Full,olivia.wilson@giim-test.local
E100385,Zoe,Martin,zoe.martin@giim-test.local,WHS,Manager,Support Office,Active,2021-03-01,,Full,hiroshi.young@giim-test.local
E100386,Nikos,Patel,nikos.patel@giim-test.local,RISK,Lead,Support Office,Active,2016-12-12,,Full,ethan.kaur@giim-test.local
E100387,Wei,Ryan,wei.ryan@giim-test.local,SC,Coordinator,Distribution Centre,Active,2025-07-16,,Light,matilda.kaur@giim-test.local
E100388,Ava,Mitchell,ava.mitchell@giim-test.local,OPS,Manager,Support Office,Active,2023-01-28,,Full,liam.wang@giim-test.local
E100389,Grace,Campbell,grace.campbell@giim-test.local,PROP,Officer,Support Office,Active,2017-10-01,,Full,leo.brown@giim-test.local
E100390,Ava,Kelly,ava.kelly@giim-test.local,MKT,Associate,Support Office,Left,2016-06-26,2025-05-24,Full,mei.williams@giim-test.local
E100391,Liam,Williams,liam.williams@giim-test.local,RISK,Senior Analyst,Support Office,Active,2023-04-27,,Full,ethan.kaur@giim-test.local
E100392,Thomas,Singh,thomas.singh@giim-test.local,PRC,Manager,Support Office,Active,2025-01-29,,Full,mei.martin@giim-test.local
E100393,Noah,Clarke,noah.clarke@giim-test.local,ECOM,Advisor,Support Office,Left,2017-12-23,2026-04-17,Full,emily.nguyen@giim-test.local
E100394,Tane,Smith,tane.smith@giim-test.local,EXEC,Advisor,Support Office,Active,2017-06-27,,Full,harrison.mitchell@giim-test.local
E100395,James,Ryan,james.ryan@giim-test.local,PRC,Manager,Support Office,Pending,2026-11-07,,Full,mei.martin@giim-test.local
E100396,Hunter,Anderson,hunter.anderson@giim-test.local,WHS,Team Leader,Support Office,Active,2023-04-03,,Full,hiroshi.young@giim-test.local
E100397,Ethan,Jones,ethan.jones@giim-test.local,LOG,Coordinator,Distribution Centre,Active,2017-01-09,,Light,mei.walker@giim-test.local
E100398,Harper,Robinson,harper.robinson@giim-test.local,WHS,Coordinator,Support Office,Left,2019-02-17,2025-11-09,Full,hiroshi.young@giim-test.local
E100399,Henry,Clarke,henry.clarke2@giim-test.local,SAL,Coordinator,Support Office,Active,2023-09-01,,Full,olivia.wilson@giim-test.local
E100400,Nikos,Patel,nikos.patel2@giim-test.local,MER,Officer,Support Office,Active,2024-04-09,,Full,mei.kelly@giim-test.local
E100401,Isla,Murphy,isla.murphy@giim-test.local,IT,Coordinator,Support Office,Active,2016-08-13,,Full,nikos.scott@giim-test.local
E100402,Harrison,Wilson,harrison.wilson2@giim-test.local,EXEC,Associate,Support Office,Active,2018-04-14,,Full,harrison.mitchell@giim-test.local
E100403,Ella,Kelly,ella.kelly@giim-test.local,MKT,Associate,Support Office,Active,2017-03-18,,Full,mei.williams@giim-test.local
E100404,Harper,Lee,harper.lee2@giim-test.local,LEG,Associate,Support Office,Leaving,2021-02-08,2026-10-11,Full,hiroshi.chen@giim-test.local
E100405,Leo,Jones,leo.jones2@giim-test.local,LOG,Coordinator,Distribution Centre,Active,2023-04-24,,Full,mei.walker@giim-test.local
E100406,William,Anderson,william.anderson@giim-test.local,SAL,Team Leader,Support Office,Active,2017-04-30,,Full,olivia.wilson@giim-test.local
E100407,Noah,Wilson,noah.wilson@giim-test.local,ECOM,Manager,Support Office,Left,2016-04-19,2025-03-31,Full,emily.nguyen@giim-test.local
E100408,Ethan,Wang,ethan.wang3@giim-test.local,FAC,Associate,Distribution Centre,Active,2022-09-07,,Light,grace.brown2@giim-test.local
E100409,Noah,Nguyen,noah.nguyen@giim-test.local,SC,Senior Analyst,Distribution Centre,Left,2022-10-09,2025-10-12,Light,matilda.kaur@giim-test.local
E100410,Fatima,Murphy,fatima.murphy3@giim-test.local,FAC,Manager,Distribution Centre,Active,2021-01-06,,Full,grace.brown2@giim-test.local
E100411,Grace,Lee,grace.lee2@giim-test.local,FIN,Senior Analyst,Support Office,Left,2018-10-30,2025-01-31,Full,olivia.robinson@giim-test.local
E100412,Ruby,Anderson,ruby.anderson@giim-test.local,PAY,Associate,Support Office,Active,2025-07-25,,Full,jack.robinson@giim-test.local
E100413,James,Thompson,james.thompson@giim-test.local,IT,Lead,Support Office,Active,2025-08-31,,Full,nikos.scott@giim-test.local
E100414,Grace,Young,grace.young@giim-test.local,RISK,Specialist,Support Office,Pending,2026-10-21,,Full,ethan.kaur@giim-test.local
E100415,Amelia,Johnson,amelia.johnson2@giim-test.local,RISK,Advisor,Support Office,Active,2018-05-07,,Full,ethan.kaur@giim-test.local
E100416,Harrison,Lee,harrison.lee@giim-test.local,ECOM,Team Leader,Support Office,Active,2021-02-11,,Full,emily.nguyen@giim-test.local
E100417,Wei,Thompson,wei.thompson2@giim-test.local,MKT,Coordinator,Support Office,Active,2022-05-19,,Full,mei.williams@giim-test.local
E100418,Ethan,White,ethan.white@giim-test.local,LEG,Manager,Support Office,Active,2026-08-19,,Full,hiroshi.chen@giim-test.local
E100419,Noah,Thompson,noah.thompson2@giim-test.local,EXEC,Senior Analyst,Support Office,Active,2025-06-14,,Full,harrison.mitchell@giim-test.local
E100420,Ruby,Clarke,ruby.clarke@giim-test.local,SC,Coordinator,Distribution Centre,Active,2023-12-18,,Light,matilda.kaur@giim-test.local
E100421,Matilda,Wilson,matilda.wilson3@giim-test.local,LEG,Officer,Support Office,Active,2017-06-18,,Full,hiroshi.chen@giim-test.local
E100422,Ava,Walker,ava.walker@giim-test.local,FAC,Advisor,Distribution Centre,Active,2018-02-17,,Light,grace.brown2@giim-test.local
E100423,Ruby,Wang,ruby.wang@giim-test.local,MKT,Team Leader,Support Office,Leaving,2024-12-30,2026-10-22,Full,mei.williams@giim-test.local
E100424,Grace,Robinson,grace.robinson@giim-test.local,DATA,Specialist,Support Office,Active,2019-09-06,,Full,hunter.murphy@giim-test.local
E100425,Fatima,Patel,fatima.patel2@giim-test.local,SAL,Manager,Support Office,Active,2022-08-29,,Full,olivia.wilson@giim-test.local
E100426,Chloe,Ryan,chloe.ryan2@giim-test.local,CS,Lead,Support Office,Left,2021-11-29,2025-08-25,Full,grace.brown@giim-test.local
E100427,Liam,Nguyen,liam.nguyen@giim-test.local,SAL,Coordinator,Support Office,Active,2021-06-22,,Full,olivia.wilson@giim-test.local
E100428,Ruby,Mitchell,ruby.mitchell@giim-test.local,SC,Officer,Distribution Centre,Active,2017-05-09,,Light,matilda.kaur@giim-test.local
E100429,Ruby,Harris,ruby.harris2@giim-test.local,LOG,Coordinator,Distribution Centre,Active,2025-10-08,,Full,mei.walker@giim-test.local
E100430,Leo,Jones,leo.jones3@giim-test.local,IT,Advisor,Support Office,Active,2021-11-02,,Full,nikos.scott@giim-test.local
E100431,Fatima,Anderson,fatima.anderson@giim-test.local,RISK,Advisor,Support Office,Active,2022-12-13,,Full,ethan.kaur@giim-test.local
E100432,Isla,Anderson,isla.anderson@giim-test.local,CS,Associate,Support Office,Active,2026-06-22,,Full,grace.brown@giim-test.local
E100433,William,White,william.white@giim-test.local,WHS,Advisor,Support Office,Active,2025-01-13,,Full,hiroshi.young@giim-test.local
E100434,Liam,Kaur,liam.kaur@giim-test.local,HR,Lead,Support Office,Active,2024-11-03,,Full,hunter.robinson@giim-test.local
E100435,Thomas,Martin,thomas.martin2@giim-test.local,LOG,Team Leader,Distribution Centre,Active,2017-11-26,,Light,mei.walker@giim-test.local
E100436,Hunter,Brown,hunter.brown@giim-test.local,WHS,Analyst,Support Office,Active,2020-12-27,,Full,hiroshi.young@giim-test.local
E100437,Leo,Mitchell,leo.mitchell@giim-test.local,PRC,Coordinator,Support Office,Active,2022-05-27,,Full,mei.martin@giim-test.local
E100438,Mei,Brown,mei.brown@giim-test.local,PAY,Associate,Support Office,Active,2021-04-20,,Full,jack.robinson@giim-test.local
E100439,Wei,Martin,wei.martin@giim-test.local,PRC,Analyst,Support Office,Active,2021-04-14,,Full,mei.martin@giim-test.local
E100440,Nikos,Harris,nikos.harris@giim-test.local,EXEC,Manager,Support Office,Active,2016-06-01,,Full,harrison.mitchell@giim-test.local
E100441,Lucas,Nguyen,lucas.nguyen@giim-test.local,PRC,Analyst,Support Office,Active,2020-12-09,,Full,mei.martin@giim-test.local
E100442,Ella,King,ella.king@giim-test.local,PROP,Team Leader,Support Office,Active,2023-12-22,,Full,leo.brown@giim-test.local
E100443,Tane,Nguyen,tane.nguyen2@giim-test.local,IT,Lead,Support Office,Active,2021-11-15,,Full,nikos.scott@giim-test.local
E100444,Fatima,King,fatima.king@giim-test.local,PROP,Specialist,Support Office,Active,2019-02-09,,Full,leo.brown@giim-test.local
E100445,Oliver,Robinson,oliver.robinson@giim-test.local,LEG,Advisor,Support Office,Active,2017-02-27,,Full,hiroshi.chen@giim-test.local
E100446,Leo,Patel,leo.patel@giim-test.local,LOG,Analyst,Distribution Centre,Active,2021-02-21,,Light,mei.walker@giim-test.local
E100447,Noah,Jones,noah.jones@giim-test.local,FIN,Team Leader,Support Office,Pending,2026-10-16,,Full,olivia.robinson@giim-test.local
E100448,Hunter,Walker,hunter.walker3@giim-test.local,LOG,Team Leader,Distribution Centre,Active,2018-04-17,,Light,mei.walker@giim-test.local
E100449,Ethan,King,ethan.king@giim-test.local,PAY,Advisor,Support Office,Active,2024-11-24,,Full,jack.robinson@giim-test.local
E100450,Leo,Chen,leo.chen2@giim-test.local,MER,Senior Analyst,Support Office,Active,2021-05-16,,Full,mei.kelly@giim-test.local
E100451,Amelia,Young,amelia.young@giim-test.local,MER,Officer,Support Office,Active,2024-11-06,,Full,mei.kelly@giim-test.local
E100452,Harrison,Thompson,harrison.thompson@giim-test.local,FIN,Lead,Support Office,Active,2025-06-18,,Full,olivia.robinson@giim-test.local
E100453,Jack,Jones,jack.jones@giim-test.local,LOG,Specialist,Distribution Centre,Active,2023-10-18,,Full,mei.walker@giim-test.local
E100454,Oliver,Johnson,oliver.johnson@giim-test.local,OPS,Senior Analyst,Support Office,Active,2017-09-15,,Full,liam.wang@giim-test.local
E100455,Chloe,Walker,chloe.walker2@giim-test.local,LOG,Team Leader,Distribution Centre,Active,2018-03-15,,Light,mei.walker@giim-test.local
E100456,Fatima,Walker,fatima.walker@giim-test.local,PROP,Lead,Support Office,Active,2020-05-02,,Full,leo.brown@giim-test.local
E100457,Emily,Wang,emily.wang@giim-test.local,RISK,Analyst,Support Office,Leaving,2025-06-26,2026-10-18,Full,ethan.kaur@giim-test.local
E100458,Mia,Young,mia.young@giim-test.local,WHS,Advisor,Support Office,Active,2024-01-28,,Full,hiroshi.young@giim-test.local
E100459,Isla,Brown,isla.brown@giim-test.local,ECOM,Lead,Support Office,Active,2025-12-29,,Full,emily.nguyen@giim-test.local
E100460,Hunter,Scott,hunter.scott@giim-test.local,LEG,Coordinator,Support Office,Active,2019-02-28,,Full,hiroshi.chen@giim-test.local
E100461,Ruby,Clarke,ruby.clarke2@giim-test.local,LOG,Officer,Distribution Centre,Active,2020-05-30,,Full,mei.walker@giim-test.local
E100462,Emily,Williams,emily.williams@giim-test.local,FIN,Coordinator,Support Office,Active,2024-03-29,,Full,olivia.robinson@giim-test.local
E100463,Emily,King,emily.king@giim-test.local,MKT,Manager,Support Office,Active,2020-07-22,,Full,mei.williams@giim-test.local
E100464,Charlotte,Smith,charlotte.smith2@giim-test.local,LOG,Lead,Distribution Centre,Active,2022-03-25,,Light,mei.walker@giim-test.local
E100465,Ruby,Harris,ruby.harris3@giim-test.local,RISK,Coordinator,Support Office,Active,2018-01-14,,Full,ethan.kaur@giim-test.local
E100466,Harper,Thompson,harper.thompson@giim-test.local,IT,Coordinator,Support Office,Active,2017-06-16,,Full,nikos.scott@giim-test.local
E100467,Henry,Brown,henry.brown@giim-test.local,PROP,Advisor,Support Office,Active,2016-11-23,,Full,leo.brown@giim-test.local
E100468,Liam,Chen,liam.chen2@giim-test.local,SAL,Officer,Support Office,Active,2020-11-15,,Full,olivia.wilson@giim-test.local
E100469,Emily,Clarke,emily.clarke@giim-test.local,PRC,Officer,Support Office,Active,2016-02-10,,Full,mei.martin@giim-test.local
E100470,Sophie,Smith,sophie.smith@giim-test.local,MER,Senior Analyst,Support Office,Active,2024-03-15,,Full,mei.kelly@giim-test.local
E100471,Chloe,Anderson,chloe.anderson@giim-test.local,LOG,Advisor,Distribution Centre,Active,2021-05-02,,Full,mei.walker@giim-test.local
E100472,Zoe,Wilson,zoe.wilson@giim-test.local,CS,Lead,Support Office,Left,2025-11-02,2025-11-03,Full,grace.brown@giim-test.local
E100473,Mateo,Scott,mateo.scott@giim-test.local,ECOM,Coordinator,Support Office,Active,2024-08-04,,Full,emily.nguyen@giim-test.local
E100474,Aisha,Clarke,aisha.clarke@giim-test.local,HR,Senior Analyst,Support Office,Active,2017-10-11,,Full,hunter.robinson@giim-test.local
E100475,Wei,Johnson,wei.johnson2@giim-test.local,CS,Advisor,Support Office,Active,2023-03-30,,Full,grace.brown@giim-test.local
E100476,Mei,Lee,mei.lee2@giim-test.local,SAL,Associate,Support Office,Active,2024-10-13,,Full,olivia.wilson@giim-test.local
E100477,Nikos,Singh,nikos.singh@giim-test.local,MKT,Senior Analyst,Support Office,Active,2026-03-17,,Full,mei.williams@giim-test.local
E100478,Wei,Lee,wei.lee@giim-test.local,LOG,Team Leader,Distribution Centre,Active,2018-04-07,,Light,mei.walker@giim-test.local
E100479,Ruby,King,ruby.king2@giim-test.local,LEG,Manager,Support Office,Active,2016-12-10,,Full,hiroshi.chen@giim-test.local
E100480,Amelia,Martin,amelia.martin@giim-test.local,MKT,Senior Analyst,Support Office,Active,2018-10-26,,Full,mei.williams@giim-test.local
E100481,Arjun,Taylor,arjun.taylor2@giim-test.local,RISK,Team Leader,Support Office,Active,2023-10-03,,Full,ethan.kaur@giim-test.local
E100482,James,Brown,james.brown@giim-test.local,FIN,Team Leader,Support Office,Active,2022-06-25,,Full,olivia.robinson@giim-test.local
E100483,Harper,Kaur,harper.kaur@giim-test.local,IT,Officer,Support Office,Active,2021-07-15,,Full,nikos.scott@giim-test.local
E100484,Olivia,Nguyen,olivia.nguyen2@giim-test.local,LEG,Advisor,Support Office,Pending,2026-10-17,,Full,hiroshi.chen@giim-test.local
E100485,Matilda,Anderson,matilda.anderson@giim-test.local,MER,Lead,Support Office,Active,2018-04-10,,Full,mei.kelly@giim-test.local
E100486,Hunter,Wang,hunter.wang@giim-test.local,RISK,Manager,Support Office,Active,2020-12-02,,Full,ethan.kaur@giim-test.local
E100487,Mei,Patel,mei.patel@giim-test.local,HR,Manager,Support Office,Active,2024-04-15,,Full,hunter.robinson@giim-test.local
E100488,Amelia,Jones,amelia.jones@giim-test.local,LOG,Officer,Distribution Centre,Active,2026-04-04,,Full,mei.walker@giim-test.local
E100489,Ella,Jones,ella.jones@giim-test.local,PROP,Team Leader,Support Office,Active,2026-03-06,,Full,leo.brown@giim-test.local
E100490,Arjun,Scott,arjun.scott@giim-test.local,MER,Officer,Support Office,Active,2023-06-30,,Full,mei.kelly@giim-test.local
E100491,Lucas,Singh,lucas.singh2@giim-test.local,LEG,Specialist,Support Office,Active,2022-09-28,,Full,hiroshi.chen@giim-test.local
E100492,Ethan,Jones,ethan.jones2@giim-test.local,MKT,Manager,Support Office,Active,2021-10-04,,Full,mei.williams@giim-test.local
E100493,Liam,Kaur,liam.kaur2@giim-test.local,LEG,Advisor,Support Office,Active,2020-09-05,,Full,hiroshi.chen@giim-test.local
E100494,Emily,King,emily.king2@giim-test.local,MER,Coordinator,Support Office,Active,2021-10-26,,Full,mei.kelly@giim-test.local
E100495,Wei,Murphy,wei.murphy2@giim-test.local,LOG,Analyst,Distribution Centre,Active,2025-05-25,,Light,mei.walker@giim-test.local
E100496,Arjun,Brown,arjun.brown@giim-test.local,LEG,Manager,Support Office,Left,2020-03-26,2026-07-05,Full,hiroshi.chen@giim-test.local
E100497,Harper,Scott,harper.scott@giim-test.local,MKT,Lead,Support Office,Active,2018-01-09,,Full,mei.williams@giim-test.local
E100498,Emily,Patel,emily.patel2@giim-test.local,FAC,Advisor,Distribution Centre,Active,2019-11-08,,Light,grace.brown2@giim-test.local
E100499,Aisha,Johnson,aisha.johnson2@giim-test.local,LEG,Analyst,Support Office,Active,2016-07-21,,Full,hiroshi.chen@giim-test.local
E100500,Tane,Williams,tane.williams@giim-test.local,CS,Senior Analyst,Support Office,Active,2021-05-24,,Full,grace.brown@giim-test.local
E100501,James,Harris,james.harris@giim-test.local,PROP,Senior Analyst,Support Office,Active,2022-04-23,,Full,leo.brown@giim-test.local
E100502,Sophie,Chen,sophie.chen@giim-test.local,WHS,Team Leader,Support Office,Active,2021-11-13,,Full,hiroshi.young@giim-test.local
E100503,Mei,Johnson,mei.johnson@giim-test.local,CS,Manager,Support Office,Left,2019-04-12,2025-02-06,Full,grace.brown@giim-test.local
E100504,Arjun,Wang,arjun.wang@giim-test.local,FIN,Officer,Support Office,Active,2025-01-22,,Full,olivia.robinson@giim-test.local
E100505,Matilda,Scott,matilda.scott@giim-test.local,HR,Analyst,Support Office,Active,2021-05-29,,Full,hunter.robinson@giim-test.local
E100506,Matilda,Scott,matilda.scott2@giim-test.local,IT,Team Leader,Support Office,Active,2017-01-20,,Full,nikos.scott@giim-test.local
E100507,Liam,Wilson,liam.wilson2@giim-test.local,FAC,Officer,Distribution Centre,Active,2017-10-16,,Light,grace.brown2@giim-test.local
E100508,Cooper,King,cooper.king@giim-test.local,PROP,Senior Analyst,Support Office,Active,2023-11-22,,Full,leo.brown@giim-test.local
E100509,Olivia,Smith,olivia.smith@giim-test.local,EXEC,Advisor,Support Office,Active,2018-07-04,,Full,harrison.mitchell@giim-test.local
E100510,Olivia,Young,olivia.young@giim-test.local,LOG,Analyst,Distribution Centre,Active,2016-10-02,,Full,mei.walker@giim-test.local
E100511,Ruby,Wilson,ruby.wilson@giim-test.local,MKT,Associate,Support Office,Active,2025-01-12,,Full,mei.williams@giim-test.local
E100512,Wei,Williams,wei.williams@giim-test.local,RISK,Associate,Support Office,Active,2020-12-25,,Full,ethan.kaur@giim-test.local
E100513,Ella,Wilson,ella.wilson@giim-test.local,FAC,Lead,Distribution Centre,Active,2025-09-13,,Light,grace.brown2@giim-test.local
E100514,Zoe,Kelly,zoe.kelly@giim-test.local,MKT,Advisor,Support Office,Left,2016-11-18,2025-10-14,Full,mei.williams@giim-test.local
E100515,Mei,Lee,mei.lee3@giim-test.local,SAL,Officer,Support Office,Active,2016-06-09,,Full,olivia.wilson@giim-test.local
E100516,Arjun,Young,arjun.young@giim-test.local,PAY,Associate,Support Office,Active,2018-07-29,,Full,jack.robinson@giim-test.local
E100517,Arjun,Williams,arjun.williams@giim-test.local,MKT,Team Leader,Support Office,Active,2019-05-05,,Full,mei.williams@giim-test.local
E100518,Chloe,Martin,chloe.martin@giim-test.local,RISK,Senior Analyst,Support Office,Active,2016-09-10,,Full,ethan.kaur@giim-test.local
E100519,Mason,Lee,mason.lee2@giim-test.local,FAC,Specialist,Distribution Centre,Active,2021-04-23,,Light,grace.brown2@giim-test.local
E100520,Chloe,Patel,chloe.patel@giim-test.local,HR,Coordinator,Support Office,Active,2021-01-04,,Full,hunter.robinson@giim-test.local
E100521,Mei,King,mei.king3@giim-test.local,HR,Lead,Support Office,Left,2020-01-26,2026-02-28,Full,hunter.robinson@giim-test.local
E100522,Amelia,Johnson,amelia.johnson3@giim-test.local,PROP,Advisor,Support Office,Left,2016-11-10,2025-02-23,Full,leo.brown@giim-test.local
E100523,Chloe,Brown,chloe.brown2@giim-test.local,PROP,Manager,Support Office,Active,2020-06-24,,Full,leo.brown@giim-test.local
E100524,Charlotte,Clarke,charlotte.clarke@giim-test.local,SAL,Specialist,Support Office,Pending,2026-10-18,,Full,olivia.wilson@giim-test.local
E100525,Henry,Lee,henry.lee4@giim-test.local,MER,Specialist,Support Office,Active,2021-02-15,,Full,mei.kelly@giim-test.local
E100526,Priya,King,priya.king2@giim-test.local,FIN,Coordinator,Support Office,Active,2017-01-21,,Full,olivia.robinson@giim-test.local
E100527,Ethan,Robinson,ethan.robinson@giim-test.local,SAL,Manager,Support Office,Active,2025-03-04,,Full,olivia.wilson@giim-test.local
E100528,Sophie,Wang,sophie.wang@giim-test.local,CS,Coordinator,Support Office,Active,2024-11-30,,Full,grace.brown@giim-test.local
E100529,Isla,White,isla.white@giim-test.local,PRC,Analyst,Support Office,Active,2025-08-08,,Full,mei.martin@giim-test.local
E100530,Thomas,Wang,thomas.wang@giim-test.local,CS,Officer,Support Office,Leaving,2019-04-18,2026-10-08,Full,grace.brown@giim-test.local
E100531,Mason,Wang,mason.wang@giim-test.local,DATA,Lead,Support Office,Active,2016-09-22,,Full,hunter.murphy@giim-test.local
E100532,William,Nguyen,william.nguyen@giim-test.local,PRC,Associate,Support Office,Active,2026-01-23,,Full,mei.martin@giim-test.local
E100533,Harrison,Wang,harrison.wang@giim-test.local,LEG,Team Leader,Support Office,Active,2022-03-16,,Full,hiroshi.chen@giim-test.local
E100534,Emily,Nguyen,emily.nguyen2@giim-test.local,FIN,Lead,Support Office,Active,2017-12-19,,Full,olivia.robinson@giim-test.local
E100535,Wei,Robinson,wei.robinson@giim-test.local,IT,Manager,Support Office,Active,2023-02-19,,Full,nikos.scott@giim-test.local
E100536,Harrison,White,harrison.white2@giim-test.local,HR,Advisor,Support Office,Active,2018-05-08,,Full,hunter.robinson@giim-test.local
E100537,Ruby,Murphy,ruby.murphy@giim-test.local,LOG,Analyst,Distribution Centre,Active,2025-09-09,,Light,mei.walker@giim-test.local
E100538,Lucas,Williams,lucas.williams4@giim-test.local,LEG,Officer,Support Office,Active,2024-05-02,,Full,hiroshi.chen@giim-test.local
E100539,Jack,Patel,jack.patel@giim-test.local,DATA,Manager,Support Office,Active,2016-01-17,,Full,hunter.murphy@giim-test.local
E100540,Thomas,Wang,thomas.wang2@giim-test.local,SC,Team Leader,Distribution Centre,Active,2026-02-08,,Light,matilda.kaur@giim-test.local
E100541,Aisha,Clarke,aisha.clarke2@giim-test.local,SC,Associate,Distribution Centre,Active,2021-01-28,,Full,matilda.kaur@giim-test.local
E100542,Mei,White,mei.white2@giim-test.local,FIN,Senior Analyst,Support Office,Active,2024-06-24,,Full,olivia.robinson@giim-test.local
E100543,Amelia,Jones,amelia.jones2@giim-test.local,IT,Lead,Support Office,Leaving,2022-12-18,2026-10-30,Full,nikos.scott@giim-test.local
E100544,Wei,Walker,wei.walker2@giim-test.local,FIN,Officer,Support Office,Active,2019-08-18,,Full,olivia.robinson@giim-test.local
E100545,Noah,Walker,noah.walker2@giim-test.local,ECOM,Team Leader,Support Office,Active,2025-03-10,,Full,emily.nguyen@giim-test.local
E100546,Hiroshi,Robinson,hiroshi.robinson@giim-test.local,PROP,Associate,Support Office,Active,2018-12-23,,Full,leo.brown@giim-test.local
E100547,Wei,Kaur,wei.kaur2@giim-test.local,SC,Lead,Distribution Centre,Active,2022-10-07,,Full,matilda.kaur@giim-test.local
E100548,Emily,Martin,emily.martin2@giim-test.local,MER,Senior Analyst,Support Office,Active,2021-01-03,,Full,mei.kelly@giim-test.local
E100549,Mia,Thompson,mia.thompson@giim-test.local,MER,Manager,Support Office,Active,2022-02-19,,Full,mei.kelly@giim-test.local
E100550,Tane,Clarke,tane.clarke@giim-test.local,SC,Analyst,Distribution Centre,Active,2017-11-18,,Full,matilda.kaur@giim-test.local
E100551,Mia,King,mia.king@giim-test.local,ECOM,Associate,Support Office,Active,2018-09-28,,Full,emily.nguyen@giim-test.local
E100552,Wei,Lee,wei.lee2@giim-test.local,RISK,Specialist,Support Office,Active,2018-03-14,,Full,ethan.kaur@giim-test.local
E100553,Ella,Thompson,ella.thompson@giim-test.local,EXEC,Officer,Support Office,Leaving,2022-06-28,2026-10-16,Full,harrison.mitchell@giim-test.local
E100554,Hunter,King,hunter.king@giim-test.local,FIN,Advisor,Support Office,Left,2019-12-23,2025-06-22,Full,olivia.robinson@giim-test.local
E100555,Wei,Clarke,wei.clarke@giim-test.local,MER,Analyst,Support Office,Active,2023-01-18,,Full,mei.kelly@giim-test.local
E100556,Wei,Mitchell,wei.mitchell@giim-test.local,FIN,Specialist,Support Office,Active,2023-08-03,,Full,olivia.robinson@giim-test.local
E100557,Mason,Chen,mason.chen@giim-test.local,RISK,Analyst,Support Office,Active,2019-09-08,,Full,ethan.kaur@giim-test.local
E100558,Oliver,Murphy,oliver.murphy@giim-test.local,LEG,Specialist,Support Office,Active,2024-01-31,,Full,hiroshi.chen@giim-test.local
E100559,Mason,Wilson,mason.wilson@giim-test.local,ECOM,Senior Analyst,Support Office,Active,2022-04-24,,Full,emily.nguyen@giim-test.local
E100560,Sophie,Scott,sophie.scott@giim-test.local,ECOM,Lead,Support Office,Active,2024-05-18,,Full,emily.nguyen@giim-test.local
E100561,Mateo,Kelly,mateo.kelly@giim-test.local,EXEC,Senior Analyst,Support Office,Active,2018-03-13,,Full,harrison.mitchell@giim-test.local
E100562,Matilda,Anderson,matilda.anderson2@giim-test.local,DATA,Lead,Support Office,Active,2024-02-01,,Full,hunter.murphy@giim-test.local
E100563,Thomas,Nguyen,thomas.nguyen2@giim-test.local,CS,Analyst,Support Office,Active,2019-11-16,,Full,grace.brown@giim-test.local
E100564,Noah,Chen,noah.chen@giim-test.local,FAC,Associate,Distribution Centre,Active,2021-03-15,,Full,grace.brown2@giim-test.local
E100565,James,Patel,james.patel@giim-test.local,CS,Specialist,Support Office,Active,2025-05-13,,Full,grace.brown@giim-test.local
E100566,Cooper,Patel,cooper.patel@giim-test.local,EXEC,Manager,Support Office,Active,2020-08-23,,Full,harrison.mitchell@giim-test.local
E100567,Aisha,Singh,aisha.singh@giim-test.local,FIN,Analyst,Support Office,Active,2016-01-03,,Full,olivia.robinson@giim-test.local
E100568,Aisha,Taylor,aisha.taylor@giim-test.local,HR,Lead,Support Office,Active,2017-12-16,,Full,hunter.robinson@giim-test.local
E100569,Harper,Clarke,harper.clarke@giim-test.local,PAY,Coordinator,Support Office,Active,2024-09-10,,Full,jack.robinson@giim-test.local
E100570,Olivia,King,olivia.king@giim-test.local,CS,Advisor,Support Office,Active,2019-09-07,,Full,grace.brown@giim-test.local
E100571,Mateo,Kelly,mateo.kelly2@giim-test.local,FIN,Coordinator,Support Office,Active,2020-06-28,,Full,olivia.robinson@giim-test.local
E100572,Nikos,Chen,nikos.chen@giim-test.local,WHS,Coordinator,Support Office,Active,2026-01-21,,Full,hiroshi.young@giim-test.local
E100573,Noah,Johnson,noah.johnson2@giim-test.local,OPS,Senior Analyst,Support Office,Active,2020-09-14,,Full,liam.wang@giim-test.local
E100574,Leo,Lee,leo.lee@giim-test.local,WHS,Senior Analyst,Support Office,Active,2023-11-16,,Full,hiroshi.young@giim-test.local
E100575,Amelia,Murphy,amelia.murphy@giim-test.local,PAY,Associate,Support Office,Pending,2026-10-29,,Full,jack.robinson@giim-test.local
E100576,Mateo,Young,mateo.young@giim-test.local,WHS,Manager,Support Office,Active,2026-04-01,,Full,hiroshi.young@giim-test.local
E100577,Arjun,Clarke,arjun.clarke@giim-test.local,LOG,Advisor,Distribution Centre,Pending,2026-10-19,,Light,mei.walker@giim-test.local
E100578,Sophie,Wang,sophie.wang2@giim-test.local,SC,Manager,Distribution Centre,Active,2016-05-24,,Light,matilda.kaur@giim-test.local
E100579,Hunter,Johnson,hunter.johnson@giim-test.local,WHS,Manager,Support Office,Active,2019-03-29,,Full,hiroshi.young@giim-test.local
E100580,Aisha,Lee,aisha.lee@giim-test.local,FAC,Senior Analyst,Distribution Centre,Active,2018-10-25,,Light,grace.brown2@giim-test.local
E100581,Ruby,Anderson,ruby.anderson2@giim-test.local,LEG,Lead,Support Office,Active,2017-06-23,,Full,hiroshi.chen@giim-test.local
E100582,Leo,Wang,leo.wang@giim-test.local,IT,Manager,Support Office,Active,2023-12-02,,Full,nikos.scott@giim-test.local
E100583,James,Clarke,james.clarke2@giim-test.local,MER,Analyst,Support Office,Leaving,2022-04-23,2026-10-12,Full,mei.kelly@giim-test.local
E100584,Lucas,Scott,lucas.scott@giim-test.local,OPS,Officer,Support Office,Active,2016-11-14,,Full,liam.wang@giim-test.local
E100585,Charlotte,Singh,charlotte.singh@giim-test.local,MKT,Coordinator,Support Office,Active,2017-04-02,,Full,mei.williams@giim-test.local
E100586,Mia,Walker,mia.walker@giim-test.local,HR,Senior Analyst,Support Office,Active,2021-04-26,,Full,hunter.robinson@giim-test.local
E100587,Thomas,Smith,thomas.smith3@giim-test.local,LOG,Analyst,Distribution Centre,Active,2017-05-31,,Full,mei.walker@giim-test.local
E100588,Fatima,Robinson,fatima.robinson@giim-test.local,DATA,Manager,Support Office,Left,2026-06-26,2025-05-06,Full,hunter.murphy@giim-test.local
E100589,Arjun,Wang,arjun.wang2@giim-test.local,MER,Specialist,Support Office,Active,2024-08-08,,Full,mei.kelly@giim-test.local
E100590,Harrison,Ryan,harrison.ryan2@giim-test.local,LOG,Specialist,Distribution Centre,Active,2025-09-23,,Light,mei.walker@giim-test.local
E100591,Thomas,Nguyen,thomas.nguyen3@giim-test.local,PROP,Advisor,Support Office,Active,2021-03-17,,Full,leo.brown@giim-test.local
E100592,Zoe,Smith,zoe.smith@giim-test.local,CS,Analyst,Support Office,Active,2016-02-29,,Full,grace.brown@giim-test.local
E100593,Charlotte,Mitchell,charlotte.mitchell@giim-test.local,IT,Analyst,Support Office,Active,2024-03-20,,Full,nikos.scott@giim-test.local
E100594,Arjun,Scott,arjun.scott2@giim-test.local,LOG,Team Leader,Distribution Centre,Active,2019-10-17,,Light,mei.walker@giim-test.local
E100595,Hunter,Ryan,hunter.ryan@giim-test.local,PRC,Senior Analyst,Support Office,Active,2017-08-07,,Full,mei.martin@giim-test.local
E100596,William,Ryan,william.ryan2@giim-test.local,RISK,Officer,Support Office,Active,2021-03-11,,Full,ethan.kaur@giim-test.local
E100597,Jack,White,jack.white@giim-test.local,HR,Associate,Support Office,Pending,2026-11-12,,Full,hunter.robinson@giim-test.local
E100598,Matilda,Brown,matilda.brown2@giim-test.local,LOG,Lead,Distribution Centre,Active,2019-04-04,,Full,mei.walker@giim-test.local
E100599,Aisha,Nguyen,aisha.nguyen2@giim-test.local,ECOM,Coordinator,Support Office,Active,2020-01-09,,Full,emily.nguyen@giim-test.local
E100600,Arjun,Chen,arjun.chen2@giim-test.local,DATA,Coordinator,Support Office,Active,2016-03-15,,Full,hunter.murphy@giim-test.local
E100601,Arjun,Harris,arjun.harris@giim-test.local,IT,Team Leader,Support Office,Active,2026-04-29,,Full,nikos.scott@giim-test.local
E100602,Noah,Robinson,noah.robinson@giim-test.local,PROP,Senior Analyst,Support Office,Active,2016-04-24,,Full,leo.brown@giim-test.local
E100603,Sophie,Martin,sophie.martin@giim-test.local,FAC,Manager,Distribution Centre,Active,2024-07-01,,Light,grace.brown2@giim-test.local
E100604,James,Scott,james.scott@giim-test.local,ECOM,Lead,Support Office,Active,2018-11-07,,Full,emily.nguyen@giim-test.local
E100605,Grace,Wilson,grace.wilson@giim-test.local,IT,Specialist,Support Office,Active,2025-08-27,,Full,nikos.scott@giim-test.local
E100606,Fatima,Kaur,fatima.kaur@giim-test.local,PRC,Senior Analyst,Support Office,Active,2023-08-11,,Full,mei.martin@giim-test.local
E100607,Harrison,Patel,harrison.patel2@giim-test.local,RISK,Specialist,Support Office,Active,2017-10-27,,Full,ethan.kaur@giim-test.local
E100608,Harrison,Williams,harrison.williams2@giim-test.local,ECOM,Lead,Support Office,Active,2020-05-19,,Full,emily.nguyen@giim-test.local
E100609,Jack,Lee,jack.lee@giim-test.local,FAC,Officer,Distribution Centre,Left,2022-03-20,2026-05-09,Light,grace.brown2@giim-test.local
E100610,Jack,Lee,jack.lee2@giim-test.local,SC,Specialist,Distribution Centre,Active,2018-11-09,,Light,matilda.kaur@giim-test.local
E100611,Olivia,Johnson,olivia.johnson2@giim-test.local,LOG,Officer,Distribution Centre,Active,2018-03-02,,Light,mei.walker@giim-test.local
E100612,Cooper,Patel,cooper.patel2@giim-test.local,IT,Officer,Support Office,Active,2022-11-14,,Full,nikos.scott@giim-test.local
E100613,Zoe,Campbell,zoe.campbell@giim-test.local,PAY,Senior Analyst,Support Office,Active,2023-09-15,,Full,jack.robinson@giim-test.local
E100614,William,Clarke,william.clarke@giim-test.local,EXEC,Lead,Support Office,Active,2023-08-14,,Full,harrison.mitchell@giim-test.local
E100615,Lucas,King,lucas.king@giim-test.local,SC,Manager,Distribution Centre,Pending,2026-10-25,,Full,matilda.kaur@giim-test.local
E100616,Isla,Lee,isla.lee@giim-test.local,FAC,Officer,Distribution Centre,Active,2025-01-03,,Full,grace.brown2@giim-test.local
E100617,Arjun,Murphy,arjun.murphy@giim-test.local,SAL,Analyst,Support Office,Active,2025-03-17,,Full,olivia.wilson@giim-test.local
E100618,Oliver,Wilson,oliver.wilson@giim-test.local,PROP,Officer,Support Office,Active,2018-03-15,,Full,leo.brown@giim-test.local
E100619,Ava,Johnson,ava.johnson@giim-test.local,LEG,Manager,Support Office,Active,2024-02-15,,Full,hiroshi.chen@giim-test.local
E100620,Leo,Young,leo.young@giim-test.local,PRC,Officer,Support Office,Active,2016-04-13,,Full,mei.martin@giim-test.local
E100621,Hiroshi,Anderson,hiroshi.anderson3@giim-test.local,PRC,Lead,Support Office,Active,2022-09-09,,Full,mei.martin@giim-test.local
E100622,Sophie,Wang,sophie.wang3@giim-test.local,FAC,Analyst,Distribution Centre,Active,2021-05-29,,Light,grace.brown2@giim-test.local
E100623,Chloe,Mitchell,chloe.mitchell@giim-test.local,MER,Manager,Support Office,Active,2016-02-03,,Full,mei.kelly@giim-test.local
E100624,Leo,Campbell,leo.campbell@giim-test.local,PAY,Advisor,Support Office,Active,2022-03-22,,Full,jack.robinson@giim-test.local
E100625,Oliver,Thompson,oliver.thompson@giim-test.local,SAL,Advisor,Support Office,Active,2026-02-06,,Full,olivia.wilson@giim-test.local
E100626,Harrison,Brown,harrison.brown@giim-test.local,OPS,Officer,Support Office,Active,2022-04-28,,Full,liam.wang@giim-test.local
E100627,Fatima,Nguyen,fatima.nguyen@giim-test.local,EXEC,Associate,Support Office,Active,2018-03-31,,Full,harrison.mitchell@giim-test.local
E100628,Cooper,Smith,cooper.smith2@giim-test.local,WHS,Analyst,Support Office,Active,2023-04-24,,Full,hiroshi.young@giim-test.local
E100629,Leo,Wang,leo.wang2@giim-test.local,OPS,Manager,Support Office,Active,2021-12-11,,Full,liam.wang@giim-test.local
E100630,Henry,Taylor,henry.taylor2@giim-test.local,CS,Advisor,Support Office,Active,2025-07-02,,Full,grace.brown@giim-test.local
E100631,Emily,Taylor,emily.taylor@giim-test.local,SC,Lead,Distribution Centre,Active,2024-03-31,,Full,matilda.kaur@giim-test.local
E100632,Wei,Martin,wei.martin2@giim-test.local,PRC,Coordinator,Support Office,Active,2016-12-14,,Full,mei.martin@giim-test.local
E100633,Tane,Smith,tane.smith2@giim-test.local,PRC,Advisor,Support Office,Active,2025-06-28,,Full,mei.martin@giim-test.local
E100634,Priya,White,priya.white2@giim-test.local,RISK,Lead,Support Office,Active,2022-07-21,,Full,ethan.kaur@giim-test.local
E100635,Ethan,Singh,ethan.singh@giim-test.local,DATA,Manager,Support Office,Active,2017-10-03,,Full,hunter.murphy@giim-test.local
E100636,Tane,Ryan,tane.ryan@giim-test.local,FIN,Officer,Support Office,Active,2022-08-21,,Full,olivia.robinson@giim-test.local
E100637,James,Martin,james.martin@giim-test.local,EXEC,Coordinator,Support Office,Active,2023-11-24,,Full,harrison.mitchell@giim-test.local
E100638,William,Ryan,william.ryan3@giim-test.local,HR,Manager,Support Office,Active,2019-04-15,,Full,hunter.robinson@giim-test.local
E100639,Thomas,Singh,thomas.singh2@giim-test.local,SAL,Lead,Support Office,Active,2017-12-12,,Full,olivia.wilson@giim-test.local
E100640,Nikos,Wang,nikos.wang@giim-test.local,PRC,Senior Analyst,Support Office,Active,2024-11-24,,Full,mei.martin@giim-test.local
E100641,Noah,Lee,noah.lee@giim-test.local,PRC,Advisor,Support Office,Leaving,2024-06-11,2026-10-09,Full,mei.martin@giim-test.local
E100642,Grace,Walker,grace.walker@giim-test.local,WHS,Lead,Support Office,Leaving,2026-05-02,2026-10-13,Full,hiroshi.young@giim-test.local
E100643,Jack,Robinson,jack.robinson3@giim-test.local,SC,Associate,Distribution Centre,Active,2018-09-20,,Light,matilda.kaur@giim-test.local
E100644,Priya,Mitchell,priya.mitchell@giim-test.local,LEG,Advisor,Support Office,Active,2024-08-19,,Full,hiroshi.chen@giim-test.local
E100645,Chloe,Patel,chloe.patel2@giim-test.local,PROP,Analyst,Support Office,Left,2025-04-27,2026-08-08,Full,leo.brown@giim-test.local
E100646,Noah,Murphy,noah.murphy@giim-test.local,PAY,Team Leader,Support Office,Left,2018-11-06,2025-05-24,Full,jack.robinson@giim-test.local
E100647,William,Smith,william.smith@giim-test.local,FAC,Coordinator,Distribution Centre,Active,2020-07-01,,Full,grace.brown2@giim-test.local
E100648,Mia,Walker,mia.walker2@giim-test.local,SAL,Analyst,Support Office,Active,2021-07-08,,Full,olivia.wilson@giim-test.local
E100649,Olivia,White,olivia.white3@giim-test.local,PRC,Coordinator,Support Office,Active,2022-01-10,,Full,mei.martin@giim-test.local
E100650,Mia,Martin,mia.martin@giim-test.local,PAY,Associate,Support Office,Active,2022-04-17,,Full,jack.robinson@giim-test.local
E100651,Lucas,Lee,lucas.lee@giim-test.local,HR,Coordinator,Support Office,Active,2021-03-06,,Full,hunter.robinson@giim-test.local
E100652,Isla,Clarke,isla.clarke@giim-test.local,MKT,Manager,Support Office,Left,2025-09-11,2026-03-31,Full,mei.williams@giim-test.local
E100653,Noah,Kelly,noah.kelly@giim-test.local,MKT,Specialist,Support Office,Active,2017-08-05,,Full,mei.williams@giim-test.local
E100654,Ella,Young,ella.young@giim-test.local,SAL,Advisor,Support Office,Active,2024-06-25,,Full,olivia.wilson@giim-test.local
E100655,Henry,Clarke,henry.clarke3@giim-test.local,PRC,Officer,Support Office,Active,2023-12-11,,Full,mei.martin@giim-test.local
E100656,Harrison,Robinson,harrison.robinson2@giim-test.local,PROP,Advisor,Support Office,Active,2021-12-16,,Full,leo.brown@giim-test.local
E100657,Olivia,Brown,olivia.brown2@giim-test.local,EXEC,Senior Analyst,Support Office,Active,2019-08-30,,Full,harrison.mitchell@giim-test.local
E100658,Fatima,Kelly,fatima.kelly2@giim-test.local,SAL,Senior Analyst,Support Office,Active,2016-10-11,,Full,olivia.wilson@giim-test.local
E100659,Charlotte,Wilson,charlotte.wilson@giim-test.local,EXEC,Coordinator,Support Office,Active,2018-10-22,,Full,harrison.mitchell@giim-test.local
E100660,Ethan,Smith,ethan.smith2@giim-test.local,IT,Analyst,Support Office,Active,2023-09-21,,Full,nikos.scott@giim-test.local
E100661,James,Robinson,james.robinson@giim-test.local,OPS,Coordinator,Support Office,Active,2018-04-26,,Full,liam.wang@giim-test.local
E100662,Harper,Chen,harper.chen2@giim-test.local,FAC,Coordinator,Distribution Centre,Active,2025-01-30,,Light,grace.brown2@giim-test.local
E100663,Zoe,Campbell,zoe.campbell2@giim-test.local,FIN,Senior Analyst,Support Office,Active,2020-04-27,,Full,olivia.robinson@giim-test.local
E100664,Harrison,Kaur,harrison.kaur2@giim-test.local,MKT,Team Leader,Support Office,Active,2024-10-29,,Full,mei.williams@giim-test.local
E100665,Lucas,White,lucas.white@giim-test.local,PRC,Advisor,Support Office,Active,2020-09-22,,Full,mei.martin@giim-test.local
E100666,Jack,Brown,jack.brown@giim-test.local,MKT,Team Leader,Support Office,Active,2016-05-20,,Full,mei.williams@giim-test.local
E100667,Grace,White,grace.white2@giim-test.local,MKT,Manager,Support Office,Active,2017-04-23,,Full,mei.williams@giim-test.local
E100668,Aisha,Smith,aisha.smith@giim-test.local,HR,Advisor,Support Office,Active,2016-06-29,,Full,hunter.robinson@giim-test.local
E100669,William,Thompson,william.thompson@giim-test.local,PRC,Team Leader,Support Office,Active,2021-09-03,,Full,mei.martin@giim-test.local
E100670,Harper,Johnson,harper.johnson@giim-test.local,SC,Officer,Distribution Centre,Active,2023-04-22,,Full,matilda.kaur@giim-test.local
E100671,Hunter,Brown,hunter.brown2@giim-test.local,MKT,Lead,Support Office,Left,2016-09-09,2025-03-08,Full,mei.williams@giim-test.local
E100672,Ava,Nguyen,ava.nguyen@giim-test.local,LOG,Coordinator,Distribution Centre,Active,2018-12-25,,Light,mei.walker@giim-test.local
E100673,Priya,Lee,priya.lee@giim-test.local,PRC,Senior Analyst,Support Office,Active,2021-05-18,,Full,mei.martin@giim-test.local
E100674,Isla,Wang,isla.wang@giim-test.local,PROP,Coordinator,Support Office,Active,2019-04-15,,Full,leo.brown@giim-test.local
E100675,Ruby,Nguyen,ruby.nguyen@giim-test.local,SC,Specialist,Distribution Centre,Active,2019-05-01,,Light,matilda.kaur@giim-test.local
E100676,Olivia,Patel,olivia.patel@giim-test.local,PROP,Lead,Support Office,Active,2026-01-01,,Full,leo.brown@giim-test.local
E100677,Isla,Taylor,isla.taylor@giim-test.local,EXEC,Senior Analyst,Support Office,Active,2016-02-01,,Full,harrison.mitchell@giim-test.local
E100678,Matilda,Nguyen,matilda.nguyen2@giim-test.local,LOG,Senior Analyst,Distribution Centre,Active,2019-05-01,,Full,mei.walker@giim-test.local
E100679,Matilda,Williams,matilda.williams@giim-test.local,HR,Associate,Support Office,Active,2016-02-18,,Full,hunter.robinson@giim-test.local
E100680,Aisha,Ryan,aisha.ryan@giim-test.local,CS,Lead,Support Office,Active,2021-06-15,,Full,grace.brown@giim-test.local
E100681,Ava,Lee,ava.lee@giim-test.local,RISK,Team Leader,Support Office,Active,2021-12-17,,Full,ethan.kaur@giim-test.local
E100682,Hunter,Robinson,hunter.robinson2@giim-test.local,ECOM,Senior Analyst,Support Office,Pending,2026-10-20,,Full,emily.nguyen@giim-test.local
E100683,Isla,Scott,isla.scott@giim-test.local,MER,Senior Analyst,Support Office,Active,2021-11-20,,Full,mei.kelly@giim-test.local
E100684,Ethan,White,ethan.white2@giim-test.local,SAL,Manager,Support Office,Active,2026-03-02,,Full,olivia.wilson@giim-test.local
E100685,Priya,Brown,priya.brown2@giim-test.local,FAC,Officer,Distribution Centre,Active,2019-07-26,,Light,grace.brown2@giim-test.local
E100686,Charlotte,Wilson,charlotte.wilson2@giim-test.local,ECOM,Senior Analyst,Support Office,Active,2025-04-20,,Full,emily.nguyen@giim-test.local
E100687,Wei,Smith,wei.smith@giim-test.local,EXEC,Advisor,Support Office,Active,2016-07-29,,Full,harrison.mitchell@giim-test.local
E100688,Hunter,Campbell,hunter.campbell3@giim-test.local,WHS,Manager,Support Office,Active,2017-01-23,,Full,hiroshi.young@giim-test.local
E100689,Oliver,Anderson,oliver.anderson2@giim-test.local,PRC,Manager,Support Office,Active,2016-03-11,,Full,mei.martin@giim-test.local
E100690,Aisha,Wilson,aisha.wilson@giim-test.local,OPS,Advisor,Support Office,Active,2019-03-08,,Full,liam.wang@giim-test.local
E100691,Zoe,Clarke,zoe.clarke2@giim-test.local,SAL,Senior Analyst,Support Office,Active,2019-12-31,,Full,olivia.wilson@giim-test.local
E100692,Grace,Campbell,grace.campbell2@giim-test.local,RISK,Specialist,Support Office,Active,2020-03-01,,Full,ethan.kaur@giim-test.local
E100693,Harrison,Singh,harrison.singh@giim-test.local,SAL,Officer,Support Office,Active,2017-12-23,,Full,olivia.wilson@giim-test.local
E100694,Ella,Lee,ella.lee@giim-test.local,IT,Coordinator,Support Office,Active,2025-10-19,,Full,nikos.scott@giim-test.local
E100695,Wei,King,wei.king@giim-test.local,PRC,Specialist,Support Office,Active,2023-09-05,,Full,mei.martin@giim-test.local
E100696,Mason,Smith,mason.smith2@giim-test.local,FIN,Coordinator,Support Office,Active,2019-04-28,,Full,olivia.robinson@giim-test.local
E100697,Grace,Nguyen,grace.nguyen3@giim-test.local,MER,Specialist,Support Office,Active,2023-12-30,,Full,mei.kelly@giim-test.local
E100698,Hiroshi,Kaur,hiroshi.kaur3@giim-test.local,SC,Advisor,Distribution Centre,Active,2026-07-21,,Full,matilda.kaur@giim-test.local
E100699,Mateo,Lee,mateo.lee@giim-test.local,IT,Manager,Support Office,Left,2017-09-14,2025-05-25,Full,nikos.scott@giim-test.local
E100700,Ella,Williams,ella.williams@giim-test.local,PROP,Analyst,Support Office,Active,2024-02-07,,Full,leo.brown@giim-test.local
E100701,Sophie,Walker,sophie.walker@giim-test.local,RISK,Analyst,Support Office,Active,2024-05-03,,Full,ethan.kaur@giim-test.local
E100702,Ruby,White,ruby.white@giim-test.local,ECOM,Specialist,Support Office,Active,2023-01-05,,Full,emily.nguyen@giim-test.local
E100703,Amelia,Anderson,amelia.anderson@giim-test.local,PRC,Specialist,Support Office,Active,2016-03-02,,Full,mei.martin@giim-test.local
E100704,Cooper,Young,cooper.young@giim-test.local,IT,Team Leader,Support Office,Active,2020-08-26,,Full,nikos.scott@giim-test.local
E100705,Arjun,Williams,arjun.williams2@giim-test.local,PAY,Coordinator,Support Office,Active,2017-12-25,,Full,jack.robinson@giim-test.local
E100706,James,Martin,james.martin2@giim-test.local,LEG,Analyst,Support Office,Active,2020-01-01,,Full,hiroshi.chen@giim-test.local
E100707,Tane,Chen,tane.chen@giim-test.local,PAY,Coordinator,Support Office,Active,2022-09-07,,Full,jack.robinson@giim-test.local
E100708,Oliver,Smith,oliver.smith@giim-test.local,ECOM,Senior Analyst,Support Office,Active,2024-03-22,,Full,emily.nguyen@giim-test.local
E100709,Sophie,Taylor,sophie.taylor@giim-test.local,IT,Associate,Support Office,Active,2024-03-01,,Full,nikos.scott@giim-test.local
E100710,Grace,Smith,grace.smith@giim-test.local,FIN,Manager,Support Office,Active,2024-12-07,,Full,olivia.robinson@giim-test.local
E100711,Mason,Wang,mason.wang2@giim-test.local,FAC,Senior Analyst,Distribution Centre,Active,2017-01-28,,Light,grace.brown2@giim-test.local
E100712,Sophie,Martin,sophie.martin2@giim-test.local,EXEC,Officer,Support Office,Active,2021-08-03,,Full,harrison.mitchell@giim-test.local
E100713,Ethan,Singh,ethan.singh2@giim-test.local,PAY,Team Leader,Support Office,Active,2022-08-21,,Full,jack.robinson@giim-test.local
E100714,Charlotte,Young,charlotte.young@giim-test.local,RISK,Analyst,Support Office,Active,2016-07-22,,Full,ethan.kaur@giim-test.local
E100715,Aisha,Harris,aisha.harris@giim-test.local,PAY,Analyst,Support Office,Active,2019-08-13,,Full,jack.robinson@giim-test.local
E100716,Ella,Taylor,ella.taylor@giim-test.local,WHS,Manager,Support Office,Active,2023-01-01,,Full,hiroshi.young@giim-test.local
E100717,Wei,Scott,wei.scott2@giim-test.local,RISK,Team Leader,Support Office,Active,2022-12-01,,Full,ethan.kaur@giim-test.local
E100718,Tane,Singh,tane.singh2@giim-test.local,MER,Coordinator,Support Office,Active,2016-12-20,,Full,mei.kelly@giim-test.local
E100719,Cooper,Patel,cooper.patel3@giim-test.local,SAL,Specialist,Support Office,Active,2019-04-21,,Full,olivia.wilson@giim-test.local
E100720,Liam,King,liam.king@giim-test.local,FIN,Coordinator,Support Office,Active,2016-11-22,,Full,olivia.robinson@giim-test.local
E100721,Emily,Nguyen,emily.nguyen3@giim-test.local,WHS,Associate,Support Office,Active,2018-03-03,,Full,hiroshi.young@giim-test.local
E100722,Mateo,Jones,mateo.jones@giim-test.local,PAY,Team Leader,Support Office,Active,2018-01-22,,Full,jack.robinson@giim-test.local
E100723,Charlotte,Wilson,charlotte.wilson3@giim-test.local,PROP,Senior Analyst,Support Office,Active,2019-10-07,,Full,leo.brown@giim-test.local
E100724,Thomas,Chen,thomas.chen2@giim-test.local,OPS,Officer,Support Office,Active,2018-02-09,,Full,liam.wang@giim-test.local
E100725,Lucas,Williams,lucas.williams5@giim-test.local,SAL,Lead,Support Office,Active,2024-08-25,,Full,olivia.wilson@giim-test.local
E100726,Mason,Campbell,mason.campbell2@giim-test.local,MER,Specialist,Support Office,Active,2024-02-25,,Full,mei.kelly@giim-test.local
E100727,Ella,Brown,ella.brown@giim-test.local,SAL,Specialist,Support Office,Active,2025-05-13,,Full,olivia.wilson@giim-test.local
E100728,Isla,Wang,isla.wang2@giim-test.local,LEG,Team Leader,Support Office,Active,2017-12-21,,Full,hiroshi.chen@giim-test.local
E100729,Ella,Walker,ella.walker2@giim-test.local,LEG,Team Leader,Support Office,Active,2020-10-27,,Full,hiroshi.chen@giim-test.local
E100730,Ruby,Kelly,ruby.kelly@giim-test.local,SC,Advisor,Distribution Centre,Active,2022-07-02,,Light,matilda.kaur@giim-test.local
E100731,Oliver,Brown,oliver.brown@giim-test.local,WHS,Officer,Support Office,Active,2019-06-24,,Full,hiroshi.young@giim-test.local
E100732,Charlotte,Wang,charlotte.wang@giim-test.local,DATA,Analyst,Support Office,Active,2026-05-30,,Full,hunter.murphy@giim-test.local
E100733,Wei,Anderson,wei.anderson@giim-test.local,CS,Associate,Support Office,Active,2026-05-21,,Full,grace.brown@giim-test.local
E100734,Liam,Robinson,liam.robinson@giim-test.local,MKT,Team Leader,Support Office,Active,2022-01-30,,Full,mei.williams@giim-test.local
E100735,Hiroshi,Martin,hiroshi.martin@giim-test.local,CS,Advisor,Support Office,Active,2018-01-11,,Full,grace.brown@giim-test.local
E100736,Aisha,King,aisha.king@giim-test.local,DATA,Senior Analyst,Support Office,Active,2017-06-06,,Full,hunter.murphy@giim-test.local
E100737,Mateo,Lee,mateo.lee2@giim-test.local,IT,Manager,Support Office,Active,2021-05-08,,Full,nikos.scott@giim-test.local
E100738,Cooper,Clarke,cooper.clarke@giim-test.local,PAY,Advisor,Support Office,Active,2020-04-17,,Full,jack.robinson@giim-test.local
E100739,Harrison,Kaur,harrison.kaur3@giim-test.local,LEG,Lead,Support Office,Active,2024-03-29,,Full,hiroshi.chen@giim-test.local
E100740,Amelia,Nguyen,amelia.nguyen2@giim-test.local,MKT,Manager,Support Office,Active,2022-03-18,,Full,mei.williams@giim-test.local
E100741,Liam,Robinson,liam.robinson2@giim-test.local,SAL,Advisor,Support Office,Active,2026-07-11,,Full,olivia.wilson@giim-test.local
E100742,Grace,Campbell,grace.campbell3@giim-test.local,CS,Lead,Support Office,Active,2018-04-22,,Full,grace.brown@giim-test.local
E100743,Ella,Kelly,ella.kelly2@giim-test.local,OPS,Officer,Support Office,Left,2016-11-16,2025-06-18,Full,liam.wang@giim-test.local
E100744,Ethan,Ryan,ethan.ryan@giim-test.local,FIN,Lead,Support Office,Pending,2026-10-06,,Full,olivia.robinson@giim-test.local
E100745,Ella,Young,ella.young2@giim-test.local,IT,Team Leader,Support Office,Active,2024-10-25,,Full,nikos.scott@giim-test.local
E100746,Noah,Brown,noah.brown2@giim-test.local,EXEC,Manager,Support Office,Active,2020-04-24,,Full,harrison.mitchell@giim-test.local
E100747,Isla,Young,isla.young@giim-test.local,PAY,Analyst,Support Office,Active,2016-03-02,,Full,jack.robinson@giim-test.local
E100748,Priya,Thompson,priya.thompson2@giim-test.local,LOG,Analyst,Distribution Centre,Active,2016-02-18,,Light,mei.walker@giim-test.local
E100749,Arjun,Clarke,arjun.clarke2@giim-test.local,EXEC,Officer,Support Office,Active,2025-04-29,,Full,harrison.mitchell@giim-test.local
E100750,Mei,Nguyen,mei.nguyen3@giim-test.local,PROP,Specialist,Support Office,Active,2022-02-11,,Full,leo.brown@giim-test.local
E100751,Grace,White,grace.white3@giim-test.local,FIN,Team Leader,Support Office,Active,2016-10-12,,Full,olivia.robinson@giim-test.local
E100752,Isla,King,isla.king@giim-test.local,MKT,Analyst,Support Office,Active,2024-07-06,,Full,mei.williams@giim-test.local
E100753,Harper,Mitchell,harper.mitchell@giim-test.local,PROP,Team Leader,Support Office,Active,2020-04-24,,Full,leo.brown@giim-test.local
E100754,Henry,Murphy,henry.murphy@giim-test.local,IT,Officer,Support Office,Active,2024-10-14,,Full,nikos.scott@giim-test.local
E100755,Mia,Johnson,mia.johnson2@giim-test.local,FIN,Team Leader,Support Office,Active,2024-03-13,,Full,olivia.robinson@giim-test.local
E100756,Liam,Wilson,liam.wilson3@giim-test.local,PRC,Officer,Support Office,Active,2022-11-10,,Full,mei.martin@giim-test.local
E100757,Cooper,Taylor,cooper.taylor2@giim-test.local,PRC,Lead,Support Office,Active,2020-11-11,,Full,mei.martin@giim-test.local
E100758,William,Thompson,william.thompson2@giim-test.local,SAL,Coordinator,Support Office,Active,2024-12-14,,Full,olivia.wilson@giim-test.local
E100759,Amelia,Chen,amelia.chen@giim-test.local,RISK,Manager,Support Office,Active,2022-11-22,,Full,ethan.kaur@giim-test.local
E100760,Mia,Walker,mia.walker3@giim-test.local,SC,Manager,Distribution Centre,Leaving,2023-09-26,2026-10-02,Light,matilda.kaur@giim-test.local
E100761,Noah,Ryan,noah.ryan@giim-test.local,DATA,Associate,Support Office,Active,2025-08-24,,Full,hunter.murphy@giim-test.local
E100762,Leo,Brown,leo.brown3@giim-test.local,RISK,Officer,Support Office,Active,2022-06-12,,Full,ethan.kaur@giim-test.local
E100763,Hiroshi,Harris,hiroshi.harris@giim-test.local,IT,Senior Analyst,Support Office,Active,2024-07-19,,Full,nikos.scott@giim-test.local
E100764,Olivia,Jones,olivia.jones@giim-test.local,MER,Officer,Support Office,Active,2018-12-27,,Full,mei.kelly@giim-test.local
E100765,Ella,Williams,ella.williams2@giim-test.local,IT,Team Leader,Support Office,Active,2023-05-08,,Full,nikos.scott@giim-test.local
E100766,William,Wilson,william.wilson@giim-test.local,LOG,Officer,Distribution Centre,Active,2024-02-18,,Light,mei.walker@giim-test.local
E100767,Mei,Harris,mei.harris@giim-test.local,PROP,Analyst,Support Office,Active,2021-08-08,,Full,leo.brown@giim-test.local
E100768,Ava,Wang,ava.wang@giim-test.local,HR,Advisor,Support Office,Active,2019-12-04,,Full,hunter.robinson@giim-test.local
E100769,Ethan,Campbell,ethan.campbell@giim-test.local,SC,Manager,Distribution Centre,Active,2017-12-17,,Light,matilda.kaur@giim-test.local
E100770,Fatima,Kaur,fatima.kaur2@giim-test.local,LEG,Analyst,Support Office,Active,2018-05-05,,Full,hiroshi.chen@giim-test.local
E100771,Ethan,Scott,ethan.scott@giim-test.local,EXEC,Specialist,Support Office,Active,2018-09-20,,Full,harrison.mitchell@giim-test.local
E100772,William,Taylor,william.taylor@giim-test.local,RISK,Specialist,Support Office,Active,2023-01-20,,Full,ethan.kaur@giim-test.local
E100773,Liam,Martin,liam.martin2@giim-test.local,PAY,Specialist,Support Office,Active,2024-08-28,,Full,jack.robinson@giim-test.local
E100774,Zoe,Mitchell,zoe.mitchell@giim-test.local,OPS,Lead,Support Office,Pending,2026-11-08,,Full,liam.wang@giim-test.local
E100775,Zoe,Singh,zoe.singh2@giim-test.local,ECOM,Advisor,Support Office,Active,2016-11-06,,Full,emily.nguyen@giim-test.local
E100776,Ella,Lee,ella.lee2@giim-test.local,RISK,Analyst,Support Office,Active,2022-02-22,,Full,ethan.kaur@giim-test.local
E100777,Ava,Smith,ava.smith@giim-test.local,FIN,Specialist,Support Office,Active,2026-06-29,,Full,olivia.robinson@giim-test.local
E100778,Harper,Wang,harper.wang2@giim-test.local,MER,Coordinator,Support Office,Active,2024-11-07,,Full,mei.kelly@giim-test.local
E100779,Sophie,Thompson,sophie.thompson@giim-test.local,CS,Senior Analyst,Support Office,Active,2025-09-29,,Full,grace.brown@giim-test.local
E100780,Sophie,Taylor,sophie.taylor2@giim-test.local,MKT,Lead,Support Office,Active,2019-04-11,,Full,mei.williams@giim-test.local
E100781,Charlotte,Harris,charlotte.harris@giim-test.local,FIN,Advisor,Support Office,Active,2025-08-12,,Full,olivia.robinson@giim-test.local
E100782,Olivia,Murphy,olivia.murphy2@giim-test.local,FAC,Specialist,Distribution Centre,Active,2023-09-16,,Light,grace.brown2@giim-test.local
E100783,Grace,Anderson,grace.anderson@giim-test.local,CS,Senior Analyst,Support Office,Active,2017-07-31,,Full,grace.brown@giim-test.local
E100784,Mason,Harris,mason.harris2@giim-test.local,FIN,Specialist,Support Office,Active,2023-03-14,,Full,olivia.robinson@giim-test.local
E100785,Ava,Walker,ava.walker2@giim-test.local,ECOM,Associate,Support Office,Active,2020-06-21,,Full,emily.nguyen@giim-test.local
E100786,Liam,Jones,liam.jones2@giim-test.local,WHS,Lead,Support Office,Active,2026-02-25,,Full,hiroshi.young@giim-test.local
E100787,Amelia,Jones,amelia.jones3@giim-test.local,FAC,Officer,Distribution Centre,Active,2024-12-27,,Light,grace.brown2@giim-test.local
E100788,Grace,King,grace.king@giim-test.local,MKT,Associate,Support Office,Active,2026-06-07,,Full,mei.williams@giim-test.local
E100789,Jack,Wilson,jack.wilson@giim-test.local,SAL,Team Leader,Support Office,Active,2023-01-22,,Full,olivia.wilson@giim-test.local
E100790,Leo,Robinson,leo.robinson2@giim-test.local,SAL,Officer,Support Office,Active,2023-07-05,,Full,olivia.wilson@giim-test.local
E100791,Mateo,Murphy,mateo.murphy2@giim-test.local,SC,Manager,Distribution Centre,Active,2023-02-19,,Light,matilda.kaur@giim-test.local
E100792,Thomas,Taylor,thomas.taylor@giim-test.local,DATA,Associate,Support Office,Left,2016-07-22,2025-04-14,Full,hunter.murphy@giim-test.local
E100793,Tane,Jones,tane.jones2@giim-test.local,FIN,Coordinator,Support Office,Active,2016-06-09,,Full,olivia.robinson@giim-test.local
E100794,Harper,King,harper.king@giim-test.local,SC,Advisor,Distribution Centre,Active,2025-01-19,,Full,matilda.kaur@giim-test.local
E100795,Isla,Patel,isla.patel3@giim-test.local,SAL,Officer,Support Office,Active,2020-08-28,,Full,olivia.wilson@giim-test.local
E100796,Oliver,Kelly,oliver.kelly@giim-test.local,LEG,Associate,Support Office,Active,2025-02-07,,Full,hiroshi.chen@giim-test.local
E100797,Sophie,Jones,sophie.jones@giim-test.local,SAL,Lead,Support Office,Active,2020-06-04,,Full,olivia.wilson@giim-test.local
E100798,Harrison,Lee,harrison.lee2@giim-test.local,FIN,Senior Analyst,Support Office,Active,2021-12-11,,Full,olivia.robinson@giim-test.local
E100799,Sophie,Wilson,sophie.wilson@giim-test.local,PROP,Coordinator,Support Office,Active,2016-03-26,,Full,leo.brown@giim-test.local
E100800,Amelia,Kelly,amelia.kelly@giim-test.local,FAC,Advisor,Distribution Centre,Left,2021-08-09,2025-12-26,Full,grace.brown2@giim-test.local
E100801,Harrison,Young,harrison.young@giim-test.local,WHS,Senior Analyst,Support Office,Active,2023-02-08,,Full,hiroshi.young@giim-test.local
E100802,Leo,Campbell,leo.campbell2@giim-test.local,SC,Manager,Distribution Centre,Active,2024-05-29,,Light,matilda.kaur@giim-test.local
E100803,Sophie,Harris,sophie.harris@giim-test.local,MER,Advisor,Support Office,Active,2018-09-17,,Full,mei.kelly@giim-test.local
E100804,Mei,Clarke,mei.clarke2@giim-test.local,PROP,Coordinator,Support Office,Active,2020-11-09,,Full,leo.brown@giim-test.local
E100805,Hiroshi,Walker,hiroshi.walker@giim-test.local,OPS,Manager,Support Office,Active,2018-08-23,,Full,liam.wang@giim-test.local
E100806,Hunter,Harris,hunter.harris@giim-test.local,CS,Team Leader,Support Office,Active,2019-08-11,,Full,grace.brown@giim-test.local
E100807,Amelia,Johnson,amelia.johnson4@giim-test.local,ECOM,Officer,Support Office,Active,2022-08-25,,Full,emily.nguyen@giim-test.local
E100808,Harrison,Wang,harrison.wang2@giim-test.local,SAL,Officer,Support Office,Active,2024-11-04,,Full,olivia.wilson@giim-test.local
E100809,Ava,Martin,ava.martin@giim-test.local,IT,Advisor,Support Office,Active,2024-12-16,,Full,nikos.scott@giim-test.local
E100810,Jack,Patel,jack.patel2@giim-test.local,DATA,Senior Analyst,Support Office,Left,2020-10-17,2025-06-10,Full,hunter.murphy@giim-test.local
E100811,Olivia,Walker,olivia.walker@giim-test.local,FAC,Team Leader,Distribution Centre,Active,2017-02-16,,Full,grace.brown2@giim-test.local
E100812,Fatima,Harris,fatima.harris@giim-test.local,EXEC,Lead,Support Office,Active,2023-07-12,,Full,harrison.mitchell@giim-test.local
E100813,Leo,Williams,leo.williams@giim-test.local,WHS,Team Leader,Support Office,Active,2023-11-18,,Full,hiroshi.young@giim-test.local
E100814,Priya,Brown,priya.brown3@giim-test.local,RISK,Officer,Support Office,Left,2022-01-18,2025-12-27,Full,ethan.kaur@giim-test.local
E100815,Liam,Ryan,liam.ryan@giim-test.local,WHS,Lead,Support Office,Active,2024-11-25,,Full,hiroshi.young@giim-test.local
E100816,James,Martin,james.martin3@giim-test.local,FAC,Specialist,Distribution Centre,Active,2023-01-31,,Light,grace.brown2@giim-test.local
E100817,Harper,Singh,harper.singh@giim-test.local,MER,Team Leader,Support Office,Active,2018-07-25,,Full,mei.kelly@giim-test.local
E100818,Leo,Wilson,leo.wilson3@giim-test.local,OPS,Lead,Support Office,Active,2021-08-03,,Full,liam.wang@giim-test.local
E100819,Harper,Ryan,harper.ryan@giim-test.local,FIN,Manager,Support Office,Active,2020-08-17,,Full,olivia.robinson@giim-test.local
E100820,Sophie,Campbell,sophie.campbell2@giim-test.local,PRC,Manager,Support Office,Active,2019-01-23,,Full,mei.martin@giim-test.local
E100821,Noah,Patel,noah.patel@giim-test.local,HR,Specialist,Support Office,Active,2021-05-21,,Full,hunter.robinson@giim-test.local
E100822,Amelia,Walker,amelia.walker@giim-test.local,SC,Analyst,Distribution Centre,Active,2017-04-10,,Light,matilda.kaur@giim-test.local
E100823,Hunter,Ryan,hunter.ryan2@giim-test.local,MER,Team Leader,Support Office,Active,2018-10-09,,Full,mei.kelly@giim-test.local
E100824,Liam,Campbell,liam.campbell2@giim-test.local,HR,Manager,Support Office,Active,2019-09-13,,Full,hunter.robinson@giim-test.local
E100825,James,Nguyen,james.nguyen@giim-test.local,FAC,Team Leader,Distribution Centre,Active,2023-09-26,,Light,grace.brown2@giim-test.local
E100826,Ava,Taylor,ava.taylor@giim-test.local,WHS,Associate,Support Office,Active,2023-10-17,,Full,hiroshi.young@giim-test.local
E100827,Wei,Young,wei.young@giim-test.local,RISK,Associate,Support Office,Active,2025-01-11,,Full,ethan.kaur@giim-test.local
E100828,Thomas,Anderson,thomas.anderson@giim-test.local,FAC,Coordinator,Distribution Centre,Active,2026-06-07,,Full,grace.brown2@giim-test.local
E100829,Priya,Clarke,priya.clarke@giim-test.local,PAY,Advisor,Support Office,Active,2024-12-10,,Full,jack.robinson@giim-test.local
E100830,Jack,Lee,jack.lee3@giim-test.local,OPS,Specialist,Support Office,Active,2025-09-28,,Full,liam.wang@giim-test.local
E100831,Ella,Jones,ella.jones2@giim-test.local,PROP,Officer,Support Office,Active,2020-12-22,,Full,leo.brown@giim-test.local
E100832,Ella,Thompson,ella.thompson2@giim-test.local,FIN,Senior Analyst,Support Office,Active,2022-08-29,,Full,olivia.robinson@giim-test.local
E100833,Leo,Harris,leo.harris@giim-test.local,RISK,Manager,Support Office,Left,2020-04-10,2026-01-26,Full,ethan.kaur@giim-test.local
E100834,Tane,King,tane.king@giim-test.local,PROP,Advisor,Support Office,Active,2026-06-19,,Full,leo.brown@giim-test.local
E100835,Tane,Scott,tane.scott@giim-test.local,CS,Coordinator,Support Office,Active,2021-09-08,,Full,grace.brown@giim-test.local
E100836,Harper,Lee,harper.lee3@giim-test.local,MER,Lead,Support Office,Active,2017-03-20,,Full,mei.kelly@giim-test.local
E100837,Sophie,Martin,sophie.martin3@giim-test.local,EXEC,Associate,Support Office,Left,2023-03-20,2026-05-09,Full,harrison.mitchell@giim-test.local
E100838,Wei,Brown,wei.brown@giim-test.local,FIN,Lead,Support Office,Active,2026-04-27,,Full,olivia.robinson@giim-test.local
E100839,Mateo,Harris,mateo.harris2@giim-test.local,FAC,Officer,Distribution Centre,Active,2024-07-19,,Full,grace.brown2@giim-test.local
E100840,Ella,Thompson,ella.thompson3@giim-test.local,LEG,Officer,Support Office,Pending,2026-10-10,,Full,hiroshi.chen@giim-test.local
E100841,Hiroshi,Lee,hiroshi.lee@giim-test.local,SAL,Coordinator,Support Office,Active,2018-10-26,,Full,olivia.wilson@giim-test.local
E100842,Isla,Brown,isla.brown2@giim-test.local,PAY,Lead,Support Office,Active,2017-12-11,,Full,jack.robinson@giim-test.local
E100843,Amelia,Wang,amelia.wang@giim-test.local,DATA,Analyst,Support Office,Active,2016-03-03,,Full,hunter.murphy@giim-test.local
E100844,Liam,Campbell,liam.campbell3@giim-test.local,WHS,Associate,Support Office,Active,2020-09-08,,Full,hiroshi.young@giim-test.local
E100845,Leo,Robinson,leo.robinson3@giim-test.local,HR,Senior Analyst,Support Office,Active,2023-10-10,,Full,hunter.robinson@giim-test.local
E100846,Mason,Young,mason.young2@giim-test.local,SC,Coordinator,Distribution Centre,Active,2018-02-20,,Light,matilda.kaur@giim-test.local
E100847,Mateo,Williams,mateo.williams@giim-test.local,ECOM,Officer,Support Office,Active,2021-02-06,,Full,emily.nguyen@giim-test.local
E100848,Mei,Lee,mei.lee4@giim-test.local,PRC,Manager,Support Office,Active,2016-11-28,,Full,mei.martin@giim-test.local
E100849,Amelia,Singh,amelia.singh@giim-test.local,WHS,Advisor,Support Office,Active,2019-08-02,,Full,hiroshi.young@giim-test.local
E100850,James,Singh,james.singh@giim-test.local,EXEC,Officer,Support Office,Active,2017-12-02,,Full,harrison.mitchell@giim-test.local
E100851,Arjun,Smith,arjun.smith@giim-test.local,RISK,Lead,Support Office,Active,2022-06-30,,Full,ethan.kaur@giim-test.local
E100852,Harper,King,harper.king2@giim-test.local,SC,Officer,Distribution Centre,Active,2023-10-20,,Light,matilda.kaur@giim-test.local
E100853,Charlotte,Kaur,charlotte.kaur@giim-test.local,IT,Officer,Support Office,Active,2017-10-04,,Full,nikos.scott@giim-test.local
E100854,Olivia,White,olivia.white4@giim-test.local,IT,Specialist,Support Office,Pending,2026-11-13,,Full,nikos.scott@giim-test.local
E100855,James,Kelly,james.kelly@giim-test.local,CS,Officer,Support Office,Active,2024-01-21,,Full,grace.brown@giim-test.local
E100856,Zoe,Kaur,zoe.kaur@giim-test.local,FAC,Advisor,Distribution Centre,Active,2025-05-28,,Full,grace.brown2@giim-test.local
E100857,Harrison,Young,harrison.young2@giim-test.local,PROP,Officer,Support Office,Active,2024-09-15,,Full,leo.brown@giim-test.local
E100858,Matilda,Thompson,matilda.thompson@giim-test.local,PROP,Coordinator,Support Office,Active,2023-09-15,,Full,leo.brown@giim-test.local
E100859,Emily,Kaur,emily.kaur2@giim-test.local,DATA,Specialist,Support Office,Active,2023-01-07,,Full,hunter.murphy@giim-test.local
E100860,Hunter,Mitchell,hunter.mitchell@giim-test.local,FIN,Analyst,Support Office,Active,2021-10-10,,Full,olivia.robinson@giim-test.local
E100861,Amelia,Murphy,amelia.murphy2@giim-test.local,MER,Specialist,Support Office,Active,2018-04-28,,Full,mei.kelly@giim-test.local
E100862,Charlotte,Ryan,charlotte.ryan@giim-test.local,MKT,Analyst,Support Office,Left,2017-09-08,2026-01-30,Full,mei.williams@giim-test.local
E100863,Ella,Walker,ella.walker3@giim-test.local,PAY,Analyst,Support Office,Active,2019-11-20,,Full,jack.robinson@giim-test.local
E100864,Zoe,Lee,zoe.lee@giim-test.local,RISK,Advisor,Support Office,Left,2024-08-24,2025-05-08,Full,ethan.kaur@giim-test.local
E100865,Emily,Chen,emily.chen@giim-test.local,OPS,Lead,Support Office,Active,2025-12-07,,Full,liam.wang@giim-test.local
E100866,Arjun,Young,arjun.young2@giim-test.local,OPS,Specialist,Support Office,Active,2024-08-12,,Full,liam.wang@giim-test.local
E100867,Jack,Robinson,jack.robinson4@giim-test.local,PAY,Officer,Support Office,Active,2017-01-21,,Full,jack.robinson@giim-test.local
E100868,Noah,Kelly,noah.kelly2@giim-test.local,PAY,Officer,Support Office,Active,2026-01-10,,Full,jack.robinson@giim-test.local
E100869,Grace,Ryan,grace.ryan@giim-test.local,SAL,Specialist,Support Office,Active,2020-12-29,,Full,olivia.wilson@giim-test.local
E100870,Matilda,Smith,matilda.smith2@giim-test.local,OPS,Manager,Support Office,Leaving,2021-01-18,2026-10-19,Full,liam.wang@giim-test.local
E100871,Lucas,Brown,lucas.brown@giim-test.local,SC,Associate,Distribution Centre,Active,2019-08-21,,Light,matilda.kaur@giim-test.local
E100872,Charlotte,Brown,charlotte.brown@giim-test.local,SC,Advisor,Distribution Centre,Active,2026-05-06,,Light,matilda.kaur@giim-test.local
E100873,Harper,Brown,harper.brown@giim-test.local,MKT,Associate,Support Office,Active,2017-08-30,,Full,mei.williams@giim-test.local
E100874,Emily,Ryan,emily.ryan@giim-test.local,FAC,Officer,Distribution Centre,Active,2020-09-05,,Light,grace.brown2@giim-test.local
E100875,Noah,Martin,noah.martin@giim-test.local,PAY,Lead,Support Office,Active,2016-02-25,,Full,jack.robinson@giim-test.local
E100876,Isla,Martin,isla.martin2@giim-test.local,WHS,Manager,Support Office,Active,2019-08-07,,Full,hiroshi.young@giim-test.local
E100877,Aisha,Williams,aisha.williams@giim-test.local,CS,Team Leader,Support Office,Active,2019-03-10,,Full,grace.brown@giim-test.local
E100878,Henry,King,henry.king@giim-test.local,OPS,Specialist,Support Office,Left,2017-07-12,2026-06-12,Full,liam.wang@giim-test.local
E100879,Hunter,Harris,hunter.harris2@giim-test.local,WHS,Officer,Support Office,Active,2016-02-07,,Full,hiroshi.young@giim-test.local
E100880,Mateo,Mitchell,mateo.mitchell2@giim-test.local,PAY,Advisor,Support Office,Active,2019-10-27,,Full,jack.robinson@giim-test.local
E100881,Tane,Nguyen,tane.nguyen3@giim-test.local,HR,Associate,Support Office,Active,2022-12-06,,Full,hunter.robinson@giim-test.local
E100882,Thomas,Patel,thomas.patel2@giim-test.local,PRC,Coordinator,Support Office,Left,2026-05-03,2026-06-27,Full,mei.martin@giim-test.local
E100883,Fatima,Robinson,fatima.robinson2@giim-test.local,OPS,Specialist,Support Office,Active,2016-02-04,,Full,liam.wang@giim-test.local
E100884,Zoe,Singh,zoe.singh3@giim-test.local,FAC,Senior Analyst,Distribution Centre,Active,2019-05-19,,Light,grace.brown2@giim-test.local
E100885,Mason,Johnson,mason.johnson@giim-test.local,CS,Manager,Support Office,Active,2022-05-10,,Full,grace.brown@giim-test.local
E100886,Ethan,Williams,ethan.williams@giim-test.local,LOG,Coordinator,Distribution Centre,Left,2022-03-19,2026-01-23,Light,mei.walker@giim-test.local
E100887,Harrison,King,harrison.king@giim-test.local,ECOM,Team Leader,Support Office,Active,2023-07-08,,Full,emily.nguyen@giim-test.local
E100888,Ethan,Murphy,ethan.murphy@giim-test.local,RISK,Lead,Support Office,Active,2026-03-13,,Full,ethan.kaur@giim-test.local
E100889,Ruby,Anderson,ruby.anderson3@giim-test.local,FIN,Analyst,Support Office,Active,2020-04-19,,Full,olivia.robinson@giim-test.local
E100890,Zoe,Thompson,zoe.thompson@giim-test.local,CS,Senior Analyst,Support Office,Active,2022-11-07,,Full,grace.brown@giim-test.local
E100891,Harper,Martin,harper.martin@giim-test.local,PAY,Coordinator,Support Office,Active,2023-11-21,,Full,jack.robinson@giim-test.local
E100892,Chloe,Mitchell,chloe.mitchell2@giim-test.local,CS,Lead,Support Office,Active,2016-11-23,,Full,grace.brown@giim-test.local
E100893,Harper,Robinson,harper.robinson2@giim-test.local,HR,Lead,Support Office,Active,2023-05-17,,Full,hunter.robinson@giim-test.local
E100894,Henry,Kaur,henry.kaur2@giim-test.local,ECOM,Senior Analyst,Support Office,Active,2021-10-11,,Full,emily.nguyen@giim-test.local
E100895,Cooper,Mitchell,cooper.mitchell@giim-test.local,MKT,Officer,Support Office,Active,2016-10-31,,Full,mei.williams@giim-test.local
E100896,Isla,Walker,isla.walker2@giim-test.local,ECOM,Analyst,Support Office,Active,2021-03-05,,Full,emily.nguyen@giim-test.local
E100897,Olivia,White,olivia.white5@giim-test.local,PRC,Manager,Support Office,Active,2021-07-30,,Full,mei.martin@giim-test.local
E100898,Arjun,Martin,arjun.martin@giim-test.local,FIN,Analyst,Support Office,Active,2020-07-31,,Full,olivia.robinson@giim-test.local
E100899,Hunter,Scott,hunter.scott2@giim-test.local,PAY,Associate,Support Office,Active,2021-06-27,,Full,jack.robinson@giim-test.local
E100900,Mei,Taylor,mei.taylor@giim-test.local,SAL,Team Leader,Support Office,Active,2017-06-12,,Full,olivia.wilson@giim-test.local
E100901,Chloe,Wilson,chloe.wilson@giim-test.local,SAL,Analyst,Support Office,Active,2018-12-22,,Full,olivia.wilson@giim-test.local
E100902,Harper,Walker,harper.walker@giim-test.local,SC,Team Leader,Distribution Centre,Active,2021-10-03,,Light,matilda.kaur@giim-test.local
E100903,Wei,Martin,wei.martin3@giim-test.local,OPS,Associate,Support Office,Active,2021-08-08,,Full,liam.wang@giim-test.local
E100904,Thomas,Campbell,thomas.campbell@giim-test.local,DATA,Officer,Support Office,Active,2022-09-03,,Full,hunter.murphy@giim-test.local
E100905,Chloe,Robinson,chloe.robinson@giim-test.local,OPS,Associate,Support Office,Active,2017-04-25,,Full,liam.wang@giim-test.local
E100906,James,Wang,james.wang2@giim-test.local,IT,Specialist,Support Office,Active,2017-07-25,,Full,nikos.scott@giim-test.local
E100907,Cooper,Martin,cooper.martin@giim-test.local,RISK,Officer,Support Office,Active,2025-05-05,,Full,ethan.kaur@giim-test.local
E100908,Henry,Robinson,henry.robinson@giim-test.local,EXEC,Analyst,Support Office,Active,2025-10-28,,Full,harrison.mitchell@giim-test.local
E100909,Zoe,Chen,zoe.chen3@giim-test.local,HR,Senior Analyst,Support Office,Active,2018-12-23,,Full,hunter.robinson@giim-test.local
E100910,Hunter,Chen,hunter.chen@giim-test.local,PROP,Officer,Support Office,Active,2022-06-19,,Full,leo.brown@giim-test.local
E100911,Harrison,Brown,harrison.brown2@giim-test.local,FIN,Lead,Support Office,Active,2023-05-29,,Full,olivia.robinson@giim-test.local
E100912,Isla,Chen,isla.chen@giim-test.local,ECOM,Associate,Support Office,Active,2026-02-09,,Full,emily.nguyen@giim-test.local
E100913,Fatima,Singh,fatima.singh@giim-test.local,SC,Senior Analyst,Distribution Centre,Active,2018-03-11,,Light,matilda.kaur@giim-test.local
E100914,Mateo,Lee,mateo.lee3@giim-test.local,CS,Senior Analyst,Support Office,Active,2016-06-19,,Full,grace.brown@giim-test.local
E100915,Mason,Chen,mason.chen2@giim-test.local,ECOM,Officer,Support Office,Active,2022-10-19,,Full,emily.nguyen@giim-test.local
E100916,Priya,King,priya.king3@giim-test.local,IT,Team Leader,Support Office,Active,2025-02-28,,Full,nikos.scott@giim-test.local
E100917,Nikos,Kelly,nikos.kelly@giim-test.local,LEG,Specialist,Support Office,Active,2017-04-11,,Full,hiroshi.chen@giim-test.local
E100918,Mason,Murphy,mason.murphy2@giim-test.local,IT,Manager,Support Office,Active,2023-06-21,,Full,nikos.scott@giim-test.local
E100919,Jack,Harris,jack.harris@giim-test.local,OPS,Associate,Support Office,Active,2021-03-06,,Full,liam.wang@giim-test.local
E100920,James,Johnson,james.johnson@giim-test.local,PROP,Specialist,Support Office,Active,2021-04-26,,Full,leo.brown@giim-test.local
E100921,Sophie,Johnson,sophie.johnson@giim-test.local,MKT,Analyst,Support Office,Active,2018-10-06,,Full,mei.williams@giim-test.local
E100922,Olivia,Harris,olivia.harris2@giim-test.local,FAC,Team Leader,Distribution Centre,Active,2022-12-23,,Light,grace.brown2@giim-test.local
E100923,Sophie,Williams,sophie.williams@giim-test.local,PRC,Specialist,Support Office,Active,2025-09-23,,Full,mei.martin@giim-test.local
E100924,Matilda,Taylor,matilda.taylor@giim-test.local,IT,Coordinator,Support Office,Active,2019-07-19,,Full,nikos.scott@giim-test.local
E100925,Ava,Murphy,ava.murphy@giim-test.local,LOG,Advisor,Distribution Centre,Active,2019-08-03,,Light,mei.walker@giim-test.local
E100926,Leo,Scott,leo.scott3@giim-test.local,PAY,Associate,Support Office,Active,2024-10-23,,Full,jack.robinson@giim-test.local
E100927,Matilda,Kaur,matilda.kaur3@giim-test.local,FAC,Team Leader,Distribution Centre,Active,2025-09-22,,Full,grace.brown2@giim-test.local
E100928,Mei,Nguyen,mei.nguyen4@giim-test.local,LEG,Team Leader,Support Office,Active,2019-04-03,,Full,hiroshi.chen@giim-test.local
E100929,Amelia,Anderson,amelia.anderson2@giim-test.local,FIN,Senior Analyst,Support Office,Active,2022-10-24,,Full,olivia.robinson@giim-test.local
E100930,Olivia,Smith,olivia.smith2@giim-test.local,MER,Officer,Support Office,Active,2024-11-09,,Full,mei.kelly@giim-test.local
E100931,Lucas,Wang,lucas.wang@giim-test.local,WHS,Specialist,Support Office,Active,2023-10-10,,Full,hiroshi.young@giim-test.local
E100932,Mei,Jones,mei.jones@giim-test.local,WHS,Specialist,Support Office,Active,2018-10-17,,Full,hiroshi.young@giim-test.local
E100933,Oliver,Singh,oliver.singh2@giim-test.local,DATA,Analyst,Support Office,Pending,2026-11-06,,Full,hunter.murphy@giim-test.local
E100934,Arjun,Johnson,arjun.johnson@giim-test.local,PROP,Senior Analyst,Support Office,Active,2019-03-07,,Full,leo.brown@giim-test.local
E100935,Olivia,Chen,olivia.chen@giim-test.local,SC,Associate,Distribution Centre,Active,2019-02-26,,Full,matilda.kaur@giim-test.local
E100936,Leo,White,leo.white@giim-test.local,LOG,Officer,Distribution Centre,Active,2019-04-01,,Light,mei.walker@giim-test.local
E100937,Mason,Lee,mason.lee3@giim-test.local,EXEC,Manager,Support Office,Active,2021-04-08,,Full,harrison.mitchell@giim-test.local
E100938,Mateo,Wang,mateo.wang2@giim-test.local,EXEC,Coordinator,Support Office,Pending,2026-10-05,,Full,harrison.mitchell@giim-test.local
E100939,Mason,Wang,mason.wang3@giim-test.local,DATA,Team Leader,Support Office,Leaving,2020-10-22,2026-10-05,Full,hunter.murphy@giim-test.local
E100940,Grace,Jones,grace.jones2@giim-test.local,RISK,Coordinator,Support Office,Active,2022-10-28,,Full,ethan.kaur@giim-test.local
E100941,Wei,Kelly,wei.kelly3@giim-test.local,DATA,Analyst,Support Office,Active,2025-06-06,,Full,hunter.murphy@giim-test.local
E100942,Noah,Brown,noah.brown3@giim-test.local,PROP,Advisor,Support Office,Active,2025-06-01,,Full,leo.brown@giim-test.local
E100943,Oliver,Nguyen,oliver.nguyen@giim-test.local,SC,Coordinator,Distribution Centre,Active,2023-12-17,,Light,matilda.kaur@giim-test.local
E100944,Ella,Williams,ella.williams3@giim-test.local,ECOM,Associate,Support Office,Active,2026-05-08,,Full,emily.nguyen@giim-test.local
E100945,Harper,Mitchell,harper.mitchell2@giim-test.local,PRC,Team Leader,Support Office,Active,2025-05-06,,Full,mei.martin@giim-test.local
E100946,Grace,Harris,grace.harris@giim-test.local,MER,Coordinator,Support Office,Active,2022-11-01,,Full,mei.kelly@giim-test.local
E100947,William,Scott,william.scott@giim-test.local,MER,Officer,Support Office,Active,2021-03-24,,Full,mei.kelly@giim-test.local
E100948,Chloe,Patel,chloe.patel3@giim-test.local,RISK,Specialist,Support Office,Active,2021-04-27,,Full,ethan.kaur@giim-test.local
E100949,Noah,Mitchell,noah.mitchell@giim-test.local,FAC,Officer,Distribution Centre,Active,2020-01-01,,Full,grace.brown2@giim-test.local
E100950,Amelia,Smith,amelia.smith2@giim-test.local,ECOM,Team Leader,Support Office,Active,2017-04-17,,Full,emily.nguyen@giim-test.local
E100951,Ethan,Martin,ethan.martin@giim-test.local,LEG,Analyst,Support Office,Active,2022-01-07,,Full,hiroshi.chen@giim-test.local
E100952,Charlotte,Lee,charlotte.lee@giim-test.local,PROP,Coordinator,Support Office,Active,2019-07-07,,Full,leo.brown@giim-test.local
E100953,Ruby,Thompson,ruby.thompson@giim-test.local,SAL,Advisor,Support Office,Left,2018-05-08,2025-04-02,Full,olivia.wilson@giim-test.local
E100954,Emily,Clarke,emily.clarke2@giim-test.local,WHS,Manager,Support Office,Active,2021-04-01,,Full,hiroshi.young@giim-test.local
E100955,Mateo,Young,mateo.young2@giim-test.local,FAC,Analyst,Distribution Centre,Active,2019-05-30,,Full,grace.brown2@giim-test.local
E100956,Fatima,Scott,fatima.scott@giim-test.local,PROP,Advisor,Support Office,Active,2017-04-04,,Full,leo.brown@giim-test.local
E100957,Thomas,Thompson,thomas.thompson@giim-test.local,PRC,Advisor,Support Office,Active,2019-03-01,,Full,mei.martin@giim-test.local
E100958,Noah,Scott,noah.scott@giim-test.local,EXEC,Officer,Support Office,Active,2017-08-13,,Full,harrison.mitchell@giim-test.local
E100959,Fatima,Anderson,fatima.anderson2@giim-test.local,FIN,Analyst,Support Office,Pending,2026-10-20,,Full,olivia.robinson@giim-test.local
E100960,Noah,Harris,noah.harris@giim-test.local,LOG,Specialist,Distribution Centre,Active,2018-11-26,,Full,mei.walker@giim-test.local
E100961,Tane,Kaur,tane.kaur@giim-test.local,PAY,Specialist,Support Office,Active,2020-12-02,,Full,jack.robinson@giim-test.local
E100962,Grace,Clarke,grace.clarke@giim-test.local,DATA,Coordinator,Support Office,Active,2019-10-24,,Full,hunter.murphy@giim-test.local
E100963,Hunter,Kaur,hunter.kaur@giim-test.local,SAL,Officer,Support Office,Active,2020-04-05,,Full,olivia.wilson@giim-test.local
E100964,Matilda,Wilson,matilda.wilson4@giim-test.local,WHS,Advisor,Support Office,Active,2026-07-28,,Full,hiroshi.young@giim-test.local
E100965,Mason,Jones,mason.jones@giim-test.local,MER,Advisor,Support Office,Active,2024-11-11,,Full,mei.kelly@giim-test.local
E100966,Aisha,Robinson,aisha.robinson@giim-test.local,IT,Lead,Support Office,Active,2018-03-24,,Full,nikos.scott@giim-test.local
E100967,Sophie,Chen,sophie.chen2@giim-test.local,OPS,Advisor,Support Office,Active,2026-04-01,,Full,liam.wang@giim-test.local
E100968,Olivia,Ryan,olivia.ryan@giim-test.local,FAC,Associate,Distribution Centre,Active,2024-02-23,,Light,grace.brown2@giim-test.local
E100969,Ruby,Kelly,ruby.kelly2@giim-test.local,WHS,Manager,Support Office,Pending,2026-10-12,,Full,hiroshi.young@giim-test.local
E100970,Olivia,Kelly,olivia.kelly@giim-test.local,OPS,Lead,Support Office,Active,2025-04-15,,Full,liam.wang@giim-test.local
E100971,Noah,Nguyen,noah.nguyen2@giim-test.local,SC,Manager,Distribution Centre,Active,2020-10-13,,Light,matilda.kaur@giim-test.local
E100972,Noah,Lee,noah.lee2@giim-test.local,ECOM,Associate,Support Office,Active,2016-04-11,,Full,emily.nguyen@giim-test.local
E100973,Olivia,Chen,olivia.chen2@giim-test.local,CS,Advisor,Support Office,Left,2018-06-10,2026-01-30,Full,grace.brown@giim-test.local
E100974,Olivia,White,olivia.white6@giim-test.local,FAC,Analyst,Distribution Centre,Active,2021-09-04,,Light,grace.brown2@giim-test.local
E100975,Harper,White,harper.white@giim-test.local,ECOM,Advisor,Support Office,Active,2025-11-10,,Full,emily.nguyen@giim-test.local
E100976,Amelia,Clarke,amelia.clarke@giim-test.local,EXEC,Associate,Support Office,Left,2024-04-22,2025-01-29,Full,harrison.mitchell@giim-test.local
E100977,Charlotte,King,charlotte.king@giim-test.local,EXEC,Coordinator,Support Office,Active,2026-07-09,,Full,harrison.mitchell@giim-test.local
E100978,Matilda,Lee,matilda.lee@giim-test.local,MKT,Manager,Support Office,Active,2023-05-26,,Full,mei.williams@giim-test.local
E100979,Sophie,Scott,sophie.scott2@giim-test.local,LEG,Officer,Support Office,Active,2022-03-04,,Full,hiroshi.chen@giim-test.local
E100980,Oliver,Brown,oliver.brown2@giim-test.local,SC,Team Leader,Distribution Centre,Active,2022-05-26,,Full,matilda.kaur@giim-test.local
E100981,Olivia,Young,olivia.young2@giim-test.local,LEG,Senior Analyst,Support Office,Left,2019-07-13,2026-06-02,Full,hiroshi.chen@giim-test.local
E100982,Mateo,Campbell,mateo.campbell3@giim-test.local,HR,Specialist,Support Office,Active,2025-05-17,,Full,hunter.robinson@giim-test.local
E100983,Ella,Anderson,ella.anderson2@giim-test.local,FAC,Team Leader,Distribution Centre,Active,2019-06-03,,Full,grace.brown2@giim-test.local
E100984,Emily,Nguyen,emily.nguyen4@giim-test.local,CS,Senior Analyst,Support Office,Active,2025-11-04,,Full,grace.brown@giim-test.local
E100985,Sophie,Campbell,sophie.campbell3@giim-test.local,HR,Associate,Support Office,Active,2023-07-15,,Full,hunter.robinson@giim-test.local
E100986,James,White,james.white@giim-test.local,ECOM,Specialist,Support Office,Active,2018-04-15,,Full,emily.nguyen@giim-test.local
E100987,Mateo,King,mateo.king3@giim-test.local,SAL,Officer,Support Office,Active,2020-08-05,,Full,olivia.wilson@giim-test.local
E100988,Isla,Thompson,isla.thompson2@giim-test.local,IT,Associate,Support Office,Active,2023-11-12,,Full,nikos.scott@giim-test.local
E100989,Leo,Martin,leo.martin2@giim-test.local,DATA,Officer,Support Office,Active,2018-10-31,,Full,hunter.murphy@giim-test.local
E100990,Jack,Murphy,jack.murphy@giim-test.local,ECOM,Officer,Support Office,Active,2026-06-26,,Full,emily.nguyen@giim-test.local
E100991,William,Ryan,william.ryan4@giim-test.local,LEG,Lead,Support Office,Active,2026-08-21,,Full,hiroshi.chen@giim-test.local
E100992,James,Wilson,james.wilson2@giim-test.local,LOG,Analyst,Distribution Centre,Pending,2026-10-08,,Full,mei.walker@giim-test.local
E100993,Sophie,Murphy,sophie.murphy2@giim-test.local,MKT,Specialist,Support Office,Active,2019-12-21,,Full,mei.williams@giim-test.local
E100994,Olivia,Mitchell,olivia.mitchell2@giim-test.local,SC,Specialist,Distribution Centre,Active,2016-08-28,,Light,matilda.kaur@giim-test.local
E100995,Zoe,Wilson,zoe.wilson2@giim-test.local,LOG,Lead,Distribution Centre,Active,2022-05-03,,Light,mei.walker@giim-test.local
E100996,Leo,Wilson,leo.wilson4@giim-test.local,LEG,Manager,Support Office,Active,2017-02-28,,Full,hiroshi.chen@giim-test.local
E100997,Ruby,Singh,ruby.singh@giim-test.local,HR,Senior Analyst,Support Office,Active,2025-03-28,,Full,hunter.robinson@giim-test.local
E100998,Amelia,Lee,amelia.lee@giim-test.local,SAL,Manager,Support Office,Active,2018-12-15,,Full,olivia.wilson@giim-test.local
E100999,James,Williams,james.williams@giim-test.local,PRC,Manager,Support Office,Active,2018-03-13,,Full,mei.martin@giim-test.local
E101000,Jack,King,jack.king@giim-test.local,SAL,Specialist,Support Office,Pending,2026-10-05,,Full,olivia.wilson@giim-test.local
E101001,Jack,Mitchell,jack.mitchell@giim-test.local,LOG,Advisor,Distribution Centre,Active,2024-05-17,,Light,mei.walker@giim-test.local
E101002,Mia,Johnson,mia.johnson3@giim-test.local,ECOM,Analyst,Support Office,Active,2017-03-02,,Full,emily.nguyen@giim-test.local
E101003,Zoe,Taylor,zoe.taylor2@giim-test.local,ECOM,Senior Analyst,Support Office,Active,2017-12-29,,Full,emily.nguyen@giim-test.local
E101004,Isla,Brown,isla.brown3@giim-test.local,EXEC,Analyst,Support Office,Active,2022-07-17,,Full,harrison.mitchell@giim-test.local
E101005,Ella,Patel,ella.patel@giim-test.local,FIN,Senior Analyst,Support Office,Active,2021-06-09,,Full,olivia.robinson@giim-test.local
E101006,Cooper,Ryan,cooper.ryan2@giim-test.local,CS,Manager,Support Office,Active,2022-06-11,,Full,grace.brown@giim-test.local
E101007,Ethan,Clarke,ethan.clarke2@giim-test.local,OPS,Analyst,Support Office,Active,2021-07-18,,Full,liam.wang@giim-test.local
E101008,Nikos,Clarke,nikos.clarke2@giim-test.local,MKT,Lead,Support Office,Active,2017-10-30,,Full,mei.williams@giim-test.local
E101009,James,Murphy,james.murphy@giim-test.local,MER,Team Leader,Support Office,Left,2025-07-12,2025-04-11,Full,mei.kelly@giim-test.local
E101010,Tane,Wang,tane.wang@giim-test.local,CS,Lead,Support Office,Active,2026-01-01,,Full,grace.brown@giim-test.local
E101011,Lucas,Wilson,lucas.wilson2@giim-test.local,OPS,Team Leader,Support Office,Active,2023-02-03,,Full,liam.wang@giim-test.local
E101012,Ava,Patel,ava.patel@giim-test.local,LEG,Coordinator,Support Office,Active,2025-02-10,,Full,hiroshi.chen@giim-test.local
E101013,Emily,Jones,emily.jones@giim-test.local,CS,Senior Analyst,Support Office,Active,2020-06-26,,Full,grace.brown@giim-test.local
E101014,Jack,Kaur,jack.kaur2@giim-test.local,ECOM,Coordinator,Support Office,Active,2022-10-13,,Full,emily.nguyen@giim-test.local
E101015,Liam,Anderson,liam.anderson@giim-test.local,SC,Team Leader,Distribution Centre,Active,2016-11-02,,Light,matilda.kaur@giim-test.local
E101016,Oliver,Ryan,oliver.ryan@giim-test.local,SC,Coordinator,Distribution Centre,Active,2019-04-18,,Light,matilda.kaur@giim-test.local
E101017,Ella,Thompson,ella.thompson4@giim-test.local,LEG,Team Leader,Support Office,Active,2023-07-20,,Full,hiroshi.chen@giim-test.local
E101018,Ella,Singh,ella.singh@giim-test.local,LEG,Analyst,Support Office,Active,2022-07-31,,Full,hiroshi.chen@giim-test.local
E101019,Mason,Williams,mason.williams@giim-test.local,FIN,Officer,Support Office,Active,2023-03-22,,Full,olivia.robinson@giim-test.local
E101020,Hiroshi,Brown,hiroshi.brown2@giim-test.local,MER,Senior Analyst,Support Office,Active,2016-07-25,,Full,mei.kelly@giim-test.local
E101021,Mia,Martin,mia.martin2@giim-test.local,PROP,Coordinator,Support Office,Leaving,2016-05-22,2026-10-27,Full,leo.brown@giim-test.local
E101022,Chloe,Chen,chloe.chen@giim-test.local,SAL,Officer,Support Office,Active,2025-06-28,,Full,olivia.wilson@giim-test.local
E101023,Ruby,Clarke,ruby.clarke3@giim-test.local,FIN,Lead,Support Office,Active,2016-10-03,,Full,olivia.robinson@giim-test.local
E101024,Harper,Patel,harper.patel2@giim-test.local,RISK,Team Leader,Support Office,Active,2020-10-03,,Full,ethan.kaur@giim-test.local
E101025,Henry,Chen,henry.chen@giim-test.local,PROP,Senior Analyst,Support Office,Active,2024-10-31,,Full,leo.brown@giim-test.local
E101026,Sophie,Martin,sophie.martin4@giim-test.local,MKT,Coordinator,Support Office,Active,2017-10-26,,Full,mei.williams@giim-test.local
E101027,Harper,Murphy,harper.murphy@giim-test.local,MKT,Specialist,Support Office,Left,2019-12-27,2026-01-19,Full,mei.williams@giim-test.local
E101028,Fatima,Williams,fatima.williams@giim-test.local,DATA,Analyst,Support Office,Active,2018-02-27,,Full,hunter.murphy@giim-test.local
E101029,Mia,Wilson,mia.wilson@giim-test.local,DATA,Associate,Support Office,Active,2020-04-24,,Full,hunter.murphy@giim-test.local
E101030,Chloe,Ryan,chloe.ryan3@giim-test.local,DATA,Officer,Support Office,Active,2021-09-01,,Full,hunter.murphy@giim-test.local
E101031,Isla,Lee,isla.lee2@giim-test.local,PROP,Specialist,Support Office,Active,2023-06-27,,Full,leo.brown@giim-test.local
E101032,Sophie,Kelly,sophie.kelly@giim-test.local,MER,Senior Analyst,Support Office,Active,2025-08-27,,Full,mei.kelly@giim-test.local
E101033,Harrison,Williams,harrison.williams3@giim-test.local,SAL,Officer,Support Office,Active,2016-10-05,,Full,olivia.wilson@giim-test.local
E101034,Noah,Thompson,noah.thompson3@giim-test.local,CS,Lead,Support Office,Active,2024-10-28,,Full,grace.brown@giim-test.local
E101035,Noah,Kaur,noah.kaur@giim-test.local,FIN,Lead,Support Office,Active,2019-10-28,,Full,olivia.robinson@giim-test.local
E101036,Noah,Nguyen,noah.nguyen3@giim-test.local,LOG,Associate,Distribution Centre,Active,2024-03-19,,Light,mei.walker@giim-test.local
E101037,Mia,Kaur,mia.kaur@giim-test.local,HR,Manager,Support Office,Active,2019-07-21,,Full,hunter.robinson@giim-test.local
E101038,Arjun,Jones,arjun.jones@giim-test.local,MER,Advisor,Support Office,Pending,2026-11-06,,Full,mei.kelly@giim-test.local
E101039,Mei,Williams,mei.williams2@giim-test.local,MKT,Officer,Support Office,Active,2021-04-28,,Full,mei.williams@giim-test.local
E101040,Sophie,Chen,sophie.chen3@giim-test.local,DATA,Team Leader,Support Office,Active,2022-04-26,,Full,hunter.murphy@giim-test.local
E101041,Cooper,Martin,cooper.martin2@giim-test.local,OPS,Officer,Support Office,Active,2018-04-30,,Full,liam.wang@giim-test.local
E101042,Harper,Taylor,harper.taylor2@giim-test.local,EXEC,Advisor,Support Office,Active,2017-04-15,,Full,harrison.mitchell@giim-test.local
E101043,Hunter,Thompson,hunter.thompson2@giim-test.local,DATA,Analyst,Support Office,Leaving,2021-06-15,2026-10-01,Full,hunter.murphy@giim-test.local
E101044,Mason,Lee,mason.lee4@giim-test.local,RISK,Lead,Support Office,Active,2023-09-12,,Full,ethan.kaur@giim-test.local
E101045,Liam,Clarke,liam.clarke@giim-test.local,RISK,Specialist,Support Office,Active,2023-05-19,,Full,ethan.kaur@giim-test.local
E101046,Isla,Murphy,isla.murphy2@giim-test.local,LOG,Advisor,Distribution Centre,Active,2020-01-13,,Full,mei.walker@giim-test.local
E101047,Zoe,Brown,zoe.brown@giim-test.local,IT,Analyst,Support Office,Active,2017-02-18,,Full,nikos.scott@giim-test.local
E101048,Chloe,Kaur,chloe.kaur@giim-test.local,PROP,Coordinator,Support Office,Active,2020-10-08,,Full,leo.brown@giim-test.local
E101049,Mason,Ryan,mason.ryan@giim-test.local,PAY,Associate,Support Office,Active,2025-04-06,,Full,jack.robinson@giim-test.local
E101050,Emily,Nguyen,emily.nguyen5@giim-test.local,FAC,Advisor,Distribution Centre,Pending,2026-10-05,,Full,grace.brown2@giim-test.local
E101051,Wei,Robinson,wei.robinson2@giim-test.local,RISK,Advisor,Support Office,Active,2025-12-16,,Full,ethan.kaur@giim-test.local
E101052,Chloe,Clarke,chloe.clarke2@giim-test.local,MER,Team Leader,Support Office,Active,2022-11-18,,Full,mei.kelly@giim-test.local
E101053,Mason,Taylor,mason.taylor@giim-test.local,FAC,Officer,Distribution Centre,Active,2022-08-04,,Light,grace.brown2@giim-test.local
E101054,Mei,Kaur,mei.kaur@giim-test.local,CS,Lead,Support Office,Active,2016-12-26,,Full,grace.brown@giim-test.local
E101055,Priya,Jones,priya.jones3@giim-test.local,PROP,Manager,Support Office,Active,2021-01-22,,Full,leo.brown@giim-test.local
E101056,Oliver,Patel,oliver.patel@giim-test.local,IT,Associate,Support Office,Active,2019-10-02,,Full,nikos.scott@giim-test.local
E101057,Noah,Kelly,noah.kelly3@giim-test.local,ECOM,Associate,Support Office,Left,2019-12-14,2026-04-10,Full,emily.nguyen@giim-test.local
E101058,Chloe,Clarke,chloe.clarke3@giim-test.local,PRC,Officer,Support Office,Active,2019-05-10,,Full,mei.martin@giim-test.local
E101059,Hiroshi,Walker,hiroshi.walker2@giim-test.local,MKT,Lead,Support Office,Active,2021-05-10,,Full,mei.williams@giim-test.local
E101060,Ava,Scott,ava.scott@giim-test.local,WHS,Associate,Support Office,Active,2024-09-16,,Full,hiroshi.young@giim-test.local
E101061,Fatima,Nguyen,fatima.nguyen2@giim-test.local,MER,Coordinator,Support Office,Active,2021-03-22,,Full,mei.kelly@giim-test.local
E101062,James,Wang,james.wang3@giim-test.local,PRC,Analyst,Support Office,Leaving,2017-10-05,2026-10-02,Full,mei.martin@giim-test.local
E101063,Tane,Nguyen,tane.nguyen4@giim-test.local,ECOM,Officer,Support Office,Active,2016-02-26,,Full,emily.nguyen@giim-test.local
E101064,Ella,Campbell,ella.campbell@giim-test.local,CS,Advisor,Support Office,Active,2024-06-18,,Full,grace.brown@giim-test.local
E101065,Hiroshi,Walker,hiroshi.walker3@giim-test.local,WHS,Associate,Support Office,Active,2016-07-15,,Full,hiroshi.young@giim-test.local
E101066,Mason,Ryan,mason.ryan2@giim-test.local,PRC,Officer,Support Office,Active,2018-06-11,,Full,mei.martin@giim-test.local
E101067,Olivia,Chen,olivia.chen3@giim-test.local,DATA,Associate,Support Office,Active,2016-03-18,,Full,hunter.murphy@giim-test.local
E101068,Aisha,Anderson,aisha.anderson2@giim-test.local,FIN,Manager,Support Office,Leaving,2020-09-29,2026-10-30,Full,olivia.robinson@giim-test.local
E101069,Zoe,Taylor,zoe.taylor3@giim-test.local,PRC,Analyst,Support Office,Active,2021-03-18,,Full,mei.martin@giim-test.local
E101070,Cooper,Wang,cooper.wang@giim-test.local,HR,Lead,Support Office,Active,2023-03-11,,Full,hunter.robinson@giim-test.local
E101071,Leo,Anderson,leo.anderson2@giim-test.local,SAL,Team Leader,Support Office,Active,2024-03-19,,Full,olivia.wilson@giim-test.local
E101072,Noah,Robinson,noah.robinson2@giim-test.local,SC,Manager,Distribution Centre,Active,2018-06-20,,Full,matilda.kaur@giim-test.local
E101073,Charlotte,Wang,charlotte.wang2@giim-test.local,RISK,Coordinator,Support Office,Active,2023-11-23,,Full,ethan.kaur@giim-test.local
E101074,Thomas,Kelly,thomas.kelly@giim-test.local,ECOM,Senior Analyst,Support Office,Active,2019-03-10,,Full,emily.nguyen@giim-test.local
E101075,Chloe,Nguyen,chloe.nguyen@giim-test.local,IT,Analyst,Support Office,Active,2024-06-30,,Full,nikos.scott@giim-test.local
E101076,Grace,Brown,grace.brown4@giim-test.local,OPS,Officer,Support Office,Active,2021-12-18,,Full,liam.wang@giim-test.local
E101077,Mei,Mitchell,mei.mitchell@giim-test.local,FIN,Lead,Support Office,Active,2020-10-23,,Full,olivia.robinson@giim-test.local
E101078,Aisha,Taylor,aisha.taylor2@giim-test.local,FIN,Lead,Support Office,Active,2016-08-17,,Full,olivia.robinson@giim-test.local
E101079,Mei,Thompson,mei.thompson@giim-test.local,OPS,Team Leader,Support Office,Active,2020-09-23,,Full,liam.wang@giim-test.local
E101080,Mei,Mitchell,mei.mitchell2@giim-test.local,ECOM,Senior Analyst,Support Office,Active,2023-01-10,,Full,emily.nguyen@giim-test.local
E101081,Henry,Kelly,henry.kelly@giim-test.local,SAL,Officer,Support Office,Active,2018-06-01,,Full,olivia.wilson@giim-test.local
E101082,Isla,Lee,isla.lee3@giim-test.local,OPS,Manager,Support Office,Active,2016-12-16,,Full,liam.wang@giim-test.local
E101083,Thomas,Ryan,thomas.ryan@giim-test.local,OPS,Team Leader,Support Office,Active,2023-01-23,,Full,liam.wang@giim-test.local
E101084,Noah,Mitchell,noah.mitchell2@giim-test.local,EXEC,Analyst,Support Office,Active,2018-10-01,,Full,harrison.mitchell@giim-test.local
E101085,Fatima,Wang,fatima.wang2@giim-test.local,SC,Advisor,Distribution Centre,Active,2022-05-11,,Full,matilda.kaur@giim-test.local
E101086,Cooper,Kaur,cooper.kaur@giim-test.local,SAL,Specialist,Support Office,Active,2016-10-17,,Full,olivia.wilson@giim-test.local
E101087,Emily,Ryan,emily.ryan2@giim-test.local,DATA,Manager,Support Office,Active,2023-11-20,,Full,hunter.murphy@giim-test.local
E101088,Leo,Scott,leo.scott4@giim-test.local,LEG,Analyst,Support Office,Active,2017-05-23,,Full,hiroshi.chen@giim-test.local
E101089,Ella,White,ella.white3@giim-test.local,MKT,Coordinator,Support Office,Active,2023-11-11,,Full,mei.williams@giim-test.local
E101090,Mateo,Kelly,mateo.kelly3@giim-test.local,IT,Associate,Support Office,Active,2022-10-27,,Full,nikos.scott@giim-test.local
E101091,Zoe,Clarke,zoe.clarke3@giim-test.local,RISK,Advisor,Support Office,Active,2019-08-09,,Full,ethan.kaur@giim-test.local
E101092,Grace,Mitchell,grace.mitchell3@giim-test.local,SC,Manager,Distribution Centre,Active,2019-09-20,,Light,matilda.kaur@giim-test.local
E101093,Mason,Wang,mason.wang4@giim-test.local,SAL,Team Leader,Support Office,Active,2018-07-21,,Full,olivia.wilson@giim-test.local
E101094,Mason,Kelly,mason.kelly@giim-test.local,DATA,Manager,Support Office,Active,2022-04-20,,Full,hunter.murphy@giim-test.local
E101095,Sophie,Ryan,sophie.ryan2@giim-test.local,LOG,Senior Analyst,Distribution Centre,Active,2026-03-18,,Full,mei.walker@giim-test.local
E101096,Mason,Smith,mason.smith3@giim-test.local,LEG,Associate,Support Office,Active,2025-02-21,,Full,hiroshi.chen@giim-test.local
E101097,Ava,Kelly,ava.kelly2@giim-test.local,EXEC,Senior Analyst,Support Office,Left,2025-02-05,2026-04-29,Full,harrison.mitchell@giim-test.local
E101098,Lucas,Murphy,lucas.murphy@giim-test.local,OPS,Team Leader,Support Office,Active,2022-06-28,,Full,liam.wang@giim-test.local
E101099,Jack,King,jack.king2@giim-test.local,DATA,Associate,Support Office,Active,2018-09-23,,Full,hunter.murphy@giim-test.local
E101100,Arjun,Chen,arjun.chen3@giim-test.local,EXEC,Senior Analyst,Support Office,Leaving,2018-07-11,2026-10-11,Full,harrison.mitchell@giim-test.local
E101101,Grace,Murphy,grace.murphy@giim-test.local,LOG,Senior Analyst,Distribution Centre,Active,2024-03-08,,Full,mei.walker@giim-test.local
E101102,Hiroshi,Anderson,hiroshi.anderson4@giim-test.local,OPS,Manager,Support Office,Active,2017-12-31,,Full,liam.wang@giim-test.local
E101103,Priya,Brown,priya.brown4@giim-test.local,DATA,Associate,Support Office,Active,2019-05-06,,Full,hunter.murphy@giim-test.local
E101104,Oliver,Young,oliver.young2@giim-test.local,LOG,Associate,Distribution Centre,Active,2017-03-04,,Light,mei.walker@giim-test.local
E101105,Ella,Scott,ella.scott@giim-test.local,FIN,Team Leader,Support Office,Pending,2026-10-28,,Full,olivia.robinson@giim-test.local
E101106,Oliver,Campbell,oliver.campbell@giim-test.local,EXEC,Manager,Support Office,Active,2021-04-13,,Full,harrison.mitchell@giim-test.local
E101107,William,Johnson,william.johnson@giim-test.local,ECOM,Manager,Support Office,Active,2025-12-13,,Full,emily.nguyen@giim-test.local
E101108,Mason,Jones,mason.jones2@giim-test.local,PAY,Specialist,Support Office,Active,2017-10-14,,Full,jack.robinson@giim-test.local
E101109,Isla,Patel,isla.patel4@giim-test.local,PROP,Coordinator,Support Office,Active,2026-04-16,,Full,leo.brown@giim-test.local
E101110,Thomas,Harris,thomas.harris2@giim-test.local,LEG,Specialist,Support Office,Active,2024-02-04,,Full,hiroshi.chen@giim-test.local
E101111,Lucas,Singh,lucas.singh3@giim-test.local,SC,Associate,Distribution Centre,Active,2018-11-20,,Light,matilda.kaur@giim-test.local
E101112,Hunter,Nguyen,hunter.nguyen@giim-test.local,LOG,Analyst,Distribution Centre,Active,2016-10-16,,Full,mei.walker@giim-test.local
E101113,Oliver,Mitchell,oliver.mitchell@giim-test.local,CS,Team Leader,Support Office,Active,2018-07-06,,Full,grace.brown@giim-test.local
E101114,Arjun,Harris,arjun.harris2@giim-test.local,MKT,Lead,Support Office,Active,2019-12-06,,Full,mei.williams@giim-test.local
E101115,Ella,Martin,ella.martin2@giim-test.local,SC,Associate,Distribution Centre,Pending,2026-10-08,,Full,matilda.kaur@giim-test.local
E101116,Thomas,Kaur,thomas.kaur2@giim-test.local,OPS,Coordinator,Support Office,Left,2018-03-19,2025-10-04,Full,liam.wang@giim-test.local
E101117,Harper,Anderson,harper.anderson2@giim-test.local,MKT,Analyst,Support Office,Active,2016-10-30,,Full,mei.williams@giim-test.local
E101118,Aisha,Smith,aisha.smith2@giim-test.local,LOG,Analyst,Distribution Centre,Active,2021-03-11,,Full,mei.walker@giim-test.local
E101119,Ella,Campbell,ella.campbell2@giim-test.local,MKT,Team Leader,Support Office,Active,2019-03-12,,Full,mei.williams@giim-test.local
E101120,Leo,White,leo.white2@giim-test.local,FIN,Analyst,Support Office,Active,2022-01-09,,Full,olivia.robinson@giim-test.local
E101121,Charlotte,Singh,charlotte.singh2@giim-test.local,MER,Officer,Support Office,Active,2016-03-27,,Full,mei.kelly@giim-test.local
E101122,Sophie,Nguyen,sophie.nguyen2@giim-test.local,IT,Senior Analyst,Support Office,Active,2026-08-08,,Full,nikos.scott@giim-test.local
E101123,Emily,Young,emily.young@giim-test.local,PRC,Coordinator,Support Office,Active,2025-12-09,,Full,mei.martin@giim-test.local
E101124,Wei,Martin,wei.martin4@giim-test.local,WHS,Officer,Support Office,Active,2022-08-18,,Full,hiroshi.young@giim-test.local
E101125,James,Patel,james.patel2@giim-test.local,PROP,Analyst,Support Office,Active,2021-10-07,,Full,leo.brown@giim-test.local
E101126,Jack,Wilson,jack.wilson2@giim-test.local,MER,Lead,Support Office,Active,2016-10-01,,Full,mei.kelly@giim-test.local
E101127,Wei,Robinson,wei.robinson3@giim-test.local,EXEC,Advisor,Support Office,Left,2024-06-15,2025-06-08,Full,harrison.mitchell@giim-test.local
E101128,Chloe,Kaur,chloe.kaur2@giim-test.local,MKT,Team Leader,Support Office,Active,2016-02-04,,Full,mei.williams@giim-test.local
E101129,Zoe,Jones,zoe.jones2@giim-test.local,IT,Advisor,Support Office,Active,2025-04-14,,Full,nikos.scott@giim-test.local
E101130,Chloe,Smith,chloe.smith@giim-test.local,LEG,Lead,Support Office,Active,2021-05-05,,Full,hiroshi.chen@giim-test.local
E101131,Noah,Taylor,noah.taylor2@giim-test.local,SC,Coordinator,Distribution Centre,Active,2017-06-18,,Full,matilda.kaur@giim-test.local
E101132,Tane,Scott,tane.scott2@giim-test.local,MKT,Lead,Support Office,Active,2016-07-19,,Full,mei.williams@giim-test.local
E101133,Olivia,Campbell,olivia.campbell@giim-test.local,RISK,Advisor,Support Office,Active,2021-04-27,,Full,ethan.kaur@giim-test.local
E101134,Wei,Young,wei.young2@giim-test.local,CS,Associate,Support Office,Active,2019-06-28,,Full,grace.brown@giim-test.local
E101135,Wei,Anderson,wei.anderson2@giim-test.local,MKT,Lead,Support Office,Active,2017-07-18,,Full,mei.williams@giim-test.local
E101136,Emily,Murphy,emily.murphy@giim-test.local,PRC,Team Leader,Support Office,Active,2021-03-30,,Full,mei.martin@giim-test.local
E101137,Noah,Wang,noah.wang@giim-test.local,HR,Officer,Support Office,Active,2024-06-03,,Full,hunter.robinson@giim-test.local
E101138,Lucas,White,lucas.white2@giim-test.local,IT,Officer,Support Office,Active,2026-04-28,,Full,nikos.scott@giim-test.local
E101139,Hiroshi,Singh,hiroshi.singh3@giim-test.local,SAL,Senior Analyst,Support Office,Active,2023-09-01,,Full,olivia.wilson@giim-test.local
E101140,Priya,Robinson,priya.robinson2@giim-test.local,WHS,Associate,Support Office,Left,2019-06-29,2025-04-16,Full,hiroshi.young@giim-test.local
E101141,Thomas,Jones,thomas.jones@giim-test.local,FIN,Analyst,Support Office,Active,2024-02-24,,Full,olivia.robinson@giim-test.local
E101142,Mateo,Johnson,mateo.johnson@giim-test.local,LEG,Lead,Support Office,Active,2020-09-16,,Full,hiroshi.chen@giim-test.local
E101143,Jack,Anderson,jack.anderson@giim-test.local,WHS,Manager,Support Office,Active,2018-04-16,,Full,hiroshi.young@giim-test.local
E101144,Amelia,Chen,amelia.chen2@giim-test.local,LEG,Coordinator,Support Office,Active,2024-01-24,,Full,hiroshi.chen@giim-test.local
E101145,Olivia,Chen,olivia.chen4@giim-test.local,SC,Advisor,Distribution Centre,Active,2024-12-06,,Light,matilda.kaur@giim-test.local
E101146,Harper,Mitchell,harper.mitchell3@giim-test.local,FAC,Team Leader,Distribution Centre,Active,2023-09-29,,Light,grace.brown2@giim-test.local
E101147,Fatima,Harris,fatima.harris2@giim-test.local,MKT,Manager,Support Office,Active,2025-02-21,,Full,mei.williams@giim-test.local
E101148,Matilda,Mitchell,matilda.mitchell@giim-test.local,PAY,Team Leader,Support Office,Active,2017-05-12,,Full,jack.robinson@giim-test.local
E101149,Mateo,Clarke,mateo.clarke2@giim-test.local,PRC,Coordinator,Support Office,Active,2016-10-01,,Full,mei.martin@giim-test.local
E101150,Wei,Taylor,wei.taylor@giim-test.local,WHS,Specialist,Support Office,Active,2017-08-19,,Full,hiroshi.young@giim-test.local
E101151,Leo,Patel,leo.patel2@giim-test.local,CS,Advisor,Support Office,Active,2018-08-02,,Full,grace.brown@giim-test.local
E101152,Amelia,Wilson,amelia.wilson@giim-test.local,OPS,Specialist,Support Office,Active,2023-06-25,,Full,liam.wang@giim-test.local
E101153,Wei,King,wei.king2@giim-test.local,WHS,Associate,Support Office,Active,2019-04-18,,Full,hiroshi.young@giim-test.local
E101154,Ethan,Ryan,ethan.ryan2@giim-test.local,HR,Associate,Support Office,Active,2025-04-23,,Full,hunter.robinson@giim-test.local
E101155,Ethan,Singh,ethan.singh3@giim-test.local,HR,Coordinator,Support Office,Active,2020-10-26,,Full,hunter.robinson@giim-test.local
E101156,Olivia,Harris,olivia.harris3@giim-test.local,SAL,Associate,Support Office,Active,2016-10-08,,Full,olivia.wilson@giim-test.local
E101157,Mia,White,mia.white@giim-test.local,RISK,Senior Analyst,Support Office,Active,2017-11-20,,Full,ethan.kaur@giim-test.local
E101158,Emily,Ryan,emily.ryan3@giim-test.local,SAL,Manager,Support Office,Active,2022-02-22,,Full,olivia.wilson@giim-test.local
E101159,Lucas,Scott,lucas.scott2@giim-test.local,LOG,Team Leader,Distribution Centre,Leaving,2019-08-24,2026-10-28,Full,mei.walker@giim-test.local
E101160,Aisha,Wilson,aisha.wilson2@giim-test.local,PROP,Team Leader,Support Office,Pending,2026-11-12,,Full,leo.brown@giim-test.local
E101161,Grace,Martin,grace.martin@giim-test.local,MER,Specialist,Support Office,Active,2025-02-17,,Full,mei.kelly@giim-test.local
E101162,Liam,Kelly,liam.kelly@giim-test.local,DATA,Advisor,Support Office,Active,2021-08-12,,Full,hunter.murphy@giim-test.local
E101163,Harrison,Taylor,harrison.taylor@giim-test.local,OPS,Senior Analyst,Support Office,Active,2019-11-02,,Full,liam.wang@giim-test.local
E101164,Aisha,Nguyen,aisha.nguyen3@giim-test.local,PRC,Team Leader,Support Office,Leaving,2018-11-24,2026-10-29,Full,mei.martin@giim-test.local
E101165,Fatima,Walker,fatima.walker2@giim-test.local,LEG,Senior Analyst,Support Office,Leaving,2025-07-11,2026-10-15,Full,hiroshi.chen@giim-test.local
E101166,Mason,Ryan,mason.ryan3@giim-test.local,EXEC,Advisor,Support Office,Active,2018-11-05,,Full,harrison.mitchell@giim-test.local
E101167,Charlotte,Clarke,charlotte.clarke2@giim-test.local,ECOM,Associate,Support Office,Active,2024-01-17,,Full,emily.nguyen@giim-test.local
E101168,Oliver,Robinson,oliver.robinson2@giim-test.local,IT,Manager,Support Office,Active,2016-10-15,,Full,nikos.scott@giim-test.local
E101169,Hunter,Kaur,hunter.kaur2@giim-test.local,LOG,Coordinator,Distribution Centre,Active,2016-08-09,,Full,mei.walker@giim-test.local
E101170,Henry,Walker,henry.walker@giim-test.local,OPS,Advisor,Support Office,Active,2021-03-14,,Full,liam.wang@giim-test.local
E101171,Charlotte,Wang,charlotte.wang3@giim-test.local,PROP,Lead,Support Office,Active,2024-04-01,,Full,leo.brown@giim-test.local
E101172,William,Murphy,william.murphy@giim-test.local,EXEC,Lead,Support Office,Active,2018-12-13,,Full,harrison.mitchell@giim-test.local
E101173,Hiroshi,Johnson,hiroshi.johnson@giim-test.local,PAY,Officer,Support Office,Active,2024-09-23,,Full,jack.robinson@giim-test.local
E101174,Jack,Thompson,jack.thompson2@giim-test.local,ECOM,Specialist,Support Office,Active,2020-09-15,,Full,emily.nguyen@giim-test.local
E101175,Henry,Clarke,henry.clarke4@giim-test.local,MER,Manager,Support Office,Active,2016-02-07,,Full,mei.kelly@giim-test.local
E101176,Liam,Lee,liam.lee2@giim-test.local,PAY,Advisor,Support Office,Active,2016-07-25,,Full,jack.robinson@giim-test.local
E101177,Zoe,Campbell,zoe.campbell3@giim-test.local,SAL,Specialist,Support Office,Active,2017-01-10,,Full,olivia.wilson@giim-test.local
E101178,Ruby,Robinson,ruby.robinson@giim-test.local,ECOM,Advisor,Support Office,Active,2017-05-29,,Full,emily.nguyen@giim-test.local
E101179,Sophie,Mitchell,sophie.mitchell3@giim-test.local,FIN,Specialist,Support Office,Active,2023-07-21,,Full,olivia.robinson@giim-test.local
E101180,Noah,White,noah.white@giim-test.local,PRC,Specialist,Support Office,Active,2020-04-02,,Full,mei.martin@giim-test.local
E101181,Fatima,Johnson,fatima.johnson2@giim-test.local,HR,Officer,Support Office,Active,2020-01-04,,Full,hunter.robinson@giim-test.local
E101182,Zoe,Smith,zoe.smith2@giim-test.local,CS,Lead,Support Office,Active,2021-02-01,,Full,grace.brown@giim-test.local
E101183,Matilda,Kelly,matilda.kelly@giim-test.local,ECOM,Coordinator,Support Office,Active,2017-01-04,,Full,emily.nguyen@giim-test.local
E101184,Priya,Thompson,priya.thompson3@giim-test.local,ECOM,Specialist,Support Office,Active,2017-06-28,,Full,emily.nguyen@giim-test.local
E101185,Priya,Clarke,priya.clarke2@giim-test.local,PROP,Advisor,Support Office,Active,2017-06-30,,Full,leo.brown@giim-test.local
E101186,Nikos,Ryan,nikos.ryan@giim-test.local,CS,Analyst,Support Office,Pending,2026-10-29,,Full,grace.brown@giim-test.local
E101187,Ella,Mitchell,ella.mitchell@giim-test.local,CS,Advisor,Support Office,Active,2023-07-07,,Full,grace.brown@giim-test.local
E101188,Charlotte,Young,charlotte.young2@giim-test.local,PROP,Advisor,Support Office,Active,2025-09-02,,Full,leo.brown@giim-test.local
E101189,Ruby,Jones,ruby.jones@giim-test.local,MKT,Lead,Support Office,Active,2022-03-10,,Full,mei.williams@giim-test.local
E101190,Arjun,Clarke,arjun.clarke3@giim-test.local,FAC,Officer,Distribution Centre,Leaving,2025-04-06,2026-10-23,Light,grace.brown2@giim-test.local
E101191,Jack,Lee,jack.lee4@giim-test.local,LEG,Advisor,Support Office,Active,2020-09-06,,Full,hiroshi.chen@giim-test.local
E101192,Olivia,Taylor,olivia.taylor@giim-test.local,HR,Analyst,Support Office,Active,2022-06-26,,Full,hunter.robinson@giim-test.local
E101193,Thomas,Harris,thomas.harris3@giim-test.local,EXEC,Associate,Support Office,Active,2019-02-20,,Full,harrison.mitchell@giim-test.local
E101194,Thomas,King,thomas.king@giim-test.local,EXEC,Specialist,Support Office,Active,2019-04-25,,Full,harrison.mitchell@giim-test.local
E101195,Harrison,Jones,harrison.jones@giim-test.local,SAL,Team Leader,Support Office,Active,2022-10-30,,Full,olivia.wilson@giim-test.local
E101196,Oliver,Thompson,oliver.thompson2@giim-test.local,LOG,Team Leader,Distribution Centre,Active,2025-01-22,,Light,mei.walker@giim-test.local
E101197,Liam,Martin,liam.martin3@giim-test.local,PROP,Coordinator,Support Office,Active,2023-07-28,,Full,leo.brown@giim-test.local
E101198,Cooper,Williams,cooper.williams2@giim-test.local,PAY,Manager,Support Office,Active,2016-06-29,,Full,jack.robinson@giim-test.local
E101199,Grace,Taylor,grace.taylor2@giim-test.local,SC,Lead,Distribution Centre,Active,2024-10-10,,Light,matilda.kaur@giim-test.local
E101200,Amelia,Jones,amelia.jones4@giim-test.local,WHS,Manager,Support Office,Active,2024-11-23,,Full,hiroshi.young@giim-test.local
E101201,Liam,Scott,liam.scott2@giim-test.local,DATA,Analyst,Support Office,Active,2023-06-06,,Full,hunter.murphy@giim-test.local
E101202,Mei,Patel,mei.patel2@giim-test.local,MER,Officer,Support Office,Active,2016-06-03,,Full,mei.kelly@giim-test.local
E101203,James,Smith,james.smith@giim-test.local,WHS,Specialist,Support Office,Active,2025-09-21,,Full,hiroshi.young@giim-test.local
E101204,Harrison,Taylor,harrison.taylor2@giim-test.local,CS,Manager,Support Office,Active,2022-09-25,,Full,grace.brown@giim-test.local
E101205,Sophie,Murphy,sophie.murphy3@giim-test.local,SAL,Manager,Support Office,Active,2022-06-15,,Full,olivia.wilson@giim-test.local
E101206,Hunter,King,hunter.king2@giim-test.local,PAY,Advisor,Support Office,Active,2019-03-04,,Full,jack.robinson@giim-test.local
E101207,Tane,Harris,tane.harris@giim-test.local,PAY,Team Leader,Support Office,Active,2026-04-08,,Full,jack.robinson@giim-test.local
E101208,Ava,Mitchell,ava.mitchell2@giim-test.local,MER,Team Leader,Support Office,Active,2017-12-16,,Full,mei.kelly@giim-test.local
E101209,Priya,Thompson,priya.thompson4@giim-test.local,EXEC,Senior Analyst,Support Office,Active,2023-10-30,,Full,harrison.mitchell@giim-test.local
E101210,Isla,White,isla.white2@giim-test.local,LEG,Senior Analyst,Support Office,Active,2022-02-04,,Full,hiroshi.chen@giim-test.local
E101211,Henry,Brown,henry.brown2@giim-test.local,PRC,Team Leader,Support Office,Active,2018-06-06,,Full,mei.martin@giim-test.local
E101212,Chloe,Jones,chloe.jones@giim-test.local,FIN,Advisor,Support Office,Active,2019-04-23,,Full,olivia.robinson@giim-test.local
E101213,Harrison,Murphy,harrison.murphy@giim-test.local,MER,Lead,Support Office,Active,2023-01-28,,Full,mei.kelly@giim-test.local
E101214,Oliver,Martin,oliver.martin@giim-test.local,PROP,Analyst,Support Office,Active,2018-06-06,,Full,leo.brown@giim-test.local
E101215,Hunter,Anderson,hunter.anderson2@giim-test.local,HR,Specialist,Support Office,Leaving,2020-12-24,2026-10-07,Full,hunter.robinson@giim-test.local
E101216,Ella,White,ella.white4@giim-test.local,MER,Specialist,Support Office,Active,2023-06-26,,Full,mei.kelly@giim-test.local
E101217,Matilda,Walker,matilda.walker@giim-test.local,LOG,Team Leader,Distribution Centre,Active,2017-10-20,,Light,mei.walker@giim-test.local
E101218,Matilda,Clarke,matilda.clarke2@giim-test.local,OPS,Team Leader,Support Office,Active,2025-08-05,,Full,liam.wang@giim-test.local
E101219,Lucas,Jones,lucas.jones2@giim-test.local,CS,Analyst,Support Office,Active,2017-06-15,,Full,grace.brown@giim-test.local
E101220,Charlotte,Wilson,charlotte.wilson4@giim-test.local,SC,Specialist,Distribution Centre,Active,2024-11-25,,Light,matilda.kaur@giim-test.local
E101221,Mei,Robinson,mei.robinson@giim-test.local,ECOM,Advisor,Support Office,Active,2016-05-02,,Full,emily.nguyen@giim-test.local
E101222,Ava,Brown,ava.brown2@giim-test.local,CS,Analyst,Support Office,Active,2019-02-01,,Full,grace.brown@giim-test.local
E101223,Ella,Brown,ella.brown2@giim-test.local,CS,Associate,Support Office,Active,2023-10-29,,Full,grace.brown@giim-test.local
E101224,William,Lee,william.lee2@giim-test.local,PAY,Team Leader,Support Office,Pending,2026-11-11,,Full,jack.robinson@giim-test.local
E101225,Ella,Murphy,ella.murphy@giim-test.local,PAY,Associate,Support Office,Active,2019-05-28,,Full,jack.robinson@giim-test.local
E101226,Harper,Robinson,harper.robinson3@giim-test.local,LEG,Advisor,Support Office,Active,2023-11-10,,Full,hiroshi.chen@giim-test.local
E101227,Grace,Brown,grace.brown5@giim-test.local,WHS,Coordinator,Support Office,Active,2025-10-13,,Full,hiroshi.young@giim-test.local
E101228,Arjun,Brown,arjun.brown2@giim-test.local,FIN,Manager,Support Office,Active,2020-12-03,,Full,olivia.robinson@giim-test.local
E101229,Priya,Young,priya.young@giim-test.local,OPS,Associate,Support Office,Active,2023-08-13,,Full,liam.wang@giim-test.local
E101230,Fatima,Patel,fatima.patel3@giim-test.local,FAC,Lead,Distribution Centre,Left,2021-04-22,2025-03-12,Light,grace.brown2@giim-test.local
E101231,Zoe,Young,zoe.young@giim-test.local,LOG,Manager,Distribution Centre,Active,2020-04-03,,Full,mei.walker@giim-test.local
E101232,Matilda,Robinson,matilda.robinson@giim-test.local,FAC,Team Leader,Distribution Centre,Active,2019-09-19,,Light,grace.brown2@giim-test.local
E101233,Arjun,Thompson,arjun.thompson2@giim-test.local,FAC,Lead,Distribution Centre,Active,2026-08-14,,Light,grace.brown2@giim-test.local
E101234,Arjun,Lee,arjun.lee2@giim-test.local,RISK,Advisor,Support Office,Active,2018-02-26,,Full,ethan.kaur@giim-test.local
E101235,Jack,Taylor,jack.taylor@giim-test.local,DATA,Specialist,Support Office,Active,2018-06-05,,Full,hunter.murphy@giim-test.local
E101236,Ella,King,ella.king2@giim-test.local,OPS,Officer,Support Office,Active,2026-06-22,,Full,liam.wang@giim-test.local
E101237,Tane,Anderson,tane.anderson@giim-test.local,CS,Specialist,Support Office,Active,2016-09-19,,Full,grace.brown@giim-test.local
E101238,Harper,Harris,harper.harris@giim-test.local,LEG,Analyst,Support Office,Active,2025-08-17,,Full,hiroshi.chen@giim-test.local
E101239,Aisha,Nguyen,aisha.nguyen4@giim-test.local,HR,Team Leader,Support Office,Active,2026-05-24,,Full,hunter.robinson@giim-test.local
E101240,Oliver,Brown,oliver.brown3@giim-test.local,CS,Lead,Support Office,Active,2018-01-26,,Full,grace.brown@giim-test.local
E101241,Grace,Anderson,grace.anderson2@giim-test.local,PROP,Associate,Support Office,Active,2025-07-02,,Full,leo.brown@giim-test.local
E101242,Mei,Singh,mei.singh2@giim-test.local,SAL,Specialist,Support Office,Active,2020-01-07,,Full,olivia.wilson@giim-test.local
E101243,Ella,Lee,ella.lee3@giim-test.local,LOG,Coordinator,Distribution Centre,Active,2017-04-24,,Light,mei.walker@giim-test.local
E101244,Leo,Williams,leo.williams2@giim-test.local,MER,Senior Analyst,Support Office,Active,2017-05-21,,Full,mei.kelly@giim-test.local
E101245,Wei,Brown,wei.brown2@giim-test.local,SAL,Team Leader,Support Office,Active,2021-09-06,,Full,olivia.wilson@giim-test.local
E101246,Grace,Thompson,grace.thompson@giim-test.local,LEG,Specialist,Support Office,Left,2021-09-22,2025-01-08,Full,hiroshi.chen@giim-test.local
E101247,Liam,Robinson,liam.robinson3@giim-test.local,DATA,Advisor,Support Office,Active,2025-04-30,,Full,hunter.murphy@giim-test.local
E101248,Mateo,Anderson,mateo.anderson2@giim-test.local,EXEC,Coordinator,Support Office,Pending,2026-10-19,,Full,harrison.mitchell@giim-test.local
E101249,Arjun,Campbell,arjun.campbell@giim-test.local,FAC,Senior Analyst,Distribution Centre,Active,2023-08-12,,Light,grace.brown2@giim-test.local
E101250,Ruby,Williams,ruby.williams@giim-test.local,DATA,Senior Analyst,Support Office,Active,2018-09-14,,Full,hunter.murphy@giim-test.local
E101251,Ella,Williams,ella.williams4@giim-test.local,MER,Specialist,Support Office,Active,2017-12-21,,Full,mei.kelly@giim-test.local
E101252,Cooper,Anderson,cooper.anderson3@giim-test.local,IT,Specialist,Support Office,Active,2023-06-24,,Full,nikos.scott@giim-test.local
E101253,Zoe,Martin,zoe.martin2@giim-test.local,RISK,Analyst,Support Office,Pending,2026-10-29,,Full,ethan.kaur@giim-test.local
E101254,Grace,Robinson,grace.robinson2@giim-test.local,LEG,Advisor,Support Office,Active,2019-06-10,,Full,hiroshi.chen@giim-test.local
E101255,Arjun,Campbell,arjun.campbell2@giim-test.local,HR,Team Leader,Support Office,Active,2021-08-17,,Full,hunter.robinson@giim-test.local
E101256,Ruby,Nguyen,ruby.nguyen2@giim-test.local,PRC,Advisor,Support Office,Active,2025-03-17,,Full,mei.martin@giim-test.local
E101257,Amelia,King,amelia.king@giim-test.local,MKT,Officer,Support Office,Active,2018-04-18,,Full,mei.williams@giim-test.local
E101258,Sophie,Anderson,sophie.anderson2@giim-test.local,LEG,Associate,Support Office,Active,2023-09-21,,Full,hiroshi.chen@giim-test.local
E101259,Ruby,Robinson,ruby.robinson2@giim-test.local,PROP,Associate,Support Office,Active,2017-10-07,,Full,leo.brown@giim-test.local
E101260,Lucas,King,lucas.king2@giim-test.local,OPS,Coordinator,Support Office,Pending,2026-10-27,,Full,liam.wang@giim-test.local
E101261,Jack,Taylor,jack.taylor2@giim-test.local,MKT,Team Leader,Support Office,Active,2016-06-07,,Full,mei.williams@giim-test.local
E101262,Olivia,Lee,olivia.lee@giim-test.local,PROP,Manager,Support Office,Active,2024-12-06,,Full,leo.brown@giim-test.local
E101263,Aisha,Mitchell,aisha.mitchell@giim-test.local,FAC,Specialist,Distribution Centre,Active,2017-04-09,,Light,grace.brown2@giim-test.local
E101264,Mei,Scott,mei.scott@giim-test.local,IT,Senior Analyst,Support Office,Active,2024-12-26,,Full,nikos.scott@giim-test.local
E101265,Lucas,Robinson,lucas.robinson@giim-test.local,PRC,Advisor,Support Office,Active,2025-09-26,,Full,mei.martin@giim-test.local
E101266,William,Young,william.young2@giim-test.local,HR,Analyst,Support Office,Active,2019-11-29,,Full,hunter.robinson@giim-test.local
E101267,Harrison,Nguyen,harrison.nguyen@giim-test.local,PAY,Analyst,Support Office,Active,2018-07-16,,Full,jack.robinson@giim-test.local
E101268,Amelia,Patel,amelia.patel2@giim-test.local,LOG,Officer,Distribution Centre,Leaving,2018-03-12,2026-10-13,Light,mei.walker@giim-test.local
E101269,Mason,Walker,mason.walker2@giim-test.local,IT,Coordinator,Support Office,Active,2019-05-12,,Full,nikos.scott@giim-test.local
E101270,Arjun,King,arjun.king@giim-test.local,LEG,Specialist,Support Office,Pending,2026-10-09,,Full,hiroshi.chen@giim-test.local
E101271,Lucas,White,lucas.white3@giim-test.local,IT,Specialist,Support Office,Active,2016-06-07,,Full,nikos.scott@giim-test.local
E101272,Ruby,Clarke,ruby.clarke4@giim-test.local,IT,Analyst,Support Office,Active,2017-09-29,,Full,nikos.scott@giim-test.local
E101273,Mia,Clarke,mia.clarke2@giim-test.local,EXEC,Senior Analyst,Support Office,Leaving,2020-05-13,2026-10-09,Full,harrison.mitchell@giim-test.local
E101274,Sophie,Kelly,sophie.kelly2@giim-test.local,WHS,Officer,Support Office,Active,2020-10-12,,Full,hiroshi.young@giim-test.local
E101275,Thomas,Wang,thomas.wang3@giim-test.local,LEG,Analyst,Support Office,Active,2021-11-20,,Full,hiroshi.chen@giim-test.local
E101276,Wei,Kaur,wei.kaur3@giim-test.local,LEG,Specialist,Support Office,Active,2021-04-08,,Full,hiroshi.chen@giim-test.local
E101277,Harper,Brown,harper.brown2@giim-test.local,MKT,Coordinator,Support Office,Active,2017-03-21,,Full,mei.williams@giim-test.local
E101278,Harrison,Johnson,harrison.johnson3@giim-test.local,PAY,Specialist,Support Office,Active,2018-07-04,,Full,jack.robinson@giim-test.local
E101279,Ethan,Clarke,ethan.clarke3@giim-test.local,PROP,Associate,Support Office,Active,2025-06-29,,Full,leo.brown@giim-test.local
E101280,Fatima,Robinson,fatima.robinson3@giim-test.local,PROP,Lead,Support Office,Active,2020-04-26,,Full,leo.brown@giim-test.local
E101281,Arjun,Scott,arjun.scott3@giim-test.local,OPS,Coordinator,Support Office,Active,2017-03-16,,Full,liam.wang@giim-test.local
E101282,Matilda,Brown,matilda.brown3@giim-test.local,MKT,Officer,Support Office,Active,2016-03-23,,Full,mei.williams@giim-test.local
E101283,Emily,White,emily.white@giim-test.local,FIN,Coordinator,Support Office,Active,2019-09-11,,Full,olivia.robinson@giim-test.local
E101284,Nikos,Thompson,nikos.thompson@giim-test.local,SAL,Senior Analyst,Support Office,Pending,2026-10-20,,Full,olivia.wilson@giim-test.local
E101285,Chloe,Young,chloe.young2@giim-test.local,OPS,Associate,Support Office,Active,2026-03-03,,Full,liam.wang@giim-test.local
E101286,Thomas,Taylor,thomas.taylor2@giim-test.local,DATA,Coordinator,Support Office,Active,2024-07-05,,Full,hunter.murphy@giim-test.local
E101287,Mateo,Young,mateo.young3@giim-test.local,SAL,Coordinator,Support Office,Active,2016-08-22,,Full,olivia.wilson@giim-test.local
E101288,Mason,Taylor,mason.taylor2@giim-test.local,PAY,Team Leader,Support Office,Active,2025-06-23,,Full,jack.robinson@giim-test.local
E101289,Mei,Martin,mei.martin2@giim-test.local,MKT,Team Leader,Support Office,Active,2016-03-02,,Full,mei.williams@giim-test.local
E101290,Fatima,Chen,fatima.chen@giim-test.local,MER,Lead,Support Office,Active,2025-12-18,,Full,mei.kelly@giim-test.local
E101291,Priya,Johnson,priya.johnson2@giim-test.local,LEG,Coordinator,Support Office,Active,2018-01-17,,Full,hiroshi.chen@giim-test.local
E101292,Wei,Smith,wei.smith2@giim-test.local,ECOM,Manager,Support Office,Active,2017-02-04,,Full,emily.nguyen@giim-test.local
E101293,Arjun,Wilson,arjun.wilson@giim-test.local,CS,Advisor,Support Office,Active,2018-04-18,,Full,grace.brown@giim-test.local
E101294,Ruby,Ryan,ruby.ryan@giim-test.local,FAC,Team Leader,Distribution Centre,Active,2020-09-16,,Full,grace.brown2@giim-test.local
E101295,William,Singh,william.singh@giim-test.local,RISK,Team Leader,Support Office,Active,2025-11-18,,Full,ethan.kaur@giim-test.local
E101296,Ethan,Jones,ethan.jones3@giim-test.local,CS,Lead,Support Office,Active,2024-11-14,,Full,grace.brown@giim-test.local
E101297,Harrison,Mitchell,harrison.mitchell2@giim-test.local,OPS,Analyst,Support Office,Leaving,2016-11-30,2026-10-15,Full,liam.wang@giim-test.local
E101298,Hiroshi,Kelly,hiroshi.kelly@giim-test.local,OPS,Officer,Support Office,Active,2019-10-15,,Full,liam.wang@giim-test.local
E101299,Nikos,Young,nikos.young@giim-test.local,OPS,Advisor,Support Office,Active,2025-02-03,,Full,liam.wang@giim-test.local
E101300,Grace,Chen,grace.chen@giim-test.local,FIN,Senior Analyst,Support Office,Active,2020-04-04,,Full,olivia.robinson@giim-test.local
E101301,Mason,Ryan,mason.ryan4@giim-test.local,MER,Specialist,Support Office,Active,2017-10-01,,Full,mei.kelly@giim-test.local
E101302,Ella,Johnson,ella.johnson@giim-test.local,HR,Analyst,Support Office,Active,2018-07-26,,Full,hunter.robinson@giim-test.local
E101303,Ruby,Young,ruby.young@giim-test.local,SAL,Officer,Support Office,Active,2023-02-07,,Full,olivia.wilson@giim-test.local
E101304,Priya,White,priya.white3@giim-test.local,MKT,Manager,Support Office,Leaving,2018-11-14,2026-10-19,Full,mei.williams@giim-test.local
E101305,Mason,Jones,mason.jones3@giim-test.local,WHS,Officer,Support Office,Active,2021-01-18,,Full,hiroshi.young@giim-test.local
E101306,Priya,Scott,priya.scott3@giim-test.local,HR,Team Leader,Support Office,Active,2018-03-26,,Full,hunter.robinson@giim-test.local
E101307,Tane,Taylor,tane.taylor@giim-test.local,MKT,Manager,Support Office,Active,2018-12-17,,Full,mei.williams@giim-test.local
E101308,Priya,Clarke,priya.clarke3@giim-test.local,HR,Associate,Support Office,Active,2021-02-25,,Full,hunter.robinson@giim-test.local
E101309,Matilda,Scott,matilda.scott3@giim-test.local,OPS,Advisor,Support Office,Active,2018-07-25,,Full,liam.wang@giim-test.local
E101310,Liam,Mitchell,liam.mitchell@giim-test.local,SC,Analyst,Distribution Centre,Active,2023-04-11,,Full,matilda.kaur@giim-test.local
E101311,Emily,Kelly,emily.kelly@giim-test.local,MKT,Specialist,Support Office,Active,2017-04-04,,Full,mei.williams@giim-test.local
E101312,Amelia,Williams,amelia.williams@giim-test.local,PRC,Lead,Support Office,Active,2020-09-24,,Full,mei.martin@giim-test.local
E101313,Mason,Campbell,mason.campbell3@giim-test.local,PAY,Team Leader,Support Office,Active,2026-03-18,,Full,jack.robinson@giim-test.local
E101314,Matilda,Nguyen,matilda.nguyen3@giim-test.local,LEG,Officer,Support Office,Active,2017-04-27,,Full,hiroshi.chen@giim-test.local
E101315,Chloe,Taylor,chloe.taylor@giim-test.local,MER,Officer,Support Office,Active,2022-09-06,,Full,mei.kelly@giim-test.local
E101316,Wei,Harris,wei.harris@giim-test.local,PAY,Associate,Support Office,Active,2018-08-04,,Full,jack.robinson@giim-test.local
E101317,Mason,Kelly,mason.kelly2@giim-test.local,PROP,Advisor,Support Office,Active,2016-12-16,,Full,leo.brown@giim-test.local
E101318,Ava,Martin,ava.martin2@giim-test.local,PRC,Senior Analyst,Support Office,Active,2018-12-04,,Full,mei.martin@giim-test.local
E101319,Harper,Jones,harper.jones@giim-test.local,RISK,Analyst,Support Office,Active,2016-11-29,,Full,ethan.kaur@giim-test.local
E101320,Charlotte,King,charlotte.king2@giim-test.local,ECOM,Lead,Support Office,Active,2025-11-17,,Full,emily.nguyen@giim-test.local
E101321,Mason,Campbell,mason.campbell4@giim-test.local,MKT,Associate,Support Office,Active,2020-09-07,,Full,mei.williams@giim-test.local
E101322,Ava,Brown,ava.brown3@giim-test.local,PROP,Coordinator,Support Office,Active,2016-01-07,,Full,leo.brown@giim-test.local
E101323,Amelia,Jones,amelia.jones5@giim-test.local,FIN,Officer,Support Office,Active,2021-06-27,,Full,olivia.robinson@giim-test.local
E101324,Liam,Lee,liam.lee3@giim-test.local,SAL,Officer,Support Office,Active,2016-08-14,,Full,olivia.wilson@giim-test.local
E101325,Thomas,Wang,thomas.wang4@giim-test.local,LOG,Coordinator,Distribution Centre,Active,2020-03-25,,Light,mei.walker@giim-test.local
E101326,Chloe,Chen,chloe.chen2@giim-test.local,SC,Specialist,Distribution Centre,Leaving,2025-07-29,2026-10-26,Full,matilda.kaur@giim-test.local
E101327,Hunter,Chen,hunter.chen2@giim-test.local,CS,Senior Analyst,Support Office,Active,2016-03-06,,Full,grace.brown@giim-test.local
E101328,Charlotte,Clarke,charlotte.clarke3@giim-test.local,ECOM,Senior Analyst,Support Office,Active,2016-02-03,,Full,emily.nguyen@giim-test.local
E101329,Emily,Singh,emily.singh2@giim-test.local,EXEC,Advisor,Support Office,Active,2020-12-08,,Full,harrison.mitchell@giim-test.local
E101330,Mateo,Robinson,mateo.robinson3@giim-test.local,LEG,Associate,Support Office,Active,2016-12-31,,Full,hiroshi.chen@giim-test.local
E101331,Priya,Campbell,priya.campbell@giim-test.local,WHS,Coordinator,Support Office,Active,2025-02-05,,Full,hiroshi.young@giim-test.local
E101332,Ella,Jones,ella.jones3@giim-test.local,FAC,Associate,Distribution Centre,Active,2020-02-15,,Full,grace.brown2@giim-test.local
E101333,Isla,Lee,isla.lee4@giim-test.local,FIN,Lead,Support Office,Active,2024-05-04,,Full,olivia.robinson@giim-test.local
E101334,William,Johnson,william.johnson2@giim-test.local,SAL,Senior Analyst,Support Office,Pending,2026-11-04,,Full,olivia.wilson@giim-test.local
E101335,Grace,Chen,grace.chen2@giim-test.local,DATA,Specialist,Support Office,Active,2026-06-29,,Full,hunter.murphy@giim-test.local
E101336,Aisha,Anderson,aisha.anderson3@giim-test.local,LOG,Officer,Distribution Centre,Active,2026-04-03,,Full,mei.walker@giim-test.local
E101337,Olivia,Chen,olivia.chen5@giim-test.local,WHS,Team Leader,Support Office,Active,2017-06-08,,Full,hiroshi.young@giim-test.local
E101338,Mason,Williams,mason.williams2@giim-test.local,MER,Analyst,Support Office,Active,2022-03-13,,Full,mei.kelly@giim-test.local
E101339,Isla,Kaur,isla.kaur@giim-test.local,LEG,Manager,Support Office,Active,2023-06-18,,Full,hiroshi.chen@giim-test.local
E101340,Isla,Nguyen,isla.nguyen2@giim-test.local,ECOM,Analyst,Support Office,Active,2020-11-12,,Full,emily.nguyen@giim-test.local
E101341,Mason,Chen,mason.chen3@giim-test.local,HR,Senior Analyst,Support Office,Pending,2026-11-05,,Full,hunter.robinson@giim-test.local
E101342,Aisha,Chen,aisha.chen@giim-test.local,MKT,Manager,Support Office,Active,2018-11-02,,Full,mei.williams@giim-test.local
E101343,Priya,Thompson,priya.thompson5@giim-test.local,IT,Officer,Support Office,Active,2024-10-25,,Full,nikos.scott@giim-test.local
E101344,Arjun,Mitchell,arjun.mitchell@giim-test.local,RISK,Associate,Support Office,Active,2021-06-13,,Full,ethan.kaur@giim-test.local
E101345,Arjun,Lee,arjun.lee3@giim-test.local,IT,Manager,Support Office,Active,2020-12-16,,Full,nikos.scott@giim-test.local
E101346,Lucas,King,lucas.king3@giim-test.local,LEG,Lead,Support Office,Active,2016-08-17,,Full,hiroshi.chen@giim-test.local
E101347,Harper,Walker,harper.walker2@giim-test.local,LOG,Team Leader,Distribution Centre,Active,2020-01-30,,Light,mei.walker@giim-test.local
E101348,Chloe,Nguyen,chloe.nguyen2@giim-test.local,EXEC,Manager,Support Office,Active,2019-04-17,,Full,harrison.mitchell@giim-test.local
E101349,Ella,Wang,ella.wang@giim-test.local,OPS,Senior Analyst,Support Office,Left,2026-03-26,2025-03-27,Full,liam.wang@giim-test.local
E101350,Lucas,Clarke,lucas.clarke@giim-test.local,PROP,Advisor,Support Office,Active,2024-06-18,,Full,leo.brown@giim-test.local
E101351,Isla,Jones,isla.jones@giim-test.local,FIN,Analyst,Support Office,Active,2016-05-14,,Full,olivia.robinson@giim-test.local
E101352,Ruby,Taylor,ruby.taylor@giim-test.local,MER,Specialist,Support Office,Active,2025-12-11,,Full,mei.kelly@giim-test.local
E101353,Cooper,Mitchell,cooper.mitchell2@giim-test.local,SAL,Lead,Support Office,Active,2018-07-20,,Full,olivia.wilson@giim-test.local
E101354,Wei,Jones,wei.jones2@giim-test.local,LOG,Specialist,Distribution Centre,Active,2020-12-05,,Light,mei.walker@giim-test.local
E101355,Arjun,Kaur,arjun.kaur@giim-test.local,PROP,Advisor,Support Office,Active,2020-10-13,,Full,leo.brown@giim-test.local
E101356,Cooper,Campbell,cooper.campbell@giim-test.local,SC,Specialist,Distribution Centre,Active,2018-08-01,,Full,matilda.kaur@giim-test.local
E101357,Leo,Campbell,leo.campbell3@giim-test.local,SAL,Advisor,Support Office,Active,2026-02-01,,Full,olivia.wilson@giim-test.local
E101358,Harper,Patel,harper.patel3@giim-test.local,PROP,Coordinator,Support Office,Active,2020-10-28,,Full,leo.brown@giim-test.local
E101359,Tane,Taylor,tane.taylor2@giim-test.local,ECOM,Team Leader,Support Office,Active,2025-11-08,,Full,emily.nguyen@giim-test.local
E101360,Mason,Chen,mason.chen4@giim-test.local,OPS,Senior Analyst,Support Office,Active,2019-05-08,,Full,liam.wang@giim-test.local
E101361,Fatima,Nguyen,fatima.nguyen3@giim-test.local,FIN,Team Leader,Support Office,Active,2023-04-14,,Full,olivia.robinson@giim-test.local
E101362,Harrison,Walker,harrison.walker2@giim-test.local,CS,Specialist,Support Office,Active,2017-09-24,,Full,grace.brown@giim-test.local
E101363,Amelia,White,amelia.white@giim-test.local,EXEC,Advisor,Support Office,Active,2017-03-22,,Full,harrison.mitchell@giim-test.local
E101364,Ruby,Robinson,ruby.robinson3@giim-test.local,ECOM,Advisor,Support Office,Active,2017-12-13,,Full,emily.nguyen@giim-test.local
E101365,Priya,Nguyen,priya.nguyen@giim-test.local,CS,Senior Analyst,Support Office,Active,2023-07-03,,Full,grace.brown@giim-test.local
E101366,Jack,Brown,jack.brown2@giim-test.local,WHS,Coordinator,Support Office,Active,2023-11-14,,Full,hiroshi.young@giim-test.local
E101367,Mateo,Young,mateo.young4@giim-test.local,PROP,Associate,Support Office,Pending,2026-11-07,,Full,leo.brown@giim-test.local
E101368,James,Campbell,james.campbell@giim-test.local,WHS,Coordinator,Support Office,Active,2026-06-16,,Full,hiroshi.young@giim-test.local
E101369,Hunter,Clarke,hunter.clarke@giim-test.local,LEG,Team Leader,Support Office,Active,2021-05-26,,Full,hiroshi.chen@giim-test.local
E101370,Zoe,Lee,zoe.lee2@giim-test.local,ECOM,Specialist,Support Office,Active,2018-12-10,,Full,emily.nguyen@giim-test.local
E101371,Lucas,Nguyen,lucas.nguyen2@giim-test.local,RISK,Coordinator,Support Office,Active,2021-02-20,,Full,ethan.kaur@giim-test.local
E101372,Oliver,Smith,oliver.smith2@giim-test.local,LEG,Team Leader,Support Office,Left,2022-06-02,2026-05-04,Full,hiroshi.chen@giim-test.local
E101373,Aisha,White,aisha.white@giim-test.local,PAY,Team Leader,Support Office,Active,2024-06-12,,Full,jack.robinson@giim-test.local
E101374,Mason,Harris,mason.harris3@giim-test.local,DATA,Advisor,Support Office,Active,2025-11-24,,Full,hunter.murphy@giim-test.local
E101375,James,Taylor,james.taylor@giim-test.local,PROP,Analyst,Support Office,Active,2016-10-31,,Full,leo.brown@giim-test.local
E101376,Jack,Mitchell,jack.mitchell2@giim-test.local,SC,Senior Analyst,Distribution Centre,Active,2018-10-03,,Full,matilda.kaur@giim-test.local
E101377,Liam,Wang,liam.wang2@giim-test.local,EXEC,Team Leader,Support Office,Active,2019-12-21,,Full,harrison.mitchell@giim-test.local
E101378,Noah,Mitchell,noah.mitchell3@giim-test.local,WHS,Team Leader,Support Office,Active,2018-04-26,,Full,hiroshi.young@giim-test.local
E101379,Oliver,Patel,oliver.patel2@giim-test.local,LOG,Manager,Distribution Centre,Active,2017-07-14,,Light,mei.walker@giim-test.local
E101380,Cooper,Young,cooper.young2@giim-test.local,DATA,Senior Analyst,Support Office,Pending,2026-10-09,,Full,hunter.murphy@giim-test.local
E101381,Ethan,Wang,ethan.wang4@giim-test.local,SC,Officer,Distribution Centre,Active,2022-12-15,,Light,matilda.kaur@giim-test.local
E101382,Lucas,Scott,lucas.scott3@giim-test.local,SC,Specialist,Distribution Centre,Active,2026-09-02,,Light,matilda.kaur@giim-test.local
E101383,Matilda,King,matilda.king@giim-test.local,DATA,Team Leader,Support Office,Active,2018-04-04,,Full,hunter.murphy@giim-test.local
E101384,Hiroshi,Campbell,hiroshi.campbell@giim-test.local,PRC,Lead,Support Office,Active,2025-06-19,,Full,mei.martin@giim-test.local
E101385,Arjun,Lee,arjun.lee4@giim-test.local,FAC,Coordinator,Distribution Centre,Active,2026-08-23,,Full,grace.brown2@giim-test.local
E101386,Jack,Brown,jack.brown3@giim-test.local,HR,Analyst,Support Office,Active,2019-03-06,,Full,hunter.robinson@giim-test.local
E101387,Hiroshi,Smith,hiroshi.smith3@giim-test.local,OPS,Senior Analyst,Support Office,Active,2024-12-28,,Full,liam.wang@giim-test.local
E101388,Jack,Williams,jack.williams@giim-test.local,SAL,Specialist,Support Office,Active,2026-04-28,,Full,olivia.wilson@giim-test.local
E101389,Liam,Robinson,liam.robinson4@giim-test.local,LOG,Associate,Distribution Centre,Active,2025-06-27,,Full,mei.walker@giim-test.local
E101390,Leo,Harris,leo.harris2@giim-test.local,SAL,Coordinator,Support Office,Left,2024-01-07,2025-07-26,Full,olivia.wilson@giim-test.local
E101391,Olivia,Wilson,olivia.wilson2@giim-test.local,PRC,Manager,Support Office,Active,2019-02-05,,Full,mei.martin@giim-test.local
E101392,Oliver,Brown,oliver.brown4@giim-test.local,OPS,Analyst,Support Office,Active,2023-04-07,,Full,liam.wang@giim-test.local
E101393,Hunter,Clarke,hunter.clarke2@giim-test.local,IT,Lead,Support Office,Active,2025-12-17,,Full,nikos.scott@giim-test.local
E101394,Ella,Wilson,ella.wilson2@giim-test.local,PROP,Senior Analyst,Support Office,Active,2017-09-05,,Full,leo.brown@giim-test.local
E101395,James,Walker,james.walker@giim-test.local,OPS,Associate,Support Office,Active,2025-07-24,,Full,liam.wang@giim-test.local
E101396,Arjun,Lee,arjun.lee5@giim-test.local,IT,Specialist,Support Office,Active,2021-07-01,,Full,nikos.scott@giim-test.local
E101397,Aisha,White,aisha.white2@giim-test.local,MER,Manager,Support Office,Active,2022-04-25,,Full,mei.kelly@giim-test.local
E101398,Hiroshi,Chen,hiroshi.chen2@giim-test.local,PAY,Senior Analyst,Support Office,Active,2023-05-11,,Full,jack.robinson@giim-test.local
E101399,Henry,Kelly,henry.kelly2@giim-test.local,PAY,Officer,Support Office,Active,2024-09-08,,Full,jack.robinson@giim-test.local
E101400,Noah,Martin,noah.martin2@giim-test.local,FIN,Coordinator,Support Office,Active,2026-04-25,,Full,olivia.robinson@giim-test.local
E101401,James,Thompson,james.thompson2@giim-test.local,FIN,Specialist,Support Office,Active,2018-06-24,,Full,olivia.robinson@giim-test.local
E101402,Harper,Campbell,harper.campbell@giim-test.local,PROP,Officer,Support Office,Leaving,2021-06-26,2026-10-03,Full,leo.brown@giim-test.local
E101403,Ella,Kaur,ella.kaur@giim-test.local,EXEC,Team Leader,Support Office,Active,2023-03-10,,Full,harrison.mitchell@giim-test.local
E101404,Fatima,Johnson,fatima.johnson3@giim-test.local,LOG,Specialist,Distribution Centre,Active,2020-04-25,,Light,mei.walker@giim-test.local
E101405,Aisha,Lee,aisha.lee2@giim-test.local,OPS,Associate,Support Office,Left,2024-07-11,2026-07-05,Full,liam.wang@giim-test.local
E101406,Liam,Robinson,liam.robinson5@giim-test.local,HR,Specialist,Support Office,Active,2016-01-02,,Full,hunter.robinson@giim-test.local
E101407,Isla,Young,isla.young2@giim-test.local,OPS,Coordinator,Support Office,Active,2019-04-07,,Full,liam.wang@giim-test.local
E101408,Oliver,Singh,oliver.singh3@giim-test.local,PROP,Manager,Support Office,Active,2016-04-09,,Full,leo.brown@giim-test.local
E101409,James,White,james.white2@giim-test.local,PAY,Analyst,Support Office,Active,2019-08-17,,Full,jack.robinson@giim-test.local
E101410,Mei,Johnson,mei.johnson2@giim-test.local,EXEC,Senior Analyst,Support Office,Active,2026-07-01,,Full,harrison.mitchell@giim-test.local
E101411,James,Brown,james.brown2@giim-test.local,HR,Specialist,Support Office,Active,2018-05-05,,Full,hunter.robinson@giim-test.local
E101412,Priya,Thompson,priya.thompson6@giim-test.local,IT,Manager,Support Office,Active,2021-08-28,,Full,nikos.scott@giim-test.local
E101413,Mei,Thompson,mei.thompson2@giim-test.local,EXEC,Senior Analyst,Support Office,Active,2018-08-24,,Full,harrison.mitchell@giim-test.local
E101414,Wei,Taylor,wei.taylor2@giim-test.local,LOG,Team Leader,Distribution Centre,Active,2020-01-13,,Light,mei.walker@giim-test.local
E101415,Mateo,Ryan,mateo.ryan@giim-test.local,DATA,Analyst,Support Office,Active,2016-11-20,,Full,hunter.murphy@giim-test.local
E101416,Ruby,Murphy,ruby.murphy2@giim-test.local,SAL,Senior Analyst,Support Office,Active,2018-09-20,,Full,olivia.wilson@giim-test.local
E101417,Mason,Anderson,mason.anderson2@giim-test.local,PRC,Lead,Support Office,Active,2025-10-30,,Full,mei.martin@giim-test.local
E101418,Leo,Campbell,leo.campbell4@giim-test.local,EXEC,Officer,Support Office,Active,2020-07-13,,Full,harrison.mitchell@giim-test.local
E101419,Isla,Brown,isla.brown4@giim-test.local,WHS,Lead,Support Office,Active,2019-09-12,,Full,hiroshi.young@giim-test.local
E101420,Wei,Chen,wei.chen@giim-test.local,WHS,Manager,Support Office,Active,2023-04-14,,Full,hiroshi.young@giim-test.local
E101421,Ella,Brown,ella.brown3@giim-test.local,SC,Analyst,Distribution Centre,Active,2021-01-12,,Light,matilda.kaur@giim-test.local
E101422,Fatima,Wilson,fatima.wilson2@giim-test.local,WHS,Coordinator,Support Office,Active,2021-03-15,,Full,hiroshi.young@giim-test.local
E101423,Mason,Walker,mason.walker3@giim-test.local,MER,Officer,Support Office,Active,2023-08-09,,Full,mei.kelly@giim-test.local
E101424,Olivia,Mitchell,olivia.mitchell3@giim-test.local,OPS,Lead,Support Office,Active,2020-06-01,,Full,liam.wang@giim-test.local
E101425,Emily,Campbell,emily.campbell2@giim-test.local,FIN,Manager,Support Office,Active,2022-03-18,,Full,olivia.robinson@giim-test.local
E101426,Hiroshi,Clarke,hiroshi.clarke@giim-test.local,LOG,Manager,Distribution Centre,Active,2019-07-19,,Full,mei.walker@giim-test.local
E101427,Mateo,Anderson,mateo.anderson3@giim-test.local,CS,Team Leader,Support Office,Active,2017-06-20,,Full,grace.brown@giim-test.local
E101428,Ella,Williams,ella.williams5@giim-test.local,WHS,Coordinator,Support Office,Active,2016-07-16,,Full,hiroshi.young@giim-test.local
E101429,Zoe,Scott,zoe.scott2@giim-test.local,HR,Officer,Support Office,Active,2020-12-05,,Full,hunter.robinson@giim-test.local
E101430,Nikos,Robinson,nikos.robinson@giim-test.local,PRC,Coordinator,Support Office,Active,2024-07-19,,Full,mei.martin@giim-test.local
E101431,William,Chen,william.chen@giim-test.local,IT,Manager,Support Office,Active,2025-05-09,,Full,nikos.scott@giim-test.local
E101432,Priya,Lee,priya.lee2@giim-test.local,PROP,Associate,Support Office,Active,2018-10-23,,Full,leo.brown@giim-test.local
E101433,Hiroshi,Taylor,hiroshi.taylor@giim-test.local,FAC,Lead,Distribution Centre,Active,2025-05-16,,Light,grace.brown2@giim-test.local
E101434,Ethan,Martin,ethan.martin2@giim-test.local,PAY,Specialist,Support Office,Leaving,2023-01-27,2026-10-19,Full,jack.robinson@giim-test.local
E101435,Mason,King,mason.king@giim-test.local,SAL,Officer,Support Office,Active,2026-01-11,,Full,olivia.wilson@giim-test.local
E101436,Amelia,Jones,amelia.jones6@giim-test.local,SAL,Advisor,Support Office,Active,2022-05-31,,Full,olivia.wilson@giim-test.local
E101437,Ella,Ryan,ella.ryan@giim-test.local,FIN,Associate,Support Office,Active,2022-02-22,,Full,olivia.robinson@giim-test.local
E101438,Amelia,Lee,amelia.lee2@giim-test.local,SC,Manager,Distribution Centre,Active,2022-08-26,,Light,matilda.kaur@giim-test.local
E101439,Hiroshi,Young,hiroshi.young2@giim-test.local,PRC,Manager,Support Office,Active,2023-06-24,,Full,mei.martin@giim-test.local
E101440,Leo,Nguyen,leo.nguyen@giim-test.local,SC,Team Leader,Distribution Centre,Active,2016-04-16,,Light,matilda.kaur@giim-test.local
E101441,Oliver,Lee,oliver.lee@giim-test.local,SAL,Team Leader,Support Office,Active,2025-06-20,,Full,olivia.wilson@giim-test.local
E101442,Cooper,Johnson,cooper.johnson@giim-test.local,FIN,Lead,Support Office,Active,2018-12-16,,Full,olivia.robinson@giim-test.local
E101443,Mateo,Lee,mateo.lee4@giim-test.local,PAY,Advisor,Support Office,Active,2021-06-09,,Full,jack.robinson@giim-test.local
E101444,Leo,Lee,leo.lee2@giim-test.local,IT,Manager,Support Office,Active,2022-10-27,,Full,nikos.scott@giim-test.local
E101445,Mia,Brown,mia.brown@giim-test.local,CS,Advisor,Support Office,Active,2018-12-28,,Full,grace.brown@giim-test.local
E101446,Mason,Harris,mason.harris4@giim-test.local,LOG,Officer,Distribution Centre,Active,2018-10-11,,Light,mei.walker@giim-test.local
E101447,Wei,Young,wei.young3@giim-test.local,SC,Team Leader,Distribution Centre,Active,2019-12-24,,Light,matilda.kaur@giim-test.local
E101448,Hunter,Anderson,hunter.anderson3@giim-test.local,FAC,Coordinator,Distribution Centre,Left,2022-09-20,2026-03-20,Light,grace.brown2@giim-test.local
E101449,Fatima,Williams,fatima.williams2@giim-test.local,DATA,Analyst,Support Office,Active,2023-09-03,,Full,hunter.murphy@giim-test.local
E101450,Harper,Harris,harper.harris2@giim-test.local,PAY,Manager,Support Office,Active,2023-09-27,,Full,jack.robinson@giim-test.local
E101451,Chloe,Ryan,chloe.ryan4@giim-test.local,LOG,Associate,Distribution Centre,Active,2018-05-05,,Light,mei.walker@giim-test.local
E101452,Nikos,Taylor,nikos.taylor@giim-test.local,OPS,Officer,Support Office,Active,2025-04-08,,Full,liam.wang@giim-test.local
E101453,Ruby,Chen,ruby.chen2@giim-test.local,MKT,Senior Analyst,Support Office,Active,2025-06-13,,Full,mei.williams@giim-test.local
E101454,Harrison,Walker,harrison.walker3@giim-test.local,ECOM,Senior Analyst,Support Office,Active,2025-05-11,,Full,emily.nguyen@giim-test.local
E101455,Nikos,Kelly,nikos.kelly2@giim-test.local,RISK,Team Leader,Support Office,Active,2017-01-29,,Full,ethan.kaur@giim-test.local
E101456,Mason,Kelly,mason.kelly3@giim-test.local,LOG,Senior Analyst,Distribution Centre,Active,2026-01-22,,Light,mei.walker@giim-test.local
E101457,Olivia,Campbell,olivia.campbell2@giim-test.local,PRC,Team Leader,Support Office,Active,2026-04-12,,Full,mei.martin@giim-test.local
E101458,Chloe,Williams,chloe.williams@giim-test.local,FIN,Associate,Support Office,Active,2018-07-03,,Full,olivia.robinson@giim-test.local
E101459,Mei,Robinson,mei.robinson2@giim-test.local,RISK,Coordinator,Support Office,Active,2019-08-19,,Full,ethan.kaur@giim-test.local
E101460,Tane,Smith,tane.smith3@giim-test.local,PAY,Specialist,Support Office,Active,2022-09-12,,Full,jack.robinson@giim-test.local
E101461,Wei,Singh,wei.singh@giim-test.local,LEG,Coordinator,Support Office,Left,2018-05-08,2025-01-31,Full,hiroshi.chen@giim-test.local
E101462,James,Wang,james.wang4@giim-test.local,ECOM,Lead,Support Office,Active,2018-08-21,,Full,emily.nguyen@giim-test.local
E101463,Charlotte,White,charlotte.white@giim-test.local,PROP,Officer,Support Office,Active,2021-06-04,,Full,leo.brown@giim-test.local
E101464,Nikos,Martin,nikos.martin@giim-test.local,RISK,Analyst,Support Office,Active,2020-10-31,,Full,ethan.kaur@giim-test.local
E101465,Harper,Singh,harper.singh2@giim-test.local,PRC,Analyst,Support Office,Active,2017-06-29,,Full,mei.martin@giim-test.local
E101466,Hiroshi,Robinson,hiroshi.robinson2@giim-test.local,LOG,Associate,Distribution Centre,Active,2023-09-17,,Full,mei.walker@giim-test.local
E101467,Jack,Scott,jack.scott2@giim-test.local,OPS,Lead,Support Office,Active,2024-04-03,,Full,liam.wang@giim-test.local
E101468,Thomas,Walker,thomas.walker@giim-test.local,WHS,Senior Analyst,Support Office,Active,2020-07-05,,Full,hiroshi.young@giim-test.local
E101469,Mia,Scott,mia.scott2@giim-test.local,PAY,Lead,Support Office,Active,2020-06-03,,Full,jack.robinson@giim-test.local
E101470,Amelia,Brown,amelia.brown@giim-test.local,OPS,Team Leader,Support Office,Active,2024-05-23,,Full,liam.wang@giim-test.local
E101471,Isla,Singh,isla.singh@giim-test.local,WHS,Specialist,Support Office,Active,2022-08-12,,Full,hiroshi.young@giim-test.local
E101472,Ethan,Harris,ethan.harris@giim-test.local,ECOM,Officer,Support Office,Active,2023-06-15,,Full,emily.nguyen@giim-test.local
E101473,Oliver,Clarke,oliver.clarke@giim-test.local,RISK,Advisor,Support Office,Active,2021-04-13,,Full,ethan.kaur@giim-test.local
E101474,Oliver,Lee,oliver.lee2@giim-test.local,MER,Associate,Support Office,Active,2026-06-07,,Full,mei.kelly@giim-test.local
E101475,James,Nguyen,james.nguyen2@giim-test.local,LOG,Officer,Distribution Centre,Active,2024-02-08,,Full,mei.walker@giim-test.local
E101476,Harper,Thompson,harper.thompson2@giim-test.local,PROP,Coordinator,Support Office,Active,2016-10-29,,Full,leo.brown@giim-test.local
E101477,Charlotte,Smith,charlotte.smith3@giim-test.local,HR,Advisor,Support Office,Active,2022-07-17,,Full,hunter.robinson@giim-test.local
E101478,Matilda,Walker,matilda.walker2@giim-test.local,DATA,Analyst,Support Office,Active,2023-03-10,,Full,hunter.murphy@giim-test.local
E101479,Leo,Thompson,leo.thompson2@giim-test.local,ECOM,Senior Analyst,Support Office,Active,2025-07-20,,Full,emily.nguyen@giim-test.local
E101480,Thomas,Murphy,thomas.murphy@giim-test.local,RISK,Senior Analyst,Support Office,Active,2026-05-13,,Full,ethan.kaur@giim-test.local
E101481,Lucas,Singh,lucas.singh4@giim-test.local,HR,Lead,Support Office,Active,2016-02-08,,Full,hunter.robinson@giim-test.local
E101482,Amelia,Chen,amelia.chen3@giim-test.local,OPS,Officer,Support Office,Active,2018-05-15,,Full,liam.wang@giim-test.local
E101483,Liam,Wang,liam.wang3@giim-test.local,MER,Coordinator,Support Office,Pending,2026-10-11,,Full,mei.kelly@giim-test.local
E101484,Charlotte,Singh,charlotte.singh3@giim-test.local,DATA,Coordinator,Support Office,Active,2019-10-17,,Full,hunter.murphy@giim-test.local
E101485,Chloe,White,chloe.white@giim-test.local,LOG,Analyst,Distribution Centre,Active,2019-11-01,,Light,mei.walker@giim-test.local
E101486,Mateo,Robinson,mateo.robinson4@giim-test.local,LEG,Advisor,Support Office,Pending,2026-11-08,,Full,hiroshi.chen@giim-test.local
E101487,Lucas,Jones,lucas.jones3@giim-test.local,SAL,Manager,Support Office,Active,2020-07-19,,Full,olivia.wilson@giim-test.local
E101488,Olivia,Chen,olivia.chen6@giim-test.local,DATA,Specialist,Support Office,Active,2019-04-08,,Full,hunter.murphy@giim-test.local
E101489,Matilda,Williams,matilda.williams2@giim-test.local,WHS,Lead,Support Office,Active,2017-05-12,,Full,hiroshi.young@giim-test.local
E101490,Matilda,Walker,matilda.walker3@giim-test.local,MKT,Associate,Support Office,Pending,2026-11-07,,Full,mei.williams@giim-test.local
E101491,Matilda,Harris,matilda.harris@giim-test.local,DATA,Coordinator,Support Office,Pending,2026-10-26,,Full,hunter.murphy@giim-test.local
E101492,James,Clarke,james.clarke3@giim-test.local,LEG,Advisor,Support Office,Pending,2026-10-16,,Full,hiroshi.chen@giim-test.local
E101493,Ethan,King,ethan.king2@giim-test.local,HR,Manager,Support Office,Pending,2026-11-14,,Full,hunter.robinson@giim-test.local
E101494,Thomas,Wilson,thomas.wilson2@giim-test.local,DATA,Specialist,Support Office,Active,2023-06-18,,Full,hunter.murphy@giim-test.local
E101495,Jack,Anderson,jack.anderson2@giim-test.local,MER,Coordinator,Support Office,Active,2024-04-23,,Full,mei.kelly@giim-test.local
E101496,Mateo,Patel,mateo.patel@giim-test.local,LOG,Associate,Distribution Centre,Active,2019-06-01,,Full,mei.walker@giim-test.local
E101497,William,Nguyen,william.nguyen2@giim-test.local,LEG,Senior Analyst,Support Office,Active,2024-10-10,,Full,hiroshi.chen@giim-test.local
E101498,Leo,Brown,leo.brown4@giim-test.local,IT,Lead,Support Office,Active,2018-01-13,,Full,nikos.scott@giim-test.local
E101499,Hiroshi,Walker,hiroshi.walker4@giim-test.local,FIN,Specialist,Support Office,Active,2026-08-10,,Full,olivia.robinson@giim-test.local
