Asset ID,Name,Product,Product Type,Serial Number,Asset Tag,Asset State,User,Department,Site
300000,GIIM-DD0Y6M,HP EliteBook 860 G11,Laptop,5CDDDD0Y6M,AT10000,In Use,grace.brown@giim-test.local,Customer Service,Support Office
300001,GIIM-TN3MG5,Lenovo ThinkPad T14 Gen 4,Laptop,PFB2TN3MG5,AT10013,In Use,oliver.young@giim-test.local,Customer Service,Support Office
300002,GIIM-ULND3Y,Apple iPhone 15,Phone,F2LCULND3Y,AT10014,In Use,oliver.young@giim-test.local,Customer Service,Support Office
300003,GIIM-PWZLJ0,HP USB-C Dock G5,Dock,5CHRPWZLJ0,AT10016,In Use,oliver.young@giim-test.local,Customer Service,Support Office
300004,GIIM-22JB47,HP EliteBook 860 G11,Laptop,5CDP22JB47,AT10017,In Use,amelia.smith@giim-test.local,eCommerce,Support Office
300005,GIIM-UKYEQ3,Apple iPhone 15,Phone,F2L2UKYEQ3,AT10018,In Use,amelia.smith@giim-test.local,eCommerce,Support Office
300006,GIIM-UEMQ2C,Dell P2723DE,Monitor,CN05UEMQ2C,AT10023,In Use,hiroshi.young@giim-test.local,Health & Safety,Support Office
300007,GIIM-BWMYV8,HP E24 G5,Monitor,3CMCBWMYV8,AT10027,In Use,mei.williams@giim-test.local,Marketing,Support Office
300008,GIIM-ZSDHA3,HP EliteBook 860 G11,Laptop,5CDVZSDHA3,AT10029,In Use,lucas.taylor@giim-test.local,Sales,Support Office
300009,GIIM-L7VQ9K,Apple iPhone 15,Phone,F2LML7VQ9K,AT10034,In Use,chloe.clarke@giim-test.local,eCommerce,Support Office
300010,GIIM-CMNDHP,Lenovo ThinkPad Universal USB-C Dock,Dock,ZKQKCMNDHP,AT10036,In Use,chloe.clarke@giim-test.local,eCommerce,Support Office
300011,GIIM-PRQUPZ,Lenovo ThinkPad Universal USB-C Dock,Dock,ZKANPRQUPZ,AT10040,In Use,chloe.johnson@giim-test.local,Customer Service,Support Office
300012,GIIM-CKH8V8,HP EliteBook 840 G10,Laptop,5CGNCKH8V8,AT10041,In Use,hunter.murphy@giim-test.local,Data & Analytics,Support Office
300013,GIIM-VEA0HB,Dell Latitude 7440,Laptop,DLC2VEA0HB,AT10044,In Use,mei.kelly@giim-test.local,Merchandise,Support Office
300014,GIIM-8WZRC3,Apple iPhone 15,Phone,F2L58WZRC3,AT10045,In Use,mei.kelly@giim-test.local,Merchandise,Support Office
300015,GIIM-US1BV5,HP USB-C Dock G5,Dock,5CH2US1BV5,AT10049,In Use,leo.brown@giim-test.local,Property,Support Office
300016,GIIM-BDN67E,Samsung Galaxy S24,Phone,R5CJBDN67E,AT10055,In Use,hunter.robinson@giim-test.local,Human Resources,Support Office
300017,GIIM-QA7P1M,Dell P2723DE,Monitor,CN0GQA7P1M,AT10056,In Use,hunter.robinson@giim-test.local,Human Resources,Support Office
300018,GIIM-DKQQ05,Lenovo ThinkPad Universal USB-C Dock,Dock,ZKK1DKQQ05,AT10057,In Use,hunter.robinson@giim-test.local,Human Resources,Support Office
300019,GIIM-WS6FP8,Lenovo ThinkPad T14 Gen 4,Laptop,PFJEWS6FP8,AT10058,In Use,matilda.kaur@giim-test.local,Supply Chain,Distribution Centre
300020,GIIM-2LNX1S,Apple iPhone 15,Phone,F2LE2LNX1S,AT10059,In Use,matilda.kaur@giim-test.local,Supply Chain,Distribution Centre
300021,GIIM-P8QM1F,Lenovo ThinkPad Universal USB-C Dock,Dock,ZKXAP8QM1F,AT10061,In Use,matilda.kaur@giim-test.local,Supply Chain,Distribution Centre
300022,GIIM-BXM8B3,Dell Latitude 7440,Laptop,DLK6BXM8B3,AT10062,In Use,mia.murphy@giim-test.local,eCommerce,Support Office
300023,GIIM-VM5N7H,Apple iPhone 15,Phone,F2LPVM5N7H,AT10063,In Use,mia.murphy@giim-test.local,eCommerce,Support Office
300024,GIIM-YX3XV9,Lenovo ThinkPad X1 Carbon Gen 11,Laptop,PWV5YX3XV9,AT10066,In Use,nikos.scott@giim-test.local,Information Technology,Support Office
300025,GIIM-1NVYT8,Samsung Galaxy S24,Phone,R5CT1NVYT8,AT10067,In Use,nikos.scott@giim-test.local,Information Technology,Support Office
300026,GIIM-DLBU29,Lenovo ThinkPad T14 Gen 4,Laptop,PFZYDLBU29,AT10069,In Use,olivia.white@giim-test.local,Human Resources,Support Office
300027,GIIM-QYPMPY,Apple iPhone 15,Phone,F2LNQYPMPY,AT10070,In Use,charlotte.young@giim-test.local,Human Resources,Support Office
300028,GIIM-L456AQ,HP USB-C Dock G5,Dock,5CHZL456AQ,AT10072,In Use,olivia.white@giim-test.local,Human Resources,Support Office
300029,GIIM-CQH4BV,HP E24 G5,Monitor,3CMJCQH4BV,AT10075,In Use,liam.wang@giim-test.local,Operations,Support Office
300030,GIIM-9A00QA,HP USB-C Dock G5,Dock,5CHM9A00QA,AT10076,In Use,liam.wang@giim-test.local,Operations,Support Office
300031,GIIM-T7K1XP,Lenovo ThinkPad T14 Gen 4,Laptop,PFNFT7K1XP,AT10077,In Use,noah.clarke@giim-test.local,Legal,Support Office
300032,GIIM-GRCJPB,Dell Latitude 7440,Laptop,DL7PGRCJPB,AT10081,In Use,harrison.walker@giim-test.local,Marketing,Support Office
300033,GIIM-0FNM98,Samsung Galaxy S24,Phone,R5CB0FNM98,AT10082,In Use,james.white@giim-test.local,Marketing,Support Office
300034,GIIM-6KQHQ8,Dell P2723DE,Monitor,CN056KQHQ8,AT10083,In Store,harrison.walker@giim-test.local,Marketing,Support Office
300035,GIIM-19NL3T,Lenovo ThinkPad X1 Carbon Gen 11,Laptop,PWZH19NL3T,AT10084,In Use,emily.wilson@giim-test.local,Property,Support Office
300036,GIIM-0U8B69,Apple iPhone 15,Phone,F2LA0U8B69,AT10085,In Use,emily.wilson@giim-test.local,Property,Support Office
300037,GIIM-N4J0ZR,Lenovo ThinkPad X1 Carbon Gen 11,Laptop,PWKDN4J0ZR,AT10088,In Use,ethan.robinson@giim-test.local,Finance,Support Office
300038,GIIM-JKDP9J,Samsung Galaxy S24,Phone,R5C7JKDP9J,AT10089,In Use,mason.campbell@giim-test.local,Finance,Support Office
300039,GIIM-T5WRNC,HP USB-C Dock G5,Dock,5CHFT5WRNC,AT10090,In Use,mason.campbell@giim-test.local,Finance,Support Office
300040,GIIM-E28C0K,Apple iPad (10th gen),Tablet,DMPPE28C0K,AT10091,In Use,isla.scott@giim-test.local,Facilities,Distribution Centre
300041,GIIM-K2Q473,Lenovo ThinkPad X1 Carbon Gen 11,Laptop,PWNUK2Q473,AT10092,In Use,isla.brown2@giim-test.local,Merchandise,Support Office
300042,GIIM-7VS3RL,HP E24 G5,Monitor,3CMN7VS3RL,AT10094,In Use,leo.robinson@giim-test.local,Merchandise,Support Office
300043,GIIM-C8ZLXY,Samsung Galaxy S24,Phone,R5C8C8ZLXY,AT10096,In Use,jack.robinson@giim-test.local,Payroll,Support Office
300044,GIIM-79TUDF,HP EliteBook 860 G11,Laptop,5CD679TUDF,AT10099,In Use,fatima.murphy@giim-test.local,Health & Safety,Support Office
300045,GIIM-72NER2,Apple iPhone 15,Phone,F2LN72NER2,AT10100,In Use,fatima.murphy@giim-test.local,Health & Safety,Support Office
300046,GIIM-4RG43B,Dell P2723DE,Monitor,CN0M4RG43B,AT10101,In Use,fatima.murphy@giim-test.local,Health & Safety,Support Office
300047,GIIM-Q6GSUZ,HP EliteBook 860 G11,Laptop,5CDQQ6GSUZ,AT10103,In Use,james.clarke@giim-test.local,Customer Service,Support Office
300048,GIIM-74M5ZR,Apple iPhone 15,Phone,F2LU74M5ZR,AT10104,In Use,james.clarke@giim-test.local,Customer Service,Support Office
300049,GIIM-TQUC0T,HP USB-C Dock G5,Dock,5CHZTQUC0T,AT10106,In Use,james.clarke@giim-test.local,Customer Service,Support Office
300050,GIIM-SGW1RP,HP EliteBook 840 G10,Laptop,5CGMSGW1RP,AT10107,In Use,hunter.lee@giim-test.local,Customer Service,Support Office
300051,GIIM-1CV1NE,HP E24 G5,Monitor,3CMT1CV1NE,AT10111,In Use,ethan.kaur@giim-test.local,Risk & Compliance,Support Office
300052,GIIM-8NVU2D,Lenovo ThinkPad Universal USB-C Dock,Dock,ZKZP8NVU2D,AT10112,In Use,ethan.kaur@giim-test.local,Risk & Compliance,Support Office
300053,GIIM-9Y04WG,Lenovo ThinkPad X1 Carbon Gen 11,Laptop,PWKR9Y04WG,AT10113,In Use,grace.mitchell2@giim-test.local,Merchandise,Support Office
300054,GIIM-SXVCXL,Lenovo ThinkPad X1 Carbon Gen 11,Laptop,PW76SXVCXL,AT10116,In Use,henry.lee@giim-test.local,Payroll,Support Office
300055,GIIM-ZLC9YU,Apple iPhone 15,Phone,F2LMZLC9YU,AT10117,In Use,henry.lee@giim-test.local,Payroll,Support Office
300056,GIIM-WLN1N9,Dell P2723DE,Monitor,CN0YWLN1N9,AT10122,In Use,james.nguyen2@giim-test.local,Legal,Support Office
300057,GIIM-1UZ5WQ,HP E24 G5,Monitor,3CMN1UZ5WQ,AT10126,In Use,harrison.robinson@giim-test.local,Customer Service,Support Office
300058,GIIM-VQX5NJ,HP USB-C Dock G5,Dock,5CH6VQX5NJ,AT10127,In Use,harrison.robinson@giim-test.local,Customer Service,Support Office
300059,GIIM-QL5V5G,Lenovo ThinkPad T14 Gen 4,Laptop,PF34QL5V5G,AT10128,In Use,liam.scott@giim-test.local,Customer Service,Support Office
300060,GIIM-T2ZKY2,Samsung Galaxy S24,Phone,R5CJT2ZKY2,AT10129,In Use,liam.scott@giim-test.local,Customer Service,Support Office
300061,GIIM-L7CDNV,Lenovo ThinkPad Universal USB-C Dock,Dock,ZKKHL7CDNV,AT10131,In Use,liam.scott@giim-test.local,Customer Service,Support Office
300062,GIIM-EVZJ5U,Apple iPhone 15,Phone,F2LREVZJ5U,AT10133,In Use,jack.singh@giim-test.local,Health & Safety,Support Office
300063,GIIM-E8W96M,Dell P2723DE,Monitor,CN09E8W96M,AT10134,In Use,jack.singh@giim-test.local,Health & Safety,Support Office
300064,GIIM-Z1XBB9,HP USB-C Dock G5,Dock,5CHLZ1XBB9,AT10135,In Use,jack.singh@giim-test.local,Health & Safety,Support Office
300065,GIIM-SBP9VL,Lenovo ThinkPad Universal USB-C Dock,Dock,ZKUZSBP9VL,AT10139,In Use,hunter.patel@giim-test.local,Merchandise,Support Office
300066,GIIM-65Q8L2,Samsung Galaxy S24,Phone,R5CF65Q8L2,AT10141,In Use,nikos.brown@giim-test.local,Risk & Compliance,Support Office
300067,GIIM-S1U3SE,Dell Latitude 7440,Laptop,DLC2S1U3SE,AT10151,In Use,lucas.williams@giim-test.local,Data & Analytics,Support Office
300068,GIIM-8LZWME,Dell P2723DE,Monitor,CN078LZWME,AT10156,In Use,arjun.white@giim-test.local,Marketing,Support Office
300069,GIIM-57DH9X,Dell Latitude 7440,Laptop,DLG257DH9X,AT10158,In Use,emily.lee@giim-test.local,Health & Safety,Support Office
300070,GIIM-1WVDPS,Samsung Galaxy S24,Phone,R5CJ1WVDPS,AT10159,In Use,emily.lee@giim-test.local,Health & Safety,Support Office
300071,GIIM-G45NPL,Dell P2723DE,Monitor,CN0BG45NPL,AT10160,In Use,emily.lee@giim-test.local,Health & Safety,Support Office
300072,GIIM-7WUM9F,HP EliteBook 860 G11,Laptop,5CDC7WUM9F,AT10163,In Use,isla.mitchell@giim-test.local,Customer Service,Support Office
300073,GIIM-4W9T17,HP E24 G5,Monitor,3CMY4W9T17,AT10165,In Use,isla.mitchell@giim-test.local,Customer Service,Support Office
300074,GIIM-8CTBT6,Dell P2723DE,Monitor,CN0H8CTBT6,AT10168,In Use,liam.chen@giim-test.local,Finance,Support Office
300075,GIIM-806C3G,HP EliteBook 860 G11,Laptop,5CDZ806C3G,AT10170,In Use,amelia.johnson@giim-test.local,Supply Chain,Distribution Centre
300076,GIIM-EK0GGM,Apple iPhone 15,Phone,F2LSEK0GGM,AT10171,In Use,amelia.johnson@giim-test.local,Supply Chain,Distribution Centre
300077,GIIM-H59LAA,Dell P2723DE,Monitor,CN0NH59LAA,AT10172,In Use,amelia.johnson@giim-test.local,Supply Chain,Distribution Centre
300078,GIIM-DAXMBT,Lenovo ThinkPad Universal USB-C Dock,Dock,ZKB1DAXMBT,AT10173,In Use,amelia.johnson@giim-test.local,Supply Chain,Distribution Centre
300079,GIIM-4K84N8,Samsung Galaxy S24,Phone,R5CT4K84N8,AT10175,In Use,mason.smith@giim-test.local,Merchandise,Support Office
300080,GIIM-NTFQWR,Lenovo ThinkPad Universal USB-C Dock,Dock,ZKYENTFQWR,AT10177,In Use,mason.smith@giim-test.local,Merchandise,Support Office
300081,GIIM-H7JWHB,Samsung Galaxy S24,Phone,R5CZH7JWHB,AT10179,In Use,wei.campbell@giim-test.local,Operations,Support Office
300082,GIIM-M0NR12,HP USB-C Dock G5,Dock,5CH5M0NR12,AT10180,In Use,wei.campbell@giim-test.local,Operations,Support Office
300083,GIIM-KNG806,HP EliteBook 860 G11,Laptop,5CD0KNG806,AT10181,In Use,mei.walker@giim-test.local,Logistics,Distribution Centre
300084,GIIM-T22SX5,HP EliteBook 840 G10,Laptop,5CGNT22SX5,AT10184,In Use,arjun.taylor@giim-test.local,Payroll,Support Office
300085,GIIM-CQDBJ6,Lenovo ThinkPad X1 Carbon Gen 11,Laptop,PWZ7CQDBJ6,AT10188,In Use,cooper.lee@giim-test.local,Sales,Support Office
300086,GIIM-57GP1F,Apple iPhone 15,Phone,F2LR57GP1F,AT10193,In Use,liam.wilson@giim-test.local,Health & Safety,Support Office
300087,GIIM-6WLV88,Samsung Galaxy S24,Phone,R5CP6WLV88,AT10196,In Use,nikos.mitchell@giim-test.local,Human Resources,Support Office
300088,GIIM-0QV3ZS,HP EliteBook 860 G11,Laptop,5CDB0QV3ZS,AT10199,In Use,mei.martin@giim-test.local,Procurement,Support Office
300089,GIIM-AF0J3K,Apple iPhone 15,Phone,F2L7AF0J3K,AT10200,In Use,mei.martin@giim-test.local,Procurement,Support Office
300090,GIIM-0MYS3P,Lenovo ThinkPad Universal USB-C Dock,Dock,ZKJY0MYS3P,AT10202,In Use,mei.martin@giim-test.local,Procurement,Support Office
300091,GIIM-X8TUSU,Apple iPhone 15,Phone,F2L4X8TUSU,AT10204,In Use,hiroshi.anderson@giim-test.local,Property,Support Office
300092,GIIM-EZLQ4R,HP E24 G5,Monitor,3CMPEZLQ4R,AT10205,In Use,hiroshi.anderson@giim-test.local,Property,Support Office
300093,GIIM-75052M,HP USB-C Dock G5,Dock,5CHY75052M,AT10206,In Use,hiroshi.anderson@giim-test.local,Property,Support Office
300094,GIIM-H4PB23,Lenovo ThinkPad X1 Carbon Gen 11,Laptop,PW5EH4PB23,AT10207,In Use,harper.patel@giim-test.local,Risk & Compliance,Support Office
300095,GIIM-6PDR12,Dell P2723DE,Monitor,CN0W6PDR12,AT10209,In Use,harper.patel@giim-test.local,Risk & Compliance,Support Office
300096,GIIM-UUASRB,Lenovo ThinkPad X1 Carbon Gen 11,Laptop,PWU0UUASRB,AT10210,In Use,harrison.johnson@giim-test.local,eCommerce,Support Office
300097,GIIM-4RP042,Dell P2723DE,Monitor,CN0Z4RP042,AT10212,In Use,hunter.walker@giim-test.local,eCommerce,Support Office
300098,GIIM-T4JX43,HP EliteBook 860 G11,Laptop,5CDMT4JX43,AT10214,In Use,harper.kelly@giim-test.local,Payroll,Support Office
300099,GIIM-CXMSDD,HP USB-C Dock G5,Dock,5CHPCXMSDD,AT10218,In Use,zoe.chen@giim-test.local,Customer Service,Support Office
300100,GIIM-82LGS2,Lenovo ThinkPad T14 Gen 4,Laptop,PFNF82LGS2,AT10219,In Use,mia.smith@giim-test.local,Finance,Support Office
300101,GIIM-3SXLDF,HP USB-C Dock G5,Dock,5CHT3SXLDF,AT10221,In Use,mia.smith@giim-test.local,Finance,Support Office
300102,GIIM-WANUFJ,Lenovo ThinkPad T14 Gen 4,Laptop,PFE0WANUFJ,AT10222,In Use,grace.nguyen@giim-test.local,Operations,Support Office
300103,GIIM-SA2T75,HP E24 G5,Monitor,3CMUSA2T75,AT10224,In Use,grace.nguyen@giim-test.local,Operations,Support Office
300104,GIIM-WR4E2P,Lenovo ThinkPad Universal USB-C Dock,Dock,ZKZFWR4E2P,AT10225,In Use,grace.nguyen@giim-test.local,Operations,Support Office
300105,GIIM-LJ3ZLN,HP EliteBook 840 G10,Laptop,5CG7LJ3ZLN,AT10226,In Use,harrison.williams@giim-test.local,Customer Service,Support Office
300106,GIIM-SSVZUZ,HP EliteBook 860 G11,Laptop,5CD8SSVZUZ,AT10229,In Use,liam.martin@giim-test.local,Property,Support Office
300107,GIIM-V6R7TX,Lenovo ThinkPad T14 Gen 4,Laptop,PFV5V6R7TX,AT10232,In Use,mei.king@giim-test.local,Marketing,Support Office
300108,GIIM-T8E5KJ,HP USB-C Dock G5,Dock,5CHET8E5KJ,AT10235,In Use,mei.king@giim-test.local,Marketing,Support Office
300109,GIIM-BV1WNE,Dell P2723DE,Monitor,CN0LBV1WNE,AT10238,In Use,grace.mitchell@giim-test.local,Risk & Compliance,Support Office
300110,GIIM-KWF6YK,HP EliteBook 860 G11,Laptop,5CDZKWF6YK,AT10240,In Use,charlotte.patel@giim-test.local,Operations,Support Office
300111,GIIM-BP3EEK,Apple iPhone 15,Phone,F2LMBP3EEK,AT10241,In Use,charlotte.patel@giim-test.local,Operations,Support Office
300112,GIIM-XQCJ1Y,Dell P2723DE,Monitor,CN0EXQCJ1Y,AT10242,In Use,charlotte.patel@giim-test.local,Operations,Support Office
300113,GIIM-HG1WZG,Lenovo ThinkPad Universal USB-C Dock,Dock,ZKZXHG1WZG,AT10243,In Use,charlotte.patel@giim-test.local,Operations,Support Office
300114,GIIM-VCJJB5,HP EliteBook 860 G11,Laptop,5CDSVCJJB5,AT10244,In Use,priya.scott@giim-test.local,Information Technology,Support Office
300115,GIIM-SXF5A9,HP EliteBook 860 G11,Laptop,5CDFSXF5A9,AT10247,In Use,fatima.wilson@giim-test.local,Health & Safety,Support Office
300116,GIIM-10H1E7,Lenovo ThinkPad Universal USB-C Dock,Dock,ZK8H10H1E7,AT10250,In Use,fatima.wilson@giim-test.local,Health & Safety,Support Office
300117,GIIM-5J80UY,Apple iPhone 15,Phone,F2L15J80UY,AT10252,In Use,jack.robinson2@giim-test.local,Human Resources,Support Office
300118,GIIM-TN5ERE,HP E24 G5,Monitor,3CM4TN5ERE,AT10253,In Use,jack.robinson2@giim-test.local,Human Resources,Support Office
300119,GIIM-2FR050,HP USB-C Dock G5,Dock,5CHU2FR050,AT10254,In Use,jack.robinson2@giim-test.local,Human Resources,Support Office
300120,GIIM-NRHLAV,Dell P2723DE,Monitor,CN0WNRHLAV,AT10257,In Use,hunter.walker@giim-test.local,Information Technology,Support Office
300121,GIIM-9SZFBR,Lenovo ThinkPad Universal USB-C Dock,Dock,ZKCA9SZFBR,AT10258,In Use,hunter.walker@giim-test.local,Information Technology,Support Office
300122,GIIM-T2FF5G,Dell Latitude 7440,Laptop,DLVZT2FF5G,AT10259,In Use,noah.young@giim-test.local,Procurement,Support Office
300123,GIIM-9EGGK7,HP USB-C Dock G5,Dock,5CH79EGGK7,AT10261,In Use,noah.young@giim-test.local,Procurement,Support Office
300124,GIIM-8210T5,Dell Latitude 7440,Laptop,DLJ28210T5,AT10262,In Use,olivia.nguyen@giim-test.local,Finance,Support Office
300125,GIIM-FR4GCZ,Samsung Galaxy S24,Phone,R5CMFR4GCZ,AT10263,In Use,olivia.nguyen@giim-test.local,Finance,Support Office
300126,GIIM-2FXRSL,Dell P2723DE,Monitor,CN0A2FXRSL,AT10264,In Use,olivia.nguyen@giim-test.local,Finance,Support Office
300127,GIIM-BWCKHJ,Dell P2723DE,Monitor,CN0PBWCKHJ,AT10268,In Use,wei.murphy@giim-test.local,Human Resources,Support Office
300128,GIIM-M1UR6C,Dell P2723DE,Monitor,CN0MM1UR6C,AT10271,In Use,aisha.thompson@giim-test.local,eCommerce,Support Office
300129,GIIM-QRQD57,HP USB-C Dock G5,Dock,5CHWQRQD57,AT10272,In Use,aisha.thompson@giim-test.local,eCommerce,Support Office
300130,GIIM-FWZLW3,Samsung Galaxy S24,Phone,R5CWFWZLW3,AT10280,In Use,mason.young@giim-test.local,Legal,Support Office
300131,GIIM-AVLZ6R,Lenovo ThinkPad X1 Carbon Gen 11,Laptop,PW0UAVLZ6R,AT10284,In Use,mateo.anderson@giim-test.local,Legal,Support Office
300132,GIIM-L6KQC5,Samsung Galaxy S24,Phone,R5CDL6KQC5,AT10285,In Use,mateo.anderson@giim-test.local,Legal,Support Office
300133,GIIM-0F8SFZ,HP E24 G5,Monitor,3CML0F8SFZ,AT10286,In Use,mateo.anderson@giim-test.local,Legal,Support Office
300134,GIIM-AARZ6W,HP USB-C Dock G5,Dock,5CHVAARZ6W,AT10287,In Use,mateo.anderson@giim-test.local,Legal,Support Office
300135,GIIM-KGJKYV,Samsung Galaxy S24,Phone,R5CCKGJKYV,AT10289,In Use,mateo.thompson@giim-test.local,Payroll,Support Office
300136,GIIM-68VMQ3,HP E24 G5,Monitor,3CM468VMQ3,AT10290,In Use,mateo.thompson@giim-test.local,Payroll,Support Office
300137,GIIM-9RS13G,HP EliteBook 840 G10,Laptop,5CGB9RS13G,AT10292,In Use,priya.brown@giim-test.local,Health & Safety,Support Office
300138,GIIM-A3Y54F,Apple iPhone 15,Phone,F2LJA3Y54F,AT10293,In Use,priya.brown@giim-test.local,Health & Safety,Support Office
300139,GIIM-5EMZZ2,Dell P2723DE,Monitor,CN0J5EMZZ2,AT10294,In Use,priya.brown@giim-test.local,Health & Safety,Support Office
300140,GIIM-Z8JQV4,Samsung Galaxy S24,Phone,R5CSZ8JQV4,AT10297,In Use,harrison.mitchell@giim-test.local,Executive,Support Office
300141,GIIM-2WPVM2,Dell P2723DE,Monitor,CN0Y2WPVM2,AT10298,In Use,henry.robinson@giim-test.local,Executive,Support Office
300142,GIIM-SZRCCW,Apple iPhone 15,Phone,F2L4SZRCCW,AT10301,In Use,liam.campbell@giim-test.local,Customer Service,Support Office
300143,GIIM-U7ZPK8,HP USB-C Dock G5,Dock,5CHZU7ZPK8,AT10303,In Use,liam.campbell@giim-test.local,Customer Service,Support Office
300144,GIIM-KUNTS8,Lenovo ThinkPad X1 Carbon Gen 11,Laptop,PWJCKUNTS8,AT10304,In Use,harper.wang@giim-test.local,Payroll,Support Office
300145,GIIM-3D6FS4,HP E24 G5,Monitor,3CMT3D6FS4,AT10306,In Use,harper.wang@giim-test.local,Payroll,Support Office
300146,GIIM-9EBPY4,HP E24 G5,Monitor,3CMA9EBPY4,AT10309,In Use,matilda.nguyen@giim-test.local,Merchandise,Support Office
300147,GIIM-0HQCR8,HP USB-C Dock G5,Dock,5CH30HQCR8,AT10310,In Use,matilda.nguyen@giim-test.local,Merchandise,Support Office
300148,GIIM-2FCQSN,HP EliteBook 840 G10,Laptop,5CGZ2FCQSN,AT10314,In Use,william.young@giim-test.local,Information Technology,Support Office
300149,GIIM-H8CBW2,Lenovo ThinkPad T14 Gen 4,Laptop,PFB4H8CBW2,AT10318,In Use,charlotte.ryan@giim-test.local,Customer Service,Support Office
300150,GIIM-9MC9WB,Samsung Galaxy S24,Phone,R5CE9MC9WB,AT10319,In Use,wei.thompson@giim-test.local,Customer Service,Support Office
300151,GIIM-EWX0TK,HP E24 G5,Monitor,3CM8EWX0TK,AT10320,In Use,mia.brown@giim-test.local,Customer Service,Support Office
300152,GIIM-CC9C16,Lenovo ThinkPad Universal USB-C Dock,Dock,ZKUBCC9C16,AT10321,In Use,wei.thompson@giim-test.local,Customer Service,Support Office
300153,GIIM-C09B9J,Lenovo ThinkPad Universal USB-C Dock,Dock,ZKW3C09B9J,AT10324,In Use,emily.patel@giim-test.local,Human Resources,Support Office
300154,GIIM-Z6MJM2,HP E24 G5,Monitor,3CMAZ6MJM2,AT10327,In Use,mia.kelly@giim-test.local,Marketing,Support Office
300155,GIIM-SFUB0V,Lenovo ThinkPad X1 Carbon Gen 11,Laptop,PWDKSFUB0V,AT10329,In Use,ruby.king@giim-test.local,Merchandise,Support Office
300156,GIIM-1RDUU9,HP E24 G5,Monitor,3CMC1RDUU9,AT10331,In Use,ruby.king@giim-test.local,Merchandise,Support Office
300157,GIIM-DVTFJA,Samsung Galaxy S24,Phone,R5CMDVTFJA,AT10334,In Use,chloe.walker@giim-test.local,Executive,Support Office
300158,GIIM-5L3BP0,Lenovo ThinkPad T14 Gen 4,Laptop,PFPC5L3BP0,AT10337,In Use,leo.jones@giim-test.local,Finance,Support Office
300159,GIIM-XFGD21,Lenovo ThinkPad T14 Gen 4,Laptop,PFH1XFGD21,AT10339,In Use,mason.scott@giim-test.local,Risk & Compliance,Support Office
300160,GIIM-FMEABZ,Lenovo ThinkPad T14 Gen 4,Laptop,PF9XFMEABZ,AT10345,In Use,mateo.clarke@giim-test.local,Data & Analytics,Support Office
300161,GIIM-ZZJPH5,Apple iPhone 15,Phone,F2LFZZJPH5,AT10346,In Use,mateo.clarke@giim-test.local,Data & Analytics,Support Office
300162,GIIM-613N8A,HP USB-C Dock G5,Dock,5CH8613N8A,AT10347,In Use,mateo.clarke@giim-test.local,Data & Analytics,Support Office
300163,GIIM-H41U9M,Lenovo ThinkPad X1 Carbon Gen 11,Laptop,PWN6H41U9M,AT10348,In Use,william.wang@giim-test.local,Sales,Support Office
300164,GIIM-ME7Q0J,Dell P2723DE,Monitor,CN0GME7Q0J,AT10350,In Use,william.wang@giim-test.local,Sales,Support Office
300165,GIIM-J93UN2,HP EliteBook 860 G11,Laptop,5CDLJ93UN2,AT10352,In Use,amelia.thompson@giim-test.local,Human Resources,Support Office
300166,GIIM-LAS98W,Samsung Galaxy S24,Phone,R5CNLAS98W,AT10353,In Use,amelia.thompson@giim-test.local,Human Resources,Support Office
300167,GIIM-37LT9T,Apple iPhone 15,Phone,F2LC37LT9T,AT10357,In Use,lucas.jones@giim-test.local,Risk & Compliance,Support Office
300168,GIIM-D5RKWE,Lenovo ThinkPad Universal USB-C Dock,Dock,ZK8AD5RKWE,AT10359,In Use,lucas.jones@giim-test.local,Risk & Compliance,Support Office
300169,GIIM-WR41YS,HP EliteBook 840 G10,Laptop,5CGZWR41YS,AT10360,In Use,thomas.mitchell@giim-test.local,Executive,Support Office
300170,GIIM-7MQQQC,Apple iPhone 15,Phone,F2LB7MQQQC,AT10361,In Use,thomas.mitchell@giim-test.local,Executive,Support Office
300171,GIIM-ERERHM,Lenovo ThinkPad Universal USB-C Dock,Dock,ZKUQERERHM,AT10362,In Use,thomas.mitchell@giim-test.local,Executive,Support Office
300172,GIIM-JAG69W,Lenovo ThinkPad X1 Carbon Gen 11,Laptop,PWFCJAG69W,AT10363,In Use,grace.taylor@giim-test.local,Human Resources,Support Office
300173,GIIM-207MHE,Dell P2723DE,Monitor,CN06207MHE,AT10369,In Use,ella.anderson@giim-test.local,Information Technology,Support Office
300174,GIIM-UD5RYA,Lenovo ThinkPad Universal USB-C Dock,Dock,ZK1YUD5RYA,AT10370,In Use,ella.anderson@giim-test.local,Information Technology,Support Office
300175,GIIM-6QJXFG,Apple iPhone 15,Phone,F2LM6QJXFG,AT10372,In Use,charlotte.murphy@giim-test.local,Executive,Support Office
300176,GIIM-JELYYX,HP EliteBook 860 G11,Laptop,5CDZJELYYX,AT10375,In Use,sophie.murphy@giim-test.local,Facilities,Distribution Centre
300177,GIIM-CT4U4Y,HP USB-C Dock G5,Dock,5CHNCT4U4Y,AT10378,In Use,olivia.young@giim-test.local,Facilities,Distribution Centre
300178,GIIM-GLJKUL,Apple iPhone 15,Phone,F2LYGLJKUL,AT10380,In Use,leo.clarke@giim-test.local,Supply Chain,Distribution Centre
300179,GIIM-XNG2KU,Lenovo ThinkPad T14 Gen 4,Laptop,PF6TXNG2KU,AT10383,In Use,zoe.ryan@giim-test.local,eCommerce,Support Office
300180,GIIM-R0ZQR6,Apple iPhone 15,Phone,F2LGR0ZQR6,AT10384,In Use,zoe.ryan@giim-test.local,eCommerce,Support Office
300181,GIIM-NC3C5V,HP E24 G5,Monitor,3CMHNC3C5V,AT10385,In Use,thomas.young@giim-test.local,eCommerce,Support Office
300182,GIIM-RB19JE,HP EliteBook 840 G10,Laptop,5CGURB19JE,AT10386,In Use,arjun.singh@giim-test.local,Payroll,Support Office
300183,GIIM-DMA2M6,Apple iPhone 15,Phone,F2LADMA2M6,AT10387,In Use,arjun.singh@giim-test.local,Payroll,Support Office
300184,GIIM-VTGJ02,Lenovo ThinkPad T14 Gen 4,Laptop,PFRYVTGJ02,AT10390,In Use,ella.white@giim-test.local,eCommerce,Support Office
300185,GIIM-ZTJ5KY,Samsung Galaxy S24,Phone,R5CUZTJ5KY,AT10391,In Use,ella.white@giim-test.local,eCommerce,Support Office
300186,GIIM-Q1TB26,Lenovo ThinkPad Universal USB-C Dock,Dock,ZKHAQ1TB26,AT10392,In Use,ella.white@giim-test.local,eCommerce,Support Office
300187,GIIM-DBB7BA,HP EliteBook 860 G11,Laptop,5CD7DBB7BA,AT10393,In Use,ethan.clarke2@giim-test.local,Customer Service,Support Office
300188,GIIM-7K87H9,Samsung Galaxy S24,Phone,R5CD7K87H9,AT10394,In Use,lucas.singh@giim-test.local,Customer Service,Support Office
300189,GIIM-SUTPYA,Dell P2723DE,Monitor,CN01SUTPYA,AT10395,In Use,lucas.singh@giim-test.local,Customer Service,Support Office
300190,GIIM-4H1AMJ,Apple iPad (10th gen),Tablet,DMPE4H1AMJ,AT10397,In Use,grace.brown3@giim-test.local,Facilities,Distribution Centre
300191,GIIM-2UV606,HP EliteBook 840 G10,Laptop,5CG32UV606,AT10398,In Use,olivia.wang@giim-test.local,Finance,Support Office
300192,GIIM-QYX44K,HP EliteBook 860 G11,Laptop,5CDEQYX44K,AT10401,In Use,jack.johnson@giim-test.local,Sales,Support Office
300193,GIIM-6BZ3C5,Apple iPhone 15,Phone,F2LG6BZ3C5,AT10402,In Use,jack.johnson@giim-test.local,Sales,Support Office
300194,GIIM-4ZAWF0,Dell Latitude 7440,Laptop,DL5S4ZAWF0,AT10405,In Use,arjun.thompson@giim-test.local,Property,Support Office
300195,GIIM-2PCSA2,Lenovo ThinkPad Universal USB-C Dock,Dock,ZK032PCSA2,AT10407,In Use,arjun.thompson@giim-test.local,Property,Support Office
300196,GIIM-5DH0U1,Lenovo ThinkPad X1 Carbon Gen 11,Laptop,PW5U5DH0U1,AT10408,In Use,hiroshi.singh@giim-test.local,Risk & Compliance,Support Office
300197,GIIM-JLN3AA,Dell Latitude 7440,Laptop,DLR0JLN3AA,AT10411,In Use,leo.anderson@giim-test.local,Facilities,Distribution Centre
300198,GIIM-TFW3JJ,Apple iPhone 15,Phone,F2L8TFW3JJ,AT10412,In Use,leo.anderson@giim-test.local,Facilities,Distribution Centre
300199,GIIM-MZESPR,Dell P2723DE,Monitor,CN0RMZESPR,AT10413,In Use,leo.anderson@giim-test.local,Facilities,Distribution Centre
300200,GIIM-2QLW9A,Samsung Galaxy S24,Phone,R5C72QLW9A,AT10416,In Use,priya.king@giim-test.local,Property,Support Office
300201,GIIM-T900M1,HP USB-C Dock G5,Dock,5CH6T900M1,AT10418,In Use,priya.king@giim-test.local,Property,Support Office
300202,GIIM-RLZ0B9,HP E24 G5,Monitor,3CM1RLZ0B9,AT10421,In Use,emily.harris@giim-test.local,Property,Support Office
300203,GIIM-UUPCZB,Apple iPad (10th gen),Tablet,DMPDUUPCZB,AT10422,In Use,cooper.murphy@giim-test.local,Logistics,Distribution Centre
300204,GIIM-D5SLS0,Apple iPhone 15,Phone,F2LAD5SLS0,AT10424,In Use,thomas.nguyen@giim-test.local,Customer Service,Support Office
300205,GIIM-VMAP5M,Lenovo ThinkPad T14 Gen 4,Laptop,PF4GVMAP5M,AT10429,In Use,zoe.scott@giim-test.local,Legal,Support Office
300206,GIIM-13B7H8,Samsung Galaxy S24,Phone,R5CA13B7H8,AT10430,In Use,zoe.scott@giim-test.local,Legal,Support Office
300207,GIIM-PZUBP8,Dell P2723DE,Monitor,CN0RPZUBP8,AT10431,In Use,zoe.scott@giim-test.local,Legal,Support Office
300208,GIIM-Z0E4YE,Lenovo ThinkPad Universal USB-C Dock,Dock,ZK3CZ0E4YE,AT10432,In Use,zoe.scott@giim-test.local,Legal,Support Office
300209,GIIM-2M8LQK,Samsung Galaxy S24,Phone,R5CE2M8LQK,AT10434,In Use,tane.robinson@giim-test.local,Sales,Support Office
300210,GIIM-K6RQGD,Apple iPhone 15,Phone,F2L5K6RQGD,AT10436,In Store,lucas.johnson@giim-test.local,Human Resources,Support Office
300211,GIIM-86NGUH,HP E24 G5,Monitor,3CMP86NGUH,AT10437,In Store,lucas.johnson@giim-test.local,Human Resources,Support Office
300212,GIIM-MQQ9HU,HP USB-C Dock G5,Dock,5CHZMQQ9HU,AT10438,In Store,lucas.johnson@giim-test.local,Human Resources,Support Office
300213,GIIM-SYP948,HP EliteBook 840 G10,Laptop,5CGHSYP948,AT10439,In Use,grace.lee@giim-test.local,Legal,Support Office
300214,GIIM-LVZL97,Samsung Galaxy S24,Phone,R5CRLVZL97,AT10440,In Use,grace.lee@giim-test.local,Legal,Support Office
300215,GIIM-Q6KRP2,Lenovo ThinkPad Universal USB-C Dock,Dock,ZKHXQ6KRP2,AT10442,In Use,grace.lee@giim-test.local,Legal,Support Office
300216,GIIM-1JB41Y,Lenovo ThinkPad X1 Carbon Gen 11,Laptop,PWAZ1JB41Y,AT10443,In Use,isla.martin@giim-test.local,Facilities,Distribution Centre
300217,GIIM-8SXMXV,HP E24 G5,Monitor,3CM38SXMXV,AT10445,In Use,isla.martin@giim-test.local,Facilities,Distribution Centre
300218,GIIM-L66BPX,HP EliteBook 840 G10,Laptop,5CG6L66BPX,AT10446,In Use,mason.walker@giim-test.local,Procurement,Support Office
300219,GIIM-049AEL,Apple iPhone 15,Phone,F2LA049AEL,AT10447,In Use,mason.walker@giim-test.local,Procurement,Support Office
300220,GIIM-2M60G1,HP E24 G5,Monitor,3CMF2M60G1,AT10448,In Use,mason.walker@giim-test.local,Procurement,Support Office
300221,GIIM-ZB0SE7,HP USB-C Dock G5,Dock,5CHEZB0SE7,AT10449,In Use,mason.walker@giim-test.local,Procurement,Support Office
300222,GIIM-0T2JYX,Lenovo ThinkPad T14 Gen 4,Laptop,PFGW0T2JYX,AT10450,In Use,hiroshi.kaur@giim-test.local,Merchandise,Support Office
300223,GIIM-JFRE29,Apple iPhone 15,Phone,F2LTJFRE29,AT10451,In Use,hiroshi.kaur@giim-test.local,Merchandise,Support Office
300224,GIIM-QLHZCR,HP EliteBook 840 G10,Laptop,5CG8QLHZCR,AT10452,In Use,hiroshi.patel@giim-test.local,Property,Support Office
300225,GIIM-2BWQ5J,Dell P2723DE,Monitor,CN0D2BWQ5J,AT10454,In Use,hiroshi.patel@giim-test.local,Property,Support Office
300226,GIIM-JFQNTM,Lenovo ThinkPad Universal USB-C Dock,Dock,ZK7QJFQNTM,AT10455,In Use,hiroshi.patel@giim-test.local,Property,Support Office
300227,GIIM-A0XYTV,Apple iPhone 15,Phone,F2LFA0XYTV,AT10457,In Use,emily.anderson@giim-test.local,Sales,Support Office
300228,GIIM-3GAWG1,Dell Latitude 7440,Laptop,DLGF3GAWG1,AT10459,In Store,thomas.scott@giim-test.local,Legal,Support Office
300229,GIIM-S2VFV4,Lenovo ThinkPad T14 Gen 4,Laptop,PFQ6S2VFV4,AT10463,In Use,henry.kaur@giim-test.local,Legal,Support Office
300230,GIIM-BJL1SE,HP E24 G5,Monitor,3CM8BJL1SE,AT10465,In Use,henry.kaur@giim-test.local,Legal,Support Office
300231,GIIM-7QA6S6,Lenovo ThinkPad Universal USB-C Dock,Dock,ZK877QA6S6,AT10466,In Use,henry.kaur@giim-test.local,Legal,Support Office
300232,GIIM-MX7FPT,HP USB-C Dock G5,Dock,5CHFMX7FPT,AT10469,In Use,hiroshi.kaur2@giim-test.local,Merchandise,Support Office
300233,GIIM-MDYZME,Dell Latitude 7440,Laptop,DL8NMDYZME,AT10470,In Use,grace.mitchell2@giim-test.local,Legal,Support Office
300234,GIIM-LS28KL,HP E24 G5,Monitor,3CM1LS28KL,AT10472,In Use,grace.mitchell2@giim-test.local,Legal,Support Office
300235,GIIM-5L67EU,HP EliteBook 840 G10,Laptop,5CG35L67EU,AT10474,In Use,ethan.smith@giim-test.local,Human Resources,Support Office
300236,GIIM-9HMLP9,Dell P2723DE,Monitor,CN029HMLP9,AT10476,In Use,ethan.smith@giim-test.local,Human Resources,Support Office
300237,GIIM-J1ET2D,Dell P2723DE,Monitor,CN07J1ET2D,AT10480,In Use,ruby.chen@giim-test.local,Operations,Support Office
300238,GIIM-GRTPEH,Samsung Galaxy S24,Phone,R5CAGRTPEH,AT10486,In Use,wei.johnson@giim-test.local,Data & Analytics,Support Office
300239,GIIM-NPC59M,HP E24 G5,Monitor,3CM5NPC59M,AT10487,In Use,wei.johnson@giim-test.local,Data & Analytics,Support Office
300240,GIIM-VDM8GJ,Apple iPad (10th gen),Tablet,DMPPVDM8GJ,AT10489,In Use,ava.williams@giim-test.local,Logistics,Distribution Centre
300241,GIIM-57323W,HP EliteBook 840 G10,Laptop,5CGD57323W,AT10490,In Use,ethan.wang@giim-test.local,Procurement,Support Office
300242,GIIM-1GPWEB,Apple iPhone 15,Phone,F2LE1GPWEB,AT10491,In Use,ethan.wang@giim-test.local,Procurement,Support Office
300243,GIIM-LV3ACT,Lenovo ThinkPad Universal USB-C Dock,Dock,ZKURLV3ACT,AT10492,In Use,ethan.wang@giim-test.local,Procurement,Support Office
300244,GIIM-3QWZDZ,Samsung Galaxy S24,Phone,R5C23QWZDZ,AT10496,In Use,mason.anderson@giim-test.local,Risk & Compliance,Support Office
300245,GIIM-BBFEXP,Dell P2723DE,Monitor,CN0RBBFEXP,AT10497,In Use,mason.anderson@giim-test.local,Risk & Compliance,Support Office
300246,GIIM-TSD8RZ,Samsung Galaxy S24,Phone,R5CBTSD8RZ,AT10500,In Use,thomas.mitchell2@giim-test.local,Customer Service,Support Office
300247,GIIM-LT3MR7,Dell P2723DE,Monitor,CN0KLT3MR7,AT10501,In Use,thomas.mitchell2@giim-test.local,Customer Service,Support Office
300248,GIIM-1HKA22,Lenovo ThinkPad Universal USB-C Dock,Dock,ZK8N1HKA22,AT10502,In Use,thomas.mitchell2@giim-test.local,Customer Service,Support Office
300249,GIIM-V7EXG5,Samsung Galaxy S24,Phone,R5CUV7EXG5,AT10504,In Use,cooper.taylor@giim-test.local,Executive,Support Office
300250,GIIM-F4NLPB,Lenovo ThinkPad T14 Gen 4,Laptop,PFZHF4NLPB,AT10506,In Use,sophie.nguyen@giim-test.local,eCommerce,Support Office
300251,GIIM-83GLEP,Apple iPhone 15,Phone,F2L483GLEP,AT10507,In Use,sophie.nguyen@giim-test.local,eCommerce,Support Office
300252,GIIM-4ZM56B,Dell P2723DE,Monitor,CN0D4ZM56B,AT10508,In Use,sophie.nguyen@giim-test.local,eCommerce,Support Office
300253,GIIM-RT73Z0,Lenovo ThinkPad Universal USB-C Dock,Dock,ZKZJRT73Z0,AT10513,In Use,olivia.johnson@giim-test.local,Data & Analytics,Support Office
300254,GIIM-JCFPFL,HP EliteBook 860 G11,Laptop,5CD1JCFPFL,AT10514,In Use,mateo.robinson@giim-test.local,Procurement,Support Office
300255,GIIM-P5L8TC,HP USB-C Dock G5,Dock,5CHTP5L8TC,AT10517,In Use,mateo.robinson@giim-test.local,Procurement,Support Office
300256,GIIM-UJ3FWX,Apple iPhone 15,Phone,F2LCUJ3FWX,AT10519,In Use,mei.clarke@giim-test.local,Sales,Support Office
300257,GIIM-NMX77H,HP USB-C Dock G5,Dock,5CHYNMX77H,AT10520,In Use,mei.clarke@giim-test.local,Sales,Support Office
300258,GIIM-2N0X2B,HP EliteBook 860 G11,Laptop,5CDX2N0X2B,AT10521,In Use,tane.jones@giim-test.local,Information Technology,Support Office
300259,GIIM-EA1KTR,Lenovo ThinkPad Universal USB-C Dock,Dock,ZKJAEA1KTR,AT10527,In Use,hiroshi.singh2@giim-test.local,Human Resources,Support Office
300260,GIIM-PAXVKD,Lenovo ThinkPad X1 Carbon Gen 11,Laptop,PW64PAXVKD,AT10528,In Use,lucas.williams@giim-test.local,Risk & Compliance,Support Office
300261,GIIM-5U487X,Samsung Galaxy S24,Phone,R5CF5U487X,AT10529,In Use,fatima.patel@giim-test.local,Risk & Compliance,Support Office
300262,GIIM-51ZTY6,Lenovo ThinkPad X1 Carbon Gen 11,Laptop,PWJ551ZTY6,AT10532,In Use,matilda.johnson@giim-test.local,Data & Analytics,Support Office
300263,GIIM-849XYZ,Apple iPhone 15,Phone,F2LR849XYZ,AT10535,In Use,mei.singh@giim-test.local,Data & Analytics,Support Office
300264,GIIM-U00NT2,Samsung Galaxy S24,Phone,R5CWU00NT2,AT10537,In Use,charlotte.smith@giim-test.local,Legal,Support Office
300265,GIIM-P86V4V,HP E24 G5,Monitor,3CMPP86V4V,AT10538,In Store,charlotte.smith@giim-test.local,Legal,Support Office
300266,GIIM-68MYMF,Lenovo ThinkPad T14 Gen 4,Laptop,PFHQ68MYMF,AT10540,In Use,priya.robinson@giim-test.local,Information Technology,Support Office
300267,GIIM-XS701M,Dell P2723DE,Monitor,CN0ZXS701M,AT10542,In Use,priya.robinson@giim-test.local,Information Technology,Support Office
300268,GIIM-ZAN2EY,HP USB-C Dock G5,Dock,5CHTZAN2EY,AT10543,In Use,priya.robinson@giim-test.local,Information Technology,Support Office
300269,GIIM-DLMAML,HP EliteBook 840 G10,Laptop,5CGCDLMAML,AT10545,In Use,liam.young@giim-test.local,Human Resources,Support Office
300270,GIIM-Y3TM58,HP USB-C Dock G5,Dock,5CHSY3TM58,AT10547,In Use,liam.young@giim-test.local,Human Resources,Support Office
300271,GIIM-H8QWZB,Lenovo ThinkPad X1 Carbon Gen 11,Laptop,PWGVH8QWZB,AT10548,In Use,ella.walker@giim-test.local,Procurement,Support Office
300272,GIIM-MQ39T2,Samsung Galaxy S24,Phone,R5C2MQ39T2,AT10549,In Use,ella.walker@giim-test.local,Procurement,Support Office
300273,GIIM-W2ZV4X,Dell P2723DE,Monitor,CN07W2ZV4X,AT10550,In Use,ella.walker@giim-test.local,Procurement,Support Office
300274,GIIM-PZZLP0,Lenovo ThinkPad T14 Gen 4,Laptop,PF7PPZZLP0,AT10552,In Use,mason.singh@giim-test.local,Human Resources,Support Office
300275,GIIM-F2GUR3,Apple iPhone 15,Phone,F2LNF2GUR3,AT10553,In Use,mason.singh@giim-test.local,Human Resources,Support Office
300276,GIIM-5PDHSG,HP EliteBook 840 G10,Laptop,5CGJ5PDHSG,AT10556,In Use,matilda.smith@giim-test.local,Operations,Support Office
300277,GIIM-7D3XVK,Lenovo ThinkPad X1 Carbon Gen 11,Laptop,PWS37D3XVK,AT10558,In Use,fatima.murphy2@giim-test.local,eCommerce,Support Office
300278,GIIM-HVSWMZ,Dell P2723DE,Monitor,CN0JHVSWMZ,AT10560,In Use,fatima.murphy2@giim-test.local,eCommerce,Support Office
300279,GIIM-X3W1XN,Lenovo ThinkPad Universal USB-C Dock,Dock,ZK6AX3W1XN,AT10561,In Use,fatima.murphy2@giim-test.local,eCommerce,Support Office
300280,GIIM-MR9UVQ,Lenovo ThinkPad X1 Carbon Gen 11,Laptop,PW07MR9UVQ,AT10562,In Use,mia.johnson@giim-test.local,Payroll,Support Office
300281,GIIM-YJ2ZTC,Lenovo ThinkPad Universal USB-C Dock,Dock,ZKTSYJ2ZTC,AT10564,In Use,mia.johnson@giim-test.local,Payroll,Support Office
300282,GIIM-TXEFNF,Lenovo ThinkPad T14 Gen 4,Laptop,PFMZTXEFNF,AT10565,In Use,liam.smith@giim-test.local,Information Technology,Support Office
300283,GIIM-JALXVG,Samsung Galaxy S24,Phone,R5C0JALXVG,AT10566,In Use,liam.smith@giim-test.local,Information Technology,Support Office
300284,GIIM-K21PJS,Dell Latitude 7440,Laptop,DLBJK21PJS,AT10569,In Use,harrison.martin@giim-test.local,Risk & Compliance,Support Office
300285,GIIM-8JJJY0,Lenovo ThinkPad Universal USB-C Dock,Dock,ZKG58JJJY0,AT10575,In Use,mateo.king@giim-test.local,Executive,Support Office
300286,GIIM-3UUYNE,Lenovo ThinkPad X1 Carbon Gen 11,Laptop,PW2L3UUYNE,AT10576,In Use,priya.martin@giim-test.local,Human Resources,Support Office
300287,GIIM-CR2EVU,Samsung Galaxy S24,Phone,R5CLCR2EVU,AT10577,In Use,priya.martin@giim-test.local,Human Resources,Support Office
300288,GIIM-6U53RE,Dell Latitude 7440,Laptop,DLAQ6U53RE,AT10580,In Use,amelia.nguyen@giim-test.local,Health & Safety,Support Office
300289,GIIM-8SPJJV,Apple iPhone 15,Phone,F2LF8SPJJV,AT10581,In Use,amelia.nguyen@giim-test.local,Health & Safety,Support Office
300290,GIIM-3YYN6E,Lenovo ThinkPad T14 Gen 4,Laptop,PFNL3YYN6E,AT10584,In Use,hunter.walker2@giim-test.local,Logistics,Distribution Centre
300291,GIIM-6ZWAC5,Samsung Galaxy S24,Phone,R5CP6ZWAC5,AT10587,In Use,wei.kelly@giim-test.local,Finance,Support Office
300292,GIIM-XNP7JS,Lenovo ThinkPad Universal USB-C Dock,Dock,ZK21XNP7JS,AT10589,In Use,wei.kelly@giim-test.local,Finance,Support Office
300293,GIIM-TV64UJ,Lenovo ThinkPad T14 Gen 4,Laptop,PFTRTV64UJ,AT10590,In Use,priya.johnson@giim-test.local,Supply Chain,Distribution Centre
300294,GIIM-2W9FN7,Apple iPhone 15,Phone,F2LG2W9FN7,AT10591,In Use,priya.johnson@giim-test.local,Supply Chain,Distribution Centre
300295,GIIM-UJGSPA,HP E24 G5,Monitor,3CM7UJGSPA,AT10592,In Use,priya.johnson@giim-test.local,Supply Chain,Distribution Centre
300296,GIIM-121V41,HP EliteBook 860 G11,Laptop,5CDV121V41,AT10594,In Use,henry.ryan@giim-test.local,Executive,Support Office
300297,GIIM-DUQCG0,HP E24 G5,Monitor,3CM8DUQCG0,AT10596,In Use,henry.ryan@giim-test.local,Executive,Support Office
300298,GIIM-QG6XXQ,Samsung Galaxy S24,Phone,R5CKQG6XXQ,AT10599,In Use,mei.kelly2@giim-test.local,Logistics,Distribution Centre
300299,GIIM-XZT7K5,HP USB-C Dock G5,Dock,5CHNXZT7K5,AT10601,In Use,mei.kelly2@giim-test.local,Logistics,Distribution Centre
300300,GIIM-YGNW9T,HP USB-C Dock G5,Dock,5CH9YGNW9T,AT10604,In Use,emily.singh@giim-test.local,Sales,Support Office
300301,GIIM-JKZ5MF,Dell P2723DE,Monitor,CN0FJKZ5MF,AT10607,In Use,mateo.mitchell@giim-test.local,eCommerce,Support Office
300302,GIIM-QP2M9C,Lenovo ThinkPad T14 Gen 4,Laptop,PF1FQP2M9C,AT10609,In Use,tane.singh@giim-test.local,Merchandise,Support Office
300303,GIIM-5L0U2Q,Dell P2723DE,Monitor,CN045L0U2Q,AT10611,In Use,tane.singh@giim-test.local,Merchandise,Support Office
300304,GIIM-JH2N84,HP USB-C Dock G5,Dock,5CHVJH2N84,AT10612,In Use,grace.young@giim-test.local,Merchandise,Support Office
300305,GIIM-587WLD,Samsung Galaxy S24,Phone,R5CQ587WLD,AT10614,In Use,olivia.white2@giim-test.local,Health & Safety,Support Office
300306,GIIM-SP4XH5,Lenovo ThinkPad Universal USB-C Dock,Dock,ZK9SSP4XH5,AT10615,In Use,olivia.white2@giim-test.local,Health & Safety,Support Office
300307,GIIM-5FNK52,Samsung Galaxy S24,Phone,R5CU5FNK52,AT10617,In Use,grace.white@giim-test.local,Merchandise,Support Office
300308,GIIM-WX7XJS,HP EliteBook 840 G10,Laptop,5CG9WX7XJS,AT10620,In Use,mei.chen@giim-test.local,Operations,Support Office
300309,GIIM-XEA6F1,Dell P2723DE,Monitor,CN0RXEA6F1,AT10622,In Use,mei.chen@giim-test.local,Operations,Support Office
300310,GIIM-ZM21V5,Lenovo ThinkPad T14 Gen 4,Laptop,PFGGZM21V5,AT10624,In Use,thomas.smith@giim-test.local,Risk & Compliance,Support Office
300311,GIIM-Q8LVPA,Lenovo ThinkPad X1 Carbon Gen 11,Laptop,PW7EQ8LVPA,AT10627,In Use,aisha.johnson@giim-test.local,Information Technology,Support Office
300312,GIIM-MEDQ41,Apple iPhone 15,Phone,F2LMMEDQ41,AT10628,In Use,aisha.johnson@giim-test.local,Information Technology,Support Office
300313,GIIM-69DF1N,Apple iPhone 15,Phone,F2LC69DF1N,AT10631,In Use,mei.lee@giim-test.local,Data & Analytics,Support Office
300314,GIIM-JM5FK2,Lenovo ThinkPad Universal USB-C Dock,Dock,ZKU0JM5FK2,AT10632,In Use,mei.lee@giim-test.local,Data & Analytics,Support Office
300315,GIIM-B2VDHU,Lenovo ThinkPad X1 Carbon Gen 11,Laptop,PWP0B2VDHU,AT10633,In Use,aisha.murphy@giim-test.local,Sales,Support Office
300316,GIIM-FV57YM,Lenovo ThinkPad T14 Gen 4,Laptop,PFERFV57YM,AT10637,In Use,zoe.williams@giim-test.local,Property,Support Office
300317,GIIM-76DPK0,Lenovo ThinkPad Universal USB-C Dock,Dock,ZK1876DPK0,AT10639,In Use,zoe.williams@giim-test.local,Property,Support Office
300318,GIIM-KDPY9E,Lenovo ThinkPad X1 Carbon Gen 11,Laptop,PWUCKDPY9E,AT10640,In Use,mateo.robinson2@giim-test.local,Finance,Support Office
300319,GIIM-XQM35G,Dell P2723DE,Monitor,CN06XQM35G,AT10645,In Use,henry.lee2@giim-test.local,Health & Safety,Support Office
300320,GIIM-MSP8RK,Lenovo ThinkPad Universal USB-C Dock,Dock,ZKCUMSP8RK,AT10646,In Use,william.king@giim-test.local,Health & Safety,Support Office
300321,GIIM-K7XL4F,Lenovo ThinkPad X1 Carbon Gen 11,Laptop,PW64K7XL4F,AT10647,In Use,mateo.singh@giim-test.local,Information Technology,Support Office
300322,GIIM-DJZURX,Samsung Galaxy S24,Phone,R5CSDJZURX,AT10648,In Use,mateo.singh@giim-test.local,Information Technology,Support Office
300323,GIIM-H6E8P9,Dell P2723DE,Monitor,CN00H6E8P9,AT10649,In Use,mateo.singh@giim-test.local,Information Technology,Support Office
300324,GIIM-9BJJZQ,Lenovo ThinkPad T14 Gen 4,Laptop,PFSC9BJJZQ,AT10651,In Use,fatima.kelly@giim-test.local,Property,Support Office
300325,GIIM-FQ73YC,HP E24 G5,Monitor,3CM7FQ73YC,AT10653,In Use,fatima.kelly@giim-test.local,Property,Support Office
300326,GIIM-949YWE,Dell P2723DE,Monitor,CN0L949YWE,AT10657,In Use,ava.chen@giim-test.local,Marketing,Support Office
300327,GIIM-0GP89C,Dell Latitude 7440,Laptop,DLW90GP89C,AT10658,In Use,ella.martin@giim-test.local,Supply Chain,Distribution Centre
300328,GIIM-GV57L2,HP E24 G5,Monitor,3CMNGV57L2,AT10660,In Use,ella.martin@giim-test.local,Supply Chain,Distribution Centre
300329,GIIM-57WKDW,Dell P2723DE,Monitor,CN0C57WKDW,AT10666,In Use,ethan.anderson@giim-test.local,Executive,Support Office
300330,GIIM-NNQM1F,HP USB-C Dock G5,Dock,5CHBNNQM1F,AT10667,In Use,ethan.anderson@giim-test.local,Executive,Support Office
300331,GIIM-BTCTUB,Dell Latitude 7440,Laptop,DL33BTCTUB,AT10668,In Use,zoe.patel@giim-test.local,Property,Support Office
300332,GIIM-FKES0T,Samsung Galaxy S24,Phone,R5C6FKES0T,AT10677,In Store,priya.thompson@giim-test.local,Procurement,Support Office
300333,GIIM-2GTX2V,Lenovo ThinkPad Universal USB-C Dock,Dock,ZKAQ2GTX2V,AT10681,In Use,jack.chen@giim-test.local,Information Technology,Support Office
300334,GIIM-ZU92E4,HP EliteBook 840 G10,Laptop,5CGUZU92E4,AT10686,In Use,hiroshi.ryan@giim-test.local,Human Resources,Support Office
300335,GIIM-7AZF11,HP E24 G5,Monitor,3CM77AZF11,AT10688,In Use,hiroshi.ryan@giim-test.local,Human Resources,Support Office
300336,GIIM-Q1P9WG,Lenovo ThinkPad X1 Carbon Gen 11,Laptop,PWKYQ1P9WG,AT10689,In Use,mia.harris@giim-test.local,Data & Analytics,Support Office
300337,GIIM-UM64YG,Apple iPhone 15,Phone,F2LNUM64YG,AT10690,In Use,mia.harris@giim-test.local,Data & Analytics,Support Office
300338,GIIM-9BUKT8,Samsung Galaxy S24,Phone,R5C29BUKT8,AT10692,In Use,henry.taylor@giim-test.local,Marketing,Support Office
300339,GIIM-GEB4WH,HP EliteBook 840 G10,Laptop,5CG1GEB4WH,AT10694,In Use,harper.lee@giim-test.local,Finance,Support Office
300340,GIIM-Q0NX6K,HP USB-C Dock G5,Dock,5CHNQ0NX6K,AT10697,In Use,harper.lee@giim-test.local,Finance,Support Office
300341,GIIM-R7CB7F,HP USB-C Dock G5,Dock,5CHLR7CB7F,AT10701,In Use,isla.patel@giim-test.local,Information Technology,Support Office
300342,GIIM-CW9583,Dell Latitude 7440,Laptop,DLU7CW9583,AT10705,In Use,cooper.anderson@giim-test.local,Logistics,Distribution Centre
300343,GIIM-5MST5Z,Lenovo ThinkPad Universal USB-C Dock,Dock,ZK195MST5Z,AT10707,In Use,cooper.anderson@giim-test.local,Logistics,Distribution Centre
300344,GIIM-LNR2L2,HP EliteBook 860 G11,Laptop,5CD6LNR2L2,AT10708,In Use,isla.nguyen@giim-test.local,Property,Support Office
300345,GIIM-AR72UV,Samsung Galaxy S24,Phone,R5CFAR72UV,AT10709,In Use,olivia.mitchell@giim-test.local,Property,Support Office
300346,GIIM-XZW9QQ,Lenovo ThinkPad X1 Carbon Gen 11,Laptop,PWQ0XZW9QQ,AT10712,In Use,liam.lee@giim-test.local,Human Resources,Support Office
300347,GIIM-LG8MHG,Samsung Galaxy S24,Phone,R5C8LG8MHG,AT10713,In Use,liam.lee@giim-test.local,Human Resources,Support Office
300348,GIIM-Z5FGYU,HP E24 G5,Monitor,3CMHZ5FGYU,AT10714,In Use,liam.lee@giim-test.local,Human Resources,Support Office
300349,GIIM-CW35C3,Lenovo ThinkPad Universal USB-C Dock,Dock,ZKRTCW35C3,AT10715,In Use,liam.lee@giim-test.local,Human Resources,Support Office
300350,GIIM-G26U9P,Apple iPhone 15,Phone,F2L2G26U9P,AT10717,In Use,lucas.taylor2@giim-test.local,Information Technology,Support Office
300351,GIIM-4YML0J,Apple iPhone 15,Phone,F2L24YML0J,AT10720,In Use,harper.smith@giim-test.local,Procurement,Support Office
300352,GIIM-PZQFAR,Lenovo ThinkPad Universal USB-C Dock,Dock,ZKY3PZQFAR,AT10722,In Use,harper.smith@giim-test.local,Procurement,Support Office
300353,GIIM-7SKR3G,Samsung Galaxy S24,Phone,R5CH7SKR3G,AT10724,In Use,noah.thompson@giim-test.local,Operations,Support Office
300354,GIIM-T58R96,HP USB-C Dock G5,Dock,5CHKT58R96,AT10725,In Use,noah.thompson@giim-test.local,Operations,Support Office
300355,GIIM-HVRGFZ,Samsung Galaxy S24,Phone,R5CCHVRGFZ,AT10727,In Use,arjun.chen@giim-test.local,Logistics,Distribution Centre
300356,GIIM-9GW0Q6,HP E24 G5,Monitor,3CMH9GW0Q6,AT10728,In Use,arjun.chen@giim-test.local,Logistics,Distribution Centre
300357,GIIM-RCJMM8,HP USB-C Dock G5,Dock,5CH7RCJMM8,AT10729,In Store,arjun.chen@giim-test.local,Logistics,Distribution Centre
300358,GIIM-RYN920,HP EliteBook 840 G10,Laptop,5CGDRYN920,AT10730,In Use,cooper.ryan@giim-test.local,Executive,Support Office
300359,GIIM-UC1X90,Samsung Galaxy S24,Phone,R5CSUC1X90,AT10731,In Use,cooper.ryan@giim-test.local,Executive,Support Office
300360,GIIM-Y83HXF,Dell P2723DE,Monitor,CN0XY83HXF,AT10732,In Use,harper.mitchell2@giim-test.local,Executive,Support Office
300361,GIIM-B47TYN,HP USB-C Dock G5,Dock,5CHSB47TYN,AT10736,In Use,wei.jones@giim-test.local,Legal,Support Office
300362,GIIM-JZE9D2,Dell Latitude 7440,Laptop,DLU1JZE9D2,AT10737,In Use,isla.thompson@giim-test.local,Facilities,Distribution Centre
300363,GIIM-99FARZ,Lenovo ThinkPad Universal USB-C Dock,Dock,ZKBD99FARZ,AT10740,In Use,isla.thompson@giim-test.local,Facilities,Distribution Centre
300364,GIIM-R5CDDL,Apple iPad (10th gen),Tablet,DMPLR5CDDL,AT10741,In Use,mia.singh@giim-test.local,Facilities,Distribution Centre
300365,GIIM-WUUBY0,Apple iPhone 15,Phone,F2LJWUUBY0,AT10743,In Use,olivia.thompson@giim-test.local,Merchandise,Support Office
300366,GIIM-R0LA1Z,Lenovo ThinkPad Universal USB-C Dock,Dock,ZKBKR0LA1Z,AT10744,In Use,olivia.thompson@giim-test.local,Merchandise,Support Office
300367,GIIM-7NKRM9,Dell P2723DE,Monitor,CN0T7NKRM9,AT10747,In Store,priya.white@giim-test.local,Merchandise,Support Office
300368,GIIM-FK33XZ,Samsung Galaxy S24,Phone,R5C4FK33XZ,AT10750,In Use,ruby.lee@giim-test.local,Legal,Support Office
300369,GIIM-E4MMKU,HP USB-C Dock G5,Dock,5CHYE4MMKU,AT10752,In Use,ruby.lee@giim-test.local,Legal,Support Office
300370,GIIM-BH6N61,Apple iPhone 15,Phone,F2LUBH6N61,AT10754,In Use,arjun.walker@giim-test.local,Procurement,Support Office
300371,GIIM-DV3V2U,Dell P2723DE,Monitor,CN0QDV3V2U,AT10755,In Use,arjun.walker@giim-test.local,Procurement,Support Office
300372,GIIM-J2GU2L,Lenovo ThinkPad Universal USB-C Dock,Dock,ZK39J2GU2L,AT10756,In Use,arjun.walker@giim-test.local,Procurement,Support Office
300373,GIIM-0AW679,Lenovo ThinkPad T14 Gen 4,Laptop,PFSY0AW679,AT10757,In Use,zoe.clarke@giim-test.local,Data & Analytics,Support Office
300374,GIIM-B59ANU,Samsung Galaxy S24,Phone,R5CTB59ANU,AT10758,In Use,zoe.clarke@giim-test.local,Data & Analytics,Support Office
300375,GIIM-G07G42,Dell P2723DE,Monitor,CN0BG07G42,AT10759,In Use,zoe.clarke@giim-test.local,Data & Analytics,Support Office
300376,GIIM-BS4HBG,HP USB-C Dock G5,Dock,5CHEBS4HBG,AT10760,In Use,matilda.mitchell@giim-test.local,Data & Analytics,Support Office
300377,GIIM-1UDJ7T,Samsung Galaxy S24,Phone,R5CP1UDJ7T,AT10762,In Use,zoe.jones@giim-test.local,Marketing,Support Office
300378,GIIM-H2H378,Dell P2723DE,Monitor,CN05H2H378,AT10763,In Use,zoe.jones@giim-test.local,Marketing,Support Office
300379,GIIM-Q2NCPF,HP E24 G5,Monitor,3CMVQ2NCPF,AT10767,In Use,mia.harris2@giim-test.local,Information Technology,Support Office
300380,GIIM-5XM91H,Lenovo ThinkPad Universal USB-C Dock,Dock,ZKHS5XM91H,AT10768,In Use,mia.harris2@giim-test.local,Information Technology,Support Office
300381,GIIM-HXD7K2,HP EliteBook 840 G10,Laptop,5CG9HXD7K2,AT10770,In Use,isla.walker@giim-test.local,Procurement,Support Office
300382,GIIM-2G3GMG,Samsung Galaxy S24,Phone,R5CY2G3GMG,AT10775,In Use,henry.campbell@giim-test.local,Legal,Support Office
300383,GIIM-9D55SB,Lenovo ThinkPad X1 Carbon Gen 11,Laptop,PW2Q9D55SB,AT10776,In Use,ella.white2@giim-test.local,Logistics,Distribution Centre
300384,GIIM-XH6BPN,Apple iPhone 15,Phone,F2LDXH6BPN,AT10777,In Use,ella.white2@giim-test.local,Logistics,Distribution Centre
300385,GIIM-0FRZV6,Lenovo ThinkPad Universal USB-C Dock,Dock,ZKDG0FRZV6,AT10778,In Use,ella.white2@giim-test.local,Logistics,Distribution Centre
300386,GIIM-0GE6AQ,HP EliteBook 860 G11,Laptop,5CDG0GE6AQ,AT10779,In Use,liam.young2@giim-test.local,Health & Safety,Support Office
300387,GIIM-7XAG5J,Lenovo ThinkPad T14 Gen 4,Laptop,PF3C7XAG5J,AT10782,In Use,cooper.anderson2@giim-test.local,Payroll,Support Office
300388,GIIM-KNJUGC,Apple iPhone 15,Phone,F2LGKNJUGC,AT10783,In Use,cooper.anderson2@giim-test.local,Payroll,Support Office
300389,GIIM-H0EHZH,Apple iPhone 15,Phone,F2LFH0EHZH,AT10787,In Use,wei.kaur@giim-test.local,Human Resources,Support Office
300390,GIIM-6RHQMR,Lenovo ThinkPad T14 Gen 4,Laptop,PF216RHQMR,AT10789,In Use,hunter.taylor@giim-test.local,Health & Safety,Support Office
300391,GIIM-QL1F4B,Samsung Galaxy S24,Phone,R5CHQL1F4B,AT10790,In Use,hunter.taylor@giim-test.local,Health & Safety,Support Office
300392,GIIM-C6PT5V,HP E24 G5,Monitor,3CMWC6PT5V,AT10791,In Use,hunter.taylor@giim-test.local,Health & Safety,Support Office
300393,GIIM-XZYDJQ,Lenovo ThinkPad Universal USB-C Dock,Dock,ZKZCXZYDJQ,AT10792,In Use,hunter.taylor@giim-test.local,Health & Safety,Support Office
300394,GIIM-1H7PX8,Dell Latitude 7440,Laptop,DLB31H7PX8,AT10793,In Use,hiroshi.scott@giim-test.local,Risk & Compliance,Support Office
300395,GIIM-33EZAP,Apple iPhone 15,Phone,F2LD33EZAP,AT10794,In Use,hiroshi.scott@giim-test.local,Risk & Compliance,Support Office
300396,GIIM-45UQJB,Lenovo ThinkPad Universal USB-C Dock,Dock,ZK7845UQJB,AT10797,In Use,mateo.wang@giim-test.local,Data & Analytics,Support Office
300397,GIIM-LWZXX2,Dell Latitude 7440,Laptop,DLCGLWZXX2,AT10801,In Use,harrison.ryan@giim-test.local,eCommerce,Support Office
300398,GIIM-BB7PMV,Apple iPhone 15,Phone,F2LHBB7PMV,AT10806,In Use,noah.walker@giim-test.local,Merchandise,Support Office
300399,GIIM-7ZVX5X,Dell P2723DE,Monitor,CN0C7ZVX5X,AT10807,In Use,noah.walker@giim-test.local,Merchandise,Support Office
300400,GIIM-BFHFZD,HP USB-C Dock G5,Dock,5CHMBFHFZD,AT10808,In Use,noah.walker@giim-test.local,Merchandise,Support Office
300401,GIIM-AHE25M,HP EliteBook 840 G10,Laptop,5CG6AHE25M,AT10809,In Use,leo.taylor@giim-test.local,Data & Analytics,Support Office
300402,GIIM-NC6P8E,Apple iPhone 15,Phone,F2LFNC6P8E,AT10810,In Use,leo.taylor@giim-test.local,Data & Analytics,Support Office
300403,GIIM-QCKBMZ,HP E24 G5,Monitor,3CMZQCKBMZ,AT10811,In Use,leo.taylor@giim-test.local,Data & Analytics,Support Office
300404,GIIM-N3H52Q,HP USB-C Dock G5,Dock,5CH5N3H52Q,AT10812,In Use,leo.taylor@giim-test.local,Data & Analytics,Support Office
300405,GIIM-ALNF89,HP EliteBook 840 G10,Laptop,5CG5ALNF89,AT10813,In Use,noah.johnson@giim-test.local,Human Resources,Support Office
300406,GIIM-ZUM2A8,HP E24 G5,Monitor,3CM4ZUM2A8,AT10815,In Use,noah.johnson@giim-test.local,Human Resources,Support Office
300407,GIIM-BD4Q16,Dell Latitude 7440,Laptop,DL2JBD4Q16,AT10816,In Use,liam.jones@giim-test.local,Legal,Support Office
300408,GIIM-BXMG7D,Dell P2723DE,Monitor,CN0PBXMG7D,AT10818,In Use,liam.jones@giim-test.local,Legal,Support Office
300409,GIIM-9L33XN,Apple iPhone 15,Phone,F2LU9L33XN,AT10820,In Use,thomas.kaur@giim-test.local,Risk & Compliance,Support Office
300410,GIIM-8B0WHS,HP EliteBook 840 G10,Laptop,5CGX8B0WHS,AT10822,In Use,harrison.kelly@giim-test.local,Sales,Support Office
300411,GIIM-CQPCN6,Samsung Galaxy S24,Phone,R5CDCQPCN6,AT10823,In Use,harrison.kelly@giim-test.local,Sales,Support Office
300412,GIIM-5MM2CB,Dell Latitude 7440,Laptop,DLUH5MM2CB,AT10825,In Use,fatima.ryan@giim-test.local,Executive,Support Office
300413,GIIM-GNSBWD,Samsung Galaxy S24,Phone,R5CFGNSBWD,AT10826,In Use,fatima.ryan@giim-test.local,Executive,Support Office
300414,GIIM-HP09JM,HP USB-C Dock G5,Dock,5CH2HP09JM,AT10827,In Use,fatima.ryan@giim-test.local,Executive,Support Office
300415,GIIM-FHAUMG,Lenovo ThinkPad X1 Carbon Gen 11,Laptop,PW45FHAUMG,AT10828,In Use,ruby.ryan@giim-test.local,Marketing,Support Office
300416,GIIM-TF0WKM,Apple iPhone 15,Phone,F2LSTF0WKM,AT10829,In Use,ruby.smith@giim-test.local,Marketing,Support Office
300417,GIIM-1M7S2V,HP USB-C Dock G5,Dock,5CHT1M7S2V,AT10831,In Use,ruby.smith@giim-test.local,Marketing,Support Office
300418,GIIM-V18WQ3,Samsung Galaxy S24,Phone,R5C9V18WQ3,AT10836,In Use,thomas.smith2@giim-test.local,Procurement,Support Office
300419,GIIM-0XZQ4C,Dell P2723DE,Monitor,CN0S0XZQ4C,AT10837,In Use,thomas.smith2@giim-test.local,Procurement,Support Office
300420,GIIM-4KKURS,Lenovo ThinkPad Universal USB-C Dock,Dock,ZK054KKURS,AT10838,In Use,thomas.smith2@giim-test.local,Procurement,Support Office
300421,GIIM-2GJZE9,Lenovo ThinkPad T14 Gen 4,Laptop,PF6T2GJZE9,AT10839,In Use,thomas.chen@giim-test.local,Human Resources,Support Office
300422,GIIM-RRH1LF,Apple iPhone 15,Phone,F2LURRH1LF,AT10840,In Use,thomas.chen@giim-test.local,Human Resources,Support Office
300423,GIIM-3D6HWP,HP EliteBook 840 G10,Laptop,5CG43D6HWP,AT10842,In Use,ruby.harris@giim-test.local,Data & Analytics,Support Office
300424,GIIM-DMP3B2,Samsung Galaxy S24,Phone,R5C1DMP3B2,AT10843,In Use,ruby.harris@giim-test.local,Data & Analytics,Support Office
300425,GIIM-UQ6NF9,HP USB-C Dock G5,Dock,5CHLUQ6NF9,AT10844,In Use,ruby.harris@giim-test.local,Data & Analytics,Support Office
300426,GIIM-5NP9GY,Lenovo ThinkPad Universal USB-C Dock,Dock,ZK685NP9GY,AT10848,In Use,mia.wang@giim-test.local,Property,Support Office
300427,GIIM-57FWW0,Dell Latitude 7440,Laptop,DL3057FWW0,AT10849,In Use,sophie.patel@giim-test.local,Health & Safety,Support Office
300428,GIIM-CJY7HR,Samsung Galaxy S24,Phone,R5CNCJY7HR,AT10850,In Use,sophie.patel@giim-test.local,Health & Safety,Support Office
300429,GIIM-EZ42EC,Dell P2723DE,Monitor,CN0MEZ42EC,AT10851,In Use,sophie.patel@giim-test.local,Health & Safety,Support Office
300430,GIIM-VL07JZ,Lenovo ThinkPad Universal USB-C Dock,Dock,ZKZVVL07JZ,AT10852,In Use,sophie.patel@giim-test.local,Health & Safety,Support Office
300431,GIIM-4V3E0B,Lenovo ThinkPad X1 Carbon Gen 11,Laptop,PWE74V3E0B,AT10853,In Use,thomas.young2@giim-test.local,eCommerce,Support Office
300432,GIIM-N01PM8,Apple iPhone 15,Phone,F2LGN01PM8,AT10854,In Use,thomas.young2@giim-test.local,eCommerce,Support Office
300433,GIIM-0NHV8U,Lenovo ThinkPad X1 Carbon Gen 11,Laptop,PW7N0NHV8U,AT10857,In Use,isla.williams@giim-test.local,Sales,Support Office
300434,GIIM-29XZ6E,Samsung Galaxy S24,Phone,R5C729XZ6E,AT10862,In Use,harper.anderson@giim-test.local,eCommerce,Support Office
300435,GIIM-V2LJGM,Dell P2723DE,Monitor,CN0JV2LJGM,AT10863,In Use,harper.anderson@giim-test.local,eCommerce,Support Office
300436,GIIM-ZKBADB,Lenovo ThinkPad Universal USB-C Dock,Dock,ZK72ZKBADB,AT10864,In Use,harper.anderson@giim-test.local,eCommerce,Support Office
300437,GIIM-H7GSFE,Apple iPhone 15,Phone,F2L9H7GSFE,AT10866,In Use,mia.walker2@giim-test.local,eCommerce,Support Office
300438,GIIM-D2NU4V,HP USB-C Dock G5,Dock,5CH4D2NU4V,AT10868,In Use,sophie.mitchell@giim-test.local,eCommerce,Support Office
300439,GIIM-AZBE3X,HP EliteBook 860 G11,Laptop,5CDPAZBE3X,AT10869,In Use,harper.smith2@giim-test.local,Risk & Compliance,Support Office
300440,GIIM-Q4M2TJ,Lenovo ThinkPad T14 Gen 4,Laptop,PFLGQ4M2TJ,AT10875,In Use,jack.kelly@giim-test.local,Merchandise,Support Office
300441,GIIM-ZJ2ZDP,Apple iPhone 15,Phone,F2L6ZJ2ZDP,AT10878,In Use,priya.murphy@giim-test.local,Payroll,Support Office
300442,GIIM-Q12G9N,Dell P2723DE,Monitor,CN05Q12G9N,AT10879,In Use,priya.murphy@giim-test.local,Payroll,Support Office
300443,GIIM-Z4H9RY,HP E24 G5,Monitor,3CMBZ4H9RY,AT10883,In Use,olivia.mitchell@giim-test.local,Merchandise,Support Office
300444,GIIM-2EEBZL,HP EliteBook 840 G10,Laptop,5CGN2EEBZL,AT10888,In Use,jack.kaur@giim-test.local,Procurement,Support Office
300445,GIIM-25Y6CG,HP E24 G5,Monitor,3CMV25Y6CG,AT10890,In Use,jack.kaur@giim-test.local,Procurement,Support Office
300446,GIIM-ZU8WSL,Apple iPad (10th gen),Tablet,DMPYZU8WSL,AT10892,In Use,matilda.kaur2@giim-test.local,Facilities,Distribution Centre
300447,GIIM-L9ES8S,Dell Latitude 7440,Laptop,DL4RL9ES8S,AT10896,In Use,matilda.clarke@giim-test.local,Marketing,Support Office
300448,GIIM-44DCZF,HP EliteBook 860 G11,Laptop,5CDA44DCZF,AT10899,In Use,noah.anderson@giim-test.local,Data & Analytics,Support Office
300449,GIIM-T7YMJ5,Apple iPhone 15,Phone,F2LTT7YMJ5,AT10900,In Use,noah.anderson@giim-test.local,Data & Analytics,Support Office
300450,GIIM-ZTHANX,Lenovo ThinkPad X1 Carbon Gen 11,Laptop,PWVWZTHANX,AT10902,In Use,hunter.white@giim-test.local,Executive,Support Office
300451,GIIM-ZZ9L57,Apple iPhone 15,Phone,F2L4ZZ9L57,AT10903,In Use,hunter.white@giim-test.local,Executive,Support Office
300452,GIIM-W8SPQM,Dell P2723DE,Monitor,CN09W8SPQM,AT10904,In Use,hunter.white@giim-test.local,Executive,Support Office
300453,GIIM-MCFTGD,Apple iPhone 15,Phone,F2LLMCFTGD,AT10907,In Use,noah.taylor@giim-test.local,Human Resources,Support Office
300454,GIIM-U9DUHY,Lenovo ThinkPad Universal USB-C Dock,Dock,ZKU7U9DUHY,AT10909,In Store,noah.taylor@giim-test.local,Human Resources,Support Office
300455,GIIM-9V51G3,HP EliteBook 840 G10,Laptop,5CGT9V51G3,AT10910,In Use,lucas.williams2@giim-test.local,Marketing,Support Office
300456,GIIM-YF7S8D,Samsung Galaxy S24,Phone,R5C1YF7S8D,AT10911,In Use,lucas.williams2@giim-test.local,Marketing,Support Office
300457,GIIM-DCXP3C,HP E24 G5,Monitor,3CMBDCXP3C,AT10912,In Use,lucas.williams2@giim-test.local,Marketing,Support Office
300458,GIIM-QG53GB,Samsung Galaxy S24,Phone,R5CUQG53GB,AT10914,In Use,mateo.campbell@giim-test.local,Data & Analytics,Support Office
300459,GIIM-2VT9EG,HP USB-C Dock G5,Dock,5CHR2VT9EG,AT10915,In Use,mateo.campbell@giim-test.local,Data & Analytics,Support Office
300460,GIIM-ZTGG8J,Samsung Galaxy S24,Phone,R5CMZTGG8J,AT10917,In Use,grace.nguyen2@giim-test.local,Finance,Support Office
300461,GIIM-WU5XST,Lenovo ThinkPad T14 Gen 4,Laptop,PFG1WU5XST,AT10919,In Use,harper.chen@giim-test.local,Executive,Support Office
300462,GIIM-RWPPGR,Lenovo ThinkPad X1 Carbon Gen 11,Laptop,PWTMRWPPGR,AT10922,In Use,harrison.martin2@giim-test.local,Operations,Support Office
300463,GIIM-XCD04G,Samsung Galaxy S24,Phone,R5C1XCD04G,AT10923,In Use,harrison.martin2@giim-test.local,Operations,Support Office
300464,GIIM-YMM443,Dell Latitude 7440,Laptop,DLCNYMM443,AT10925,In Use,ethan.clarke@giim-test.local,Procurement,Support Office
300465,GIIM-3BH5WH,Dell P2723DE,Monitor,CN0S3BH5WH,AT10927,In Use,ethan.clarke@giim-test.local,Procurement,Support Office
300466,GIIM-TKN4RA,Lenovo ThinkPad Universal USB-C Dock,Dock,ZK5LTKN4RA,AT10928,In Use,ethan.clarke@giim-test.local,Procurement,Support Office
300467,GIIM-C3MBM5,HP EliteBook 860 G11,Laptop,5CDAC3MBM5,AT10929,In Use,charlotte.williams@giim-test.local,Sales,Support Office
300468,GIIM-9TT69V,Apple iPhone 15,Phone,F2L79TT69V,AT10930,In Use,charlotte.williams@giim-test.local,Sales,Support Office
300469,GIIM-V929QU,HP EliteBook 860 G11,Laptop,5CDUV929QU,AT10932,In Use,emily.kaur@giim-test.local,Legal,Support Office
300470,GIIM-U8LA2R,Apple iPhone 15,Phone,F2LCU8LA2R,AT10933,In Use,emily.kaur@giim-test.local,Legal,Support Office
300471,GIIM-QZK977,Lenovo ThinkPad Universal USB-C Dock,Dock,ZKLSQZK977,AT10935,In Use,emily.kaur@giim-test.local,Legal,Support Office
300472,GIIM-8TJMXA,Apple iPad (10th gen),Tablet,DMPR8TJMXA,AT10936,In Use,wei.wang@giim-test.local,Supply Chain,Distribution Centre
300473,GIIM-RJ6UWD,Samsung Galaxy S24,Phone,R5CPRJ6UWD,AT10938,In Use,lucas.williams3@giim-test.local,Legal,Support Office
300474,GIIM-BPE92F,Lenovo ThinkPad Universal USB-C Dock,Dock,ZKDZBPE92F,AT10940,In Use,lucas.williams3@giim-test.local,Legal,Support Office
300475,GIIM-A8ZALJ,Lenovo ThinkPad Universal USB-C Dock,Dock,ZK9LA8ZALJ,AT10943,In Use,cooper.williams@giim-test.local,Payroll,Support Office
300476,GIIM-SNQ1Z5,Apple iPhone 15,Phone,F2LDSNQ1Z5,AT10952,In Use,henry.lee3@giim-test.local,Information Technology,Support Office
300477,GIIM-9T95KV,Lenovo ThinkPad Universal USB-C Dock,Dock,ZKLS9T95KV,AT10954,In Use,henry.lee3@giim-test.local,Information Technology,Support Office
300478,GIIM-97U1PQ,Apple iPhone 15,Phone,F2LW97U1PQ,AT10956,In Use,thomas.martin@giim-test.local,Customer Service,Support Office
300479,GIIM-FCVE8J,HP USB-C Dock G5,Dock,5CHEFCVE8J,AT10958,In Use,thomas.martin@giim-test.local,Customer Service,Support Office
300480,GIIM-CZW1VB,HP USB-C Dock G5,Dock,5CHHCZW1VB,AT10962,In Use,oliver.scott@giim-test.local,Executive,Support Office
300481,GIIM-AKTKAF,HP EliteBook 860 G11,Laptop,5CDJAKTKAF,AT10963,In Store,henry.clarke@giim-test.local,Health & Safety,Support Office
300482,GIIM-YYGP2D,Apple iPhone 15,Phone,F2LBYYGP2D,AT10964,In Store,henry.clarke@giim-test.local,Health & Safety,Support Office
300483,GIIM-YCDREP,HP USB-C Dock G5,Dock,5CH7YCDREP,AT10965,In Use,henry.clarke@giim-test.local,Health & Safety,Support Office
300484,GIIM-3TV8DR,Lenovo ThinkPad T14 Gen 4,Laptop,PFDB3TV8DR,AT10966,In Use,ethan.wang2@giim-test.local,Risk & Compliance,Support Office
300485,GIIM-7VFKGV,Apple iPhone 15,Phone,F2LB7VFKGV,AT10967,In Use,ethan.wang2@giim-test.local,Risk & Compliance,Support Office
300486,GIIM-8FBEWD,HP USB-C Dock G5,Dock,5CHW8FBEWD,AT10968,In Use,ethan.wang2@giim-test.local,Risk & Compliance,Support Office
300487,GIIM-7BCUUH,Apple iPhone 15,Phone,F2LR7BCUUH,AT10970,In Use,fatima.lee@giim-test.local,Supply Chain,Distribution Centre
300488,GIIM-U328Z6,HP EliteBook 840 G10,Laptop,5CGKU328Z6,AT10973,In Use,james.wilson@giim-test.local,Executive,Support Office
300489,GIIM-WPM9UN,Samsung Galaxy S24,Phone,R5CTWPM9UN,AT10974,In Use,james.wilson@giim-test.local,Executive,Support Office
300490,GIIM-Y3GKCK,Lenovo ThinkPad Universal USB-C Dock,Dock,ZK4XY3GKCK,AT10975,In Use,james.wilson@giim-test.local,Executive,Support Office
300491,GIIM-PCSXV5,Apple iPhone 15,Phone,F2LLPCSXV5,AT10981,In Use,priya.jones2@giim-test.local,Executive,Support Office
300492,GIIM-CRAQDJ,HP USB-C Dock G5,Dock,5CH4CRAQDJ,AT10986,In Use,leo.wilson2@giim-test.local,Executive,Support Office
300493,GIIM-QA9L9J,Samsung Galaxy S24,Phone,R5CXQA9L9J,AT10992,In Use,leo.martin@giim-test.local,Data & Analytics,Support Office
300494,GIIM-3QN6CT,Dell P2723DE,Monitor,CN083QN6CT,AT10993,In Use,leo.martin@giim-test.local,Data & Analytics,Support Office
300495,GIIM-PA8YB7,HP USB-C Dock G5,Dock,5CHXPA8YB7,AT10994,In Use,leo.martin@giim-test.local,Data & Analytics,Support Office
300496,GIIM-ZY4M6T,Lenovo ThinkPad X1 Carbon Gen 11,Laptop,PW05ZY4M6T,AT10995,In Use,mia.robinson@giim-test.local,Customer Service,Support Office
300497,GIIM-7H800B,Lenovo ThinkPad X1 Carbon Gen 11,Laptop,PW1A7H800B,AT10998,In Use,priya.nguyen@giim-test.local,Finance,Support Office
300498,GIIM-18CD01,Dell P2723DE,Monitor,CN0R18CD01,AT11000,In Use,noah.brown@giim-test.local,Finance,Support Office
300499,GIIM-V6RJA4,Lenovo ThinkPad Universal USB-C Dock,Dock,ZKXFV6RJA4,AT11001,In Use,noah.brown@giim-test.local,Finance,Support Office
300500,GIIM-B0RDNM,Lenovo ThinkPad Universal USB-C Dock,Dock,ZK8QB0RDNM,AT11005,In Use,william.ryan@giim-test.local,Customer Service,Support Office
300501,GIIM-MH8TA6,Apple iPhone 15,Phone,F2LPMH8TA6,AT11007,In Use,matilda.ryan@giim-test.local,Merchandise,Support Office
300502,GIIM-Z17P7N,HP E24 G5,Monitor,3CMYZ17P7N,AT11008,In Use,matilda.ryan@giim-test.local,Merchandise,Support Office
300503,GIIM-NR8K8A,HP EliteBook 860 G11,Laptop,5CDXNR8K8A,AT11009,In Use,oliver.singh@giim-test.local,Finance,Support Office
300504,GIIM-KE6XNH,Samsung Galaxy S24,Phone,R5C2KE6XNH,AT11010,In Use,oliver.singh@giim-test.local,Finance,Support Office
300505,GIIM-U05TU0,Dell Latitude 7440,Laptop,DLYUU05TU0,AT11012,In Use,zoe.wang@giim-test.local,Operations,Support Office
300506,GIIM-Q5PWB1,Apple iPhone 15,Phone,F2L2Q5PWB1,AT11013,In Use,zoe.wang@giim-test.local,Operations,Support Office
300507,GIIM-73MEXH,Apple iPhone 15,Phone,F2LN73MEXH,AT11017,In Use,liam.thompson@giim-test.local,Operations,Support Office
300508,GIIM-62MGX4,HP USB-C Dock G5,Dock,5CHY62MGX4,AT11019,In Use,liam.thompson@giim-test.local,Operations,Support Office
300509,GIIM-7R2UVQ,Lenovo ThinkPad T14 Gen 4,Laptop,PFTQ7R2UVQ,AT11024,In Use,isla.patel2@giim-test.local,Finance,Support Office
300510,GIIM-UZ3LH5,Apple iPhone 15,Phone,F2L8UZ3LH5,AT11025,In Use,isla.patel2@giim-test.local,Finance,Support Office
300511,GIIM-ANAVA3,HP E24 G5,Monitor,3CMLANAVA3,AT11026,In Use,isla.patel2@giim-test.local,Finance,Support Office
300512,GIIM-JMV8LP,HP EliteBook 840 G10,Laptop,5CG8JMV8LP,AT11028,In Use,mateo.king2@giim-test.local,Executive,Support Office
300513,GIIM-2WGMNS,Dell P2723DE,Monitor,CN0Q2WGMNS,AT11033,In Use,emily.ryan3@giim-test.local,Sales,Support Office
300514,GIIM-BJGJX2,HP EliteBook 860 G11,Laptop,5CDGBJGJX2,AT11035,In Use,cooper.wilson@giim-test.local,Logistics,Distribution Centre
300515,GIIM-W8VCW9,Apple iPhone 15,Phone,F2L0W8VCW9,AT11036,In Use,cooper.wilson@giim-test.local,Logistics,Distribution Centre
300516,GIIM-D8VU7E,HP EliteBook 860 G11,Laptop,5CDXD8VU7E,AT11038,In Use,amelia.scott@giim-test.local,Merchandise,Support Office
300517,GIIM-EEKFQK,Apple iPhone 15,Phone,F2L5EEKFQK,AT11039,In Use,amelia.scott@giim-test.local,Merchandise,Support Office
300518,GIIM-4AAAUN,Dell P2723DE,Monitor,CN0S4AAAUN,AT11040,In Use,amelia.scott@giim-test.local,Merchandise,Support Office
300519,GIIM-JJXN57,Lenovo ThinkPad Universal USB-C Dock,Dock,ZKY0JJXN57,AT11041,In Use,amelia.scott@giim-test.local,Merchandise,Support Office
300520,GIIM-C2L8WQ,Dell Latitude 7440,Laptop,DLBFC2L8WQ,AT11042,In Use,cooper.smith@giim-test.local,Human Resources,Support Office
300521,GIIM-GWYL91,Samsung Galaxy S24,Phone,R5CGGWYL91,AT11043,In Use,cooper.smith@giim-test.local,Human Resources,Support Office
300522,GIIM-HRQGKQ,HP USB-C Dock G5,Dock,5CHPHRQGKQ,AT11045,In Use,cooper.smith@giim-test.local,Human Resources,Support Office
300523,GIIM-CTUBY8,Lenovo ThinkPad X1 Carbon Gen 11,Laptop,PWQ0CTUBY8,AT11046,In Use,mei.nguyen2@giim-test.local,Human Resources,Support Office
300524,GIIM-GMLAJ9,Samsung Galaxy S24,Phone,R5C6GMLAJ9,AT11047,In Use,mei.nguyen2@giim-test.local,Human Resources,Support Office
300525,GIIM-JTD3PL,HP USB-C Dock G5,Dock,5CHLJTD3PL,AT11049,In Use,mei.nguyen2@giim-test.local,Human Resources,Support Office
300526,GIIM-542CMZ,HP E24 G5,Monitor,3CMU542CMZ,AT11052,In Use,nikos.clarke@giim-test.local,Merchandise,Support Office
300527,GIIM-E040JG,HP EliteBook 860 G11,Laptop,5CD4E040JG,AT11057,In Use,thomas.patel@giim-test.local,Marketing,Support Office
300528,GIIM-QS8NTZ,HP USB-C Dock G5,Dock,5CHNQS8NTZ,AT11060,In Use,thomas.patel@giim-test.local,Marketing,Support Office
300529,GIIM-VTR3EC,Lenovo ThinkPad T14 Gen 4,Laptop,PFLZVTR3EC,AT11064,In Use,arjun.anderson2@giim-test.local,Operations,Support Office
300530,GIIM-AJB4LE,Dell P2723DE,Monitor,CN0EAJB4LE,AT11066,In Use,aisha.robinson@giim-test.local,Operations,Support Office
300531,GIIM-TMN3GP,HP USB-C Dock G5,Dock,5CHLTMN3GP,AT11071,In Use,william.king2@giim-test.local,Sales,Support Office
300532,GIIM-1A01WZ,Lenovo ThinkPad T14 Gen 4,Laptop,PF7Y1A01WZ,AT11072,In Use,leo.scott2@giim-test.local,Human Resources,Support Office
300533,GIIM-B26NM5,Lenovo ThinkPad Universal USB-C Dock,Dock,ZKPLB26NM5,AT11074,In Use,henry.clarke4@giim-test.local,Human Resources,Support Office
300534,GIIM-QA5P6K,Lenovo ThinkPad X1 Carbon Gen 11,Laptop,PWEYQA5P6K,AT11075,In Use,hunter.campbell2@giim-test.local,Sales,Support Office
300535,GIIM-2Z9RXE,Samsung Galaxy S24,Phone,R5CZ2Z9RXE,AT11076,In Use,hunter.campbell2@giim-test.local,Sales,Support Office
300536,GIIM-70YEWZ,Lenovo ThinkPad T14 Gen 4,Laptop,PFX270YEWZ,AT11083,In Use,leo.thompson@giim-test.local,Merchandise,Support Office
300537,GIIM-F4VLRT,Lenovo ThinkPad T14 Gen 4,Laptop,PFAHF4VLRT,AT11085,In Use,priya.scott2@giim-test.local,Facilities,Distribution Centre
300538,GIIM-LRMXQS,HP EliteBook 860 G11,Laptop,5CD0LRMXQS,AT11090,In Use,jack.thompson@giim-test.local,Procurement,Support Office
300539,GIIM-H57A0H,Apple iPhone 15,Phone,F2L6H57A0H,AT11091,In Use,jack.thompson@giim-test.local,Procurement,Support Office
300540,GIIM-T5SBM7,Samsung Galaxy S24,Phone,R5C1T5SBM7,AT11095,In Use,sophie.mitchell2@giim-test.local,eCommerce,Support Office
300541,GIIM-64XUFM,HP USB-C Dock G5,Dock,5CHH64XUFM,AT11097,In Use,sophie.mitchell2@giim-test.local,eCommerce,Support Office
300542,GIIM-M63HPU,Lenovo ThinkPad X1 Carbon Gen 11,Laptop,PWWYM63HPU,AT11098,In Use,priya.chen2@giim-test.local,Executive,Support Office
300543,GIIM-575ZH8,HP USB-C Dock G5,Dock,5CHJ575ZH8,AT11100,In Use,priya.chen2@giim-test.local,Executive,Support Office
300544,GIIM-R9UH3B,Dell Latitude 7440,Laptop,DL1PR9UH3B,AT11101,In Use,isla.kelly@giim-test.local,Data & Analytics,Support Office
300545,GIIM-49NEUM,Apple iPhone 15,Phone,F2LB49NEUM,AT11102,In Use,isla.kelly@giim-test.local,Data & Analytics,Support Office
300546,GIIM-JD5SZ2,HP E24 G5,Monitor,3CMQJD5SZ2,AT11103,In Use,isla.kelly@giim-test.local,Data & Analytics,Support Office
300547,GIIM-VND8Z0,Lenovo ThinkPad Universal USB-C Dock,Dock,ZKMPVND8Z0,AT11104,In Use,isla.kelly@giim-test.local,Data & Analytics,Support Office
300548,GIIM-SUZWLE,Dell Latitude 7440,Laptop,DLB7SUZWLE,AT11105,In Use,mia.chen@giim-test.local,Operations,Support Office
300549,GIIM-EXT8L1,Apple iPhone 15,Phone,F2LQEXT8L1,AT11106,In Use,aisha.taylor2@giim-test.local,Operations,Support Office
300550,GIIM-CBLFYR,Lenovo ThinkPad Universal USB-C Dock,Dock,ZK89CBLFYR,AT11108,In Use,mia.chen@giim-test.local,Operations,Support Office
300551,GIIM-USSF9B,Lenovo ThinkPad Universal USB-C Dock,Dock,ZK5TUSSF9B,AT11112,In Use,zoe.singh@giim-test.local,Human Resources,Support Office
300552,GIIM-QB0FJZ,Samsung Galaxy S24,Phone,R5CYQB0FJZ,AT11114,In Use,olivia.murphy@giim-test.local,Operations,Support Office
300553,GIIM-3LJ1Y1,HP USB-C Dock G5,Dock,5CHE3LJ1Y1,AT11115,In Use,olivia.murphy@giim-test.local,Operations,Support Office
300554,GIIM-HZ4EQ1,Samsung Galaxy S24,Phone,R5CKHZ4EQ1,AT11117,In Use,hiroshi.king@giim-test.local,Merchandise,Support Office
300555,GIIM-WWQXH9,Dell Latitude 7440,Laptop,DLA4WWQXH9,AT11120,In Use,ruby.scott@giim-test.local,Finance,Support Office
300556,GIIM-R41T2N,Apple iPhone 15,Phone,F2LBR41T2N,AT11121,In Use,ruby.scott@giim-test.local,Finance,Support Office
300557,GIIM-F3T1YG,HP E24 G5,Monitor,3CMCF3T1YG,AT11122,In Use,ruby.scott@giim-test.local,Finance,Support Office
300558,GIIM-NQ9DLS,Lenovo ThinkPad Universal USB-C Dock,Dock,ZKAWNQ9DLS,AT11123,In Use,ruby.scott@giim-test.local,Finance,Support Office
300559,GIIM-G2EGM5,Apple iPhone 15,Phone,F2LWG2EGM5,AT11125,In Use,ethan.kelly2@giim-test.local,Facilities,Distribution Centre
300560,GIIM-7TAQCQ,Dell P2723DE,Monitor,CN0L7TAQCQ,AT11126,In Use,ethan.kelly2@giim-test.local,Facilities,Distribution Centre
300561,GIIM-3AGX56,Lenovo ThinkPad X1 Carbon Gen 11,Laptop,PW8W3AGX56,AT11128,In Store,harper.taylor@giim-test.local,Health & Safety,Support Office
300562,GIIM-69FHYZ,Dell P2723DE,Monitor,CN0569FHYZ,AT11130,In Use,harper.taylor@giim-test.local,Health & Safety,Support Office
300563,GIIM-HPWCUN,Apple iPhone 15,Phone,F2LKHPWCUN,AT11132,In Use,emily.campbell@giim-test.local,Procurement,Support Office
300564,GIIM-2QRNCY,HP USB-C Dock G5,Dock,5CH32QRNCY,AT11134,In Use,emily.campbell@giim-test.local,Procurement,Support Office
300565,GIIM-GNQ083,HP EliteBook 840 G10,Laptop,5CG8GNQ083,AT11135,In Use,grace.jones@giim-test.local,Executive,Support Office
300566,GIIM-S2DQ0Y,Samsung Galaxy S24,Phone,R5CXS2DQ0Y,AT11136,In Use,grace.jones@giim-test.local,Executive,Support Office
300567,GIIM-9KZDDX,HP E24 G5,Monitor,3CMN9KZDDX,AT11140,In Use,mei.anderson@giim-test.local,Procurement,Support Office
300568,GIIM-5TZ3CD,Apple iPhone 15,Phone,F2LF5TZ3CD,AT11146,In Use,cooper.murphy2@giim-test.local,Legal,Support Office
300569,GIIM-0F9RGF,HP E24 G5,Monitor,3CMH0F9RGF,AT11147,In Use,cooper.murphy2@giim-test.local,Legal,Support Office
300570,GIIM-RSGF5V,Lenovo ThinkPad Universal USB-C Dock,Dock,ZKZ5RSGF5V,AT11148,In Use,cooper.murphy2@giim-test.local,Legal,Support Office
300571,GIIM-1LJ40N,Dell P2723DE,Monitor,CN0M1LJ40N,AT11151,In Use,aisha.kelly@giim-test.local,Finance,Support Office
300572,GIIM-SRWXDD,HP USB-C Dock G5,Dock,5CH7SRWXDD,AT11152,In Use,aisha.kelly@giim-test.local,Finance,Support Office
300573,GIIM-N1M79F,Dell Latitude 7440,Laptop,DL27N1M79F,AT11153,In Use,mateo.harris@giim-test.local,Customer Service,Support Office
300574,GIIM-DZF2PK,Apple iPhone 15,Phone,F2L8DZF2PK,AT11154,In Use,mateo.harris@giim-test.local,Customer Service,Support Office
300575,GIIM-PYF8GS,HP E24 G5,Monitor,3CMCPYF8GS,AT11155,In Use,mateo.harris@giim-test.local,Customer Service,Support Office
300576,GIIM-7FS2UL,HP USB-C Dock G5,Dock,5CHP7FS2UL,AT11156,In Use,mateo.harris@giim-test.local,Customer Service,Support Office
300577,GIIM-FS9N2Q,Lenovo ThinkPad T14 Gen 4,Laptop,PF3NFS9N2Q,AT11157,In Use,cooper.chen@giim-test.local,Information Technology,Support Office
300578,GIIM-471XBS,Samsung Galaxy S24,Phone,R5CZ471XBS,AT11158,In Use,cooper.chen@giim-test.local,Information Technology,Support Office
300579,GIIM-KNAWH6,HP E24 G5,Monitor,3CMGKNAWH6,AT11159,In Use,cooper.chen@giim-test.local,Information Technology,Support Office
300580,GIIM-S3931H,Apple iPhone 15,Phone,F2LFS3931H,AT11162,In Use,isla.smith@giim-test.local,Property,Support Office
300581,GIIM-0FYBH2,Apple iPhone 15,Phone,F2LY0FYBH2,AT11165,In Use,wei.walker@giim-test.local,Human Resources,Support Office
300582,GIIM-SHVDQ1,HP E24 G5,Monitor,3CMCSHVDQ1,AT11166,In Use,wei.walker@giim-test.local,Human Resources,Support Office
300583,GIIM-R4C2PY,Dell Latitude 7440,Laptop,DLH3R4C2PY,AT11167,In Use,emily.martin@giim-test.local,Legal,Support Office
300584,GIIM-QJF2HP,Dell P2723DE,Monitor,CN0XQJF2HP,AT11173,In Use,mason.lee@giim-test.local,Customer Service,Support Office
300585,GIIM-PPJ2NB,HP E24 G5,Monitor,3CMPPPJ2NB,AT11177,In Use,sophie.ryan@giim-test.local,Risk & Compliance,Support Office
300586,GIIM-TNULDJ,Samsung Galaxy S24,Phone,R5CGTNULDJ,AT11180,In Use,lucas.wilson@giim-test.local,Sales,Support Office
300587,GIIM-WR8KYJ,HP USB-C Dock G5,Dock,5CHXWR8KYJ,AT11181,In Use,lucas.wilson@giim-test.local,Sales,Support Office
300588,GIIM-NTRMM1,Lenovo ThinkPad X1 Carbon Gen 11,Laptop,PWLXNTRMM1,AT11182,In Use,mateo.murphy@giim-test.local,Operations,Support Office
300589,GIIM-HFXQMZ,Samsung Galaxy S24,Phone,R5C5HFXQMZ,AT11183,In Use,mateo.murphy@giim-test.local,Operations,Support Office
300590,GIIM-WV7YKH,Lenovo ThinkPad Universal USB-C Dock,Dock,ZKR8WV7YKH,AT11184,In Use,mateo.murphy@giim-test.local,Operations,Support Office
300591,GIIM-68V3ZM,Dell Latitude 7440,Laptop,DLSC68V3ZM,AT11185,In Use,hiroshi.anderson2@giim-test.local,eCommerce,Support Office
300592,GIIM-1J2YJ6,Apple iPhone 15,Phone,F2LW1J2YJ6,AT11186,In Use,hiroshi.anderson2@giim-test.local,eCommerce,Support Office
300593,GIIM-E7N4ME,Apple iPhone 15,Phone,F2L7E7N4ME,AT11189,In Use,isla.nguyen@giim-test.local,Property,Support Office
300594,GIIM-9XJZYZ,Lenovo ThinkPad Universal USB-C Dock,Dock,ZKF89XJZYZ,AT11191,In Use,sophie.anderson@giim-test.local,Property,Support Office
300595,GIIM-2Y0SGW,Samsung Galaxy S24,Phone,R5CL2Y0SGW,AT11196,In Use,zoe.taylor@giim-test.local,Sales,Support Office
300596,GIIM-YT7MJ6,Dell P2723DE,Monitor,CN0BYT7MJ6,AT11197,In Use,zoe.taylor@giim-test.local,Sales,Support Office
300597,GIIM-7N5564,Lenovo ThinkPad X1 Carbon Gen 11,Laptop,PWX37N5564,AT11199,In Use,zoe.martin@giim-test.local,Health & Safety,Support Office
300598,GIIM-050TLP,Lenovo ThinkPad Universal USB-C Dock,Dock,ZKXL050TLP,AT11202,In Use,zoe.martin@giim-test.local,Health & Safety,Support Office
300599,GIIM-AF8ATP,Samsung Galaxy S24,Phone,R5C7AF8ATP,AT11204,In Use,nikos.patel@giim-test.local,Risk & Compliance,Support Office
300600,GIIM-8NKUM9,HP E24 G5,Monitor,3CMD8NKUM9,AT11205,In Use,nikos.patel@giim-test.local,Risk & Compliance,Support Office
300601,GIIM-HK7SHF,Lenovo ThinkPad X1 Carbon Gen 11,Laptop,PW3YHK7SHF,AT11210,In Use,grace.campbell@giim-test.local,Property,Support Office
300602,GIIM-GZJ1RM,Dell P2723DE,Monitor,CN0TGZJ1RM,AT11212,In Use,grace.campbell@giim-test.local,Property,Support Office
300603,GIIM-N7JMQK,HP USB-C Dock G5,Dock,5CHDN7JMQK,AT11213,In Use,grace.campbell@giim-test.local,Property,Support Office
300604,GIIM-2BK764,Samsung Galaxy S24,Phone,R5C52BK764,AT11215,In Store,ava.kelly@giim-test.local,Marketing,Support Office
300605,GIIM-8YJ9WQ,Dell P2723DE,Monitor,CN0X8YJ9WQ,AT11219,In Use,liam.williams@giim-test.local,Risk & Compliance,Support Office
300606,GIIM-YVT5G5,Lenovo ThinkPad X1 Carbon Gen 11,Laptop,PW1NYVT5G5,AT11221,In Use,thomas.singh@giim-test.local,Procurement,Support Office
300607,GIIM-SYRHFM,Samsung Galaxy S24,Phone,R5CSSYRHFM,AT11222,In Use,thomas.singh@giim-test.local,Procurement,Support Office
300608,GIIM-NLQMEW,HP USB-C Dock G5,Dock,5CHXNLQMEW,AT11224,In Use,thomas.singh@giim-test.local,Procurement,Support Office
300609,GIIM-GDQ0UT,HP EliteBook 860 G11,Laptop,5CDUGDQ0UT,AT11225,In Store,noah.clarke@giim-test.local,eCommerce,Support Office
300610,GIIM-7SGTZL,Dell Latitude 7440,Laptop,DLL07SGTZL,AT11228,In Use,tane.smith@giim-test.local,Executive,Support Office
300611,GIIM-Q4LHJ7,Apple iPhone 15,Phone,F2L7Q4LHJ7,AT11231,In Use,hunter.anderson@giim-test.local,Health & Safety,Support Office
300612,GIIM-63PTF0,Samsung Galaxy S24,Phone,R5CW63PTF0,AT11234,In Use,harper.robinson@giim-test.local,Health & Safety,Support Office
300613,GIIM-87NDQX,Lenovo ThinkPad Universal USB-C Dock,Dock,ZKHY87NDQX,AT11235,In Use,harper.robinson@giim-test.local,Health & Safety,Support Office
300614,GIIM-07CM2P,HP EliteBook 840 G10,Laptop,5CG907CM2P,AT11236,In Use,henry.clarke2@giim-test.local,Sales,Support Office
300615,GIIM-89AY7C,Lenovo ThinkPad Universal USB-C Dock,Dock,ZKQY89AY7C,AT11239,In Use,henry.clarke2@giim-test.local,Sales,Support Office
300616,GIIM-ERLD69,Lenovo ThinkPad T14 Gen 4,Laptop,PF1DERLD69,AT11240,In Use,nikos.patel2@giim-test.local,Merchandise,Support Office
300617,GIIM-V6M0EJ,HP E24 G5,Monitor,3CMUV6M0EJ,AT11242,In Use,nikos.patel2@giim-test.local,Merchandise,Support Office
300618,GIIM-BGGDHZ,HP USB-C Dock G5,Dock,5CHUBGGDHZ,AT11243,In Use,nikos.patel2@giim-test.local,Merchandise,Support Office
300619,GIIM-GY7N7T,HP USB-C Dock G5,Dock,5CH9GY7N7T,AT11246,In Use,isla.murphy@giim-test.local,Information Technology,Support Office
300620,GIIM-C6K9QV,Dell Latitude 7440,Laptop,DL53C6K9QV,AT11247,In Use,harrison.wilson2@giim-test.local,Executive,Support Office
300621,GIIM-J4B315,HP USB-C Dock G5,Dock,5CHUJ4B315,AT11250,In Use,harrison.wilson2@giim-test.local,Executive,Support Office
300622,GIIM-W4KLJB,HP EliteBook 860 G11,Laptop,5CDXW4KLJB,AT11251,In Use,ella.kelly@giim-test.local,Marketing,Support Office
300623,GIIM-F8YEBB,HP E24 G5,Monitor,3CMFF8YEBB,AT11256,In Use,harper.lee2@giim-test.local,Legal,Support Office
300624,GIIM-YEGW1K,Lenovo ThinkPad Universal USB-C Dock,Dock,ZKSBYEGW1K,AT11257,In Use,harper.lee2@giim-test.local,Legal,Support Office
300625,GIIM-0K26SL,Lenovo ThinkPad X1 Carbon Gen 11,Laptop,PWV80K26SL,AT11258,In Use,leo.jones2@giim-test.local,Logistics,Distribution Centre
300626,GIIM-DNXJJX,HP E24 G5,Monitor,3CM5DNXJJX,AT11260,In Use,leo.jones2@giim-test.local,Logistics,Distribution Centre
300627,GIIM-JF524E,Samsung Galaxy S24,Phone,R5CTJF524E,AT11263,In Use,william.anderson@giim-test.local,Sales,Support Office
300628,GIIM-XQT7A1,HP E24 G5,Monitor,3CMSXQT7A1,AT11264,In Use,william.anderson@giim-test.local,Sales,Support Office
300629,GIIM-BAHC2H,HP USB-C Dock G5,Dock,5CHJBAHC2H,AT11265,In Use,william.anderson@giim-test.local,Sales,Support Office
300630,GIIM-WMRH4X,Samsung Galaxy S24,Phone,R5CTWMRH4X,AT11267,In Use,noah.wilson@giim-test.local,eCommerce,Support Office
300631,GIIM-FG05WE,Lenovo ThinkPad Universal USB-C Dock,Dock,ZKEFFG05WE,AT11269,In Store,noah.wilson@giim-test.local,eCommerce,Support Office
300632,GIIM-AMRE1M,Apple iPhone 15,Phone,F2LCAMRE1M,AT11272,In Use,fatima.murphy3@giim-test.local,Facilities,Distribution Centre
300633,GIIM-0G1H0E,Lenovo ThinkPad T14 Gen 4,Laptop,PFWS0G1H0E,AT11274,In Use,grace.lee2@giim-test.local,Finance,Support Office
300634,GIIM-5KWE27,HP USB-C Dock G5,Dock,5CHR5KWE27,AT11279,In Use,ruby.anderson@giim-test.local,Payroll,Support Office
300635,GIIM-1G0F0Z,Samsung Galaxy S24,Phone,R5CP1G0F0Z,AT11281,In Use,james.thompson@giim-test.local,Information Technology,Support Office
300636,GIIM-JED7SH,Dell P2723DE,Monitor,CN09JED7SH,AT11282,In Use,priya.scott3@giim-test.local,Information Technology,Support Office
300637,GIIM-35QJXK,HP USB-C Dock G5,Dock,5CHL35QJXK,AT11283,In Use,james.thompson@giim-test.local,Information Technology,Support Office
300638,GIIM-FZD9H5,Apple iPhone 15,Phone,F2L9FZD9H5,AT11285,In Use,amelia.johnson2@giim-test.local,Risk & Compliance,Support Office
300639,GIIM-69ZC6W,Dell P2723DE,Monitor,CN0E69ZC6W,AT11286,In Use,amelia.johnson2@giim-test.local,Risk & Compliance,Support Office
300640,GIIM-TRN7SR,HP USB-C Dock G5,Dock,5CHRTRN7SR,AT11287,In Use,amelia.johnson2@giim-test.local,Risk & Compliance,Support Office
300641,GIIM-ECUZEE,HP EliteBook 840 G10,Laptop,5CGUECUZEE,AT11288,In Use,harrison.lee@giim-test.local,eCommerce,Support Office
300642,GIIM-B2A86G,Samsung Galaxy S24,Phone,R5CQB2A86G,AT11289,In Use,harrison.lee@giim-test.local,eCommerce,Support Office
300643,GIIM-2K9FXJ,Dell P2723DE,Monitor,CN0Y2K9FXJ,AT11290,In Use,harrison.lee@giim-test.local,eCommerce,Support Office
300644,GIIM-JCGL5U,Dell P2723DE,Monitor,CN0GJCGL5U,AT11297,In Use,ethan.white@giim-test.local,Legal,Support Office
300645,GIIM-6XYEGU,Lenovo ThinkPad X1 Carbon Gen 11,Laptop,PW4S6XYEGU,AT11298,In Use,noah.thompson2@giim-test.local,Executive,Support Office
300646,GIIM-E1RSBF,HP USB-C Dock G5,Dock,5CHJE1RSBF,AT11301,In Use,noah.thompson2@giim-test.local,Executive,Support Office
300647,GIIM-8CY90R,Apple iPad (10th gen),Tablet,DMPC8CY90R,AT11302,In Use,ruby.clarke@giim-test.local,Supply Chain,Distribution Centre
300648,GIIM-LUSV8L,HP E24 G5,Monitor,3CM8LUSV8L,AT11305,In Use,matilda.wilson3@giim-test.local,Legal,Support Office
300649,GIIM-R80N75,Lenovo ThinkPad Universal USB-C Dock,Dock,ZK0PR80N75,AT11306,In Use,matilda.wilson3@giim-test.local,Legal,Support Office
300650,GIIM-5PEASV,Apple iPad (10th gen),Tablet,DMPB5PEASV,AT11307,In Use,ava.walker@giim-test.local,Facilities,Distribution Centre
300651,GIIM-DAVGW6,HP EliteBook 840 G10,Laptop,5CGRDAVGW6,AT11308,In Use,ruby.wang@giim-test.local,Marketing,Support Office
300652,GIIM-DGRLXH,Samsung Galaxy S24,Phone,R5CUDGRLXH,AT11309,In Use,priya.thompson4@giim-test.local,Marketing,Support Office
300653,GIIM-UF40MM,Dell P2723DE,Monitor,CN08UF40MM,AT11310,In Use,ruby.wang@giim-test.local,Marketing,Support Office
300654,GIIM-H07Z73,Dell Latitude 7440,Laptop,DLL9H07Z73,AT11312,In Use,grace.robinson@giim-test.local,Data & Analytics,Support Office
300655,GIIM-A83Y3Y,Apple iPhone 15,Phone,F2LJA83Y3Y,AT11313,In Use,grace.robinson@giim-test.local,Data & Analytics,Support Office
300656,GIIM-XPE197,HP EliteBook 860 G11,Laptop,5CDYXPE197,AT11316,In Use,fatima.patel2@giim-test.local,Sales,Support Office
300657,GIIM-00QQ8A,HP EliteBook 840 G10,Laptop,5CGY00QQ8A,AT11318,In Use,chloe.ryan2@giim-test.local,Customer Service,Support Office
300658,GIIM-4TRJL4,HP USB-C Dock G5,Dock,5CHP4TRJL4,AT11320,In Store,chloe.ryan2@giim-test.local,Customer Service,Support Office
300659,GIIM-YPMU80,Dell Latitude 7440,Laptop,DL78YPMU80,AT11321,In Use,liam.nguyen@giim-test.local,Sales,Support Office
300660,GIIM-TSKK2T,Apple iPhone 15,Phone,F2L1TSKK2T,AT11322,In Use,liam.nguyen@giim-test.local,Sales,Support Office
300661,GIIM-DA89BC,Lenovo ThinkPad T14 Gen 4,Laptop,PFEKDA89BC,AT11325,In Use,ruby.harris2@giim-test.local,Logistics,Distribution Centre
300662,GIIM-1EKUNB,Lenovo ThinkPad Universal USB-C Dock,Dock,ZKNV1EKUNB,AT11328,In Use,ruby.harris2@giim-test.local,Logistics,Distribution Centre
300663,GIIM-940U79,Dell P2723DE,Monitor,CN0H940U79,AT11331,In Use,leo.jones3@giim-test.local,Information Technology,Support Office
300664,GIIM-ZDDNSD,Dell Latitude 7440,Laptop,DLZJZDDNSD,AT11333,In Use,fatima.anderson@giim-test.local,Risk & Compliance,Support Office
300665,GIIM-RV8U94,HP E24 G5,Monitor,3CM4RV8U94,AT11335,In Use,fatima.anderson@giim-test.local,Risk & Compliance,Support Office
300666,GIIM-URDZHK,Dell Latitude 7440,Laptop,DLXKURDZHK,AT11339,In Use,william.white@giim-test.local,Health & Safety,Support Office
300667,GIIM-76XU84,Lenovo ThinkPad Universal USB-C Dock,Dock,ZK1076XU84,AT11342,In Use,william.white@giim-test.local,Health & Safety,Support Office
300668,GIIM-MFJ05B,HP EliteBook 860 G11,Laptop,5CD0MFJ05B,AT11343,In Use,liam.kaur@giim-test.local,Human Resources,Support Office
300669,GIIM-M0THRV,HP E24 G5,Monitor,3CMYM0THRV,AT11345,In Use,liam.kaur@giim-test.local,Human Resources,Support Office
300670,GIIM-S6MUUH,Samsung Galaxy S24,Phone,R5C8S6MUUH,AT11348,In Use,hunter.brown@giim-test.local,Health & Safety,Support Office
300671,GIIM-AD3MCZ,Dell Latitude 7440,Laptop,DLBCAD3MCZ,AT11350,In Use,leo.mitchell@giim-test.local,Procurement,Support Office
300672,GIIM-CKB2PD,Samsung Galaxy S24,Phone,R5CSCKB2PD,AT11351,In Use,leo.mitchell@giim-test.local,Procurement,Support Office
300673,GIIM-U58AU9,Dell P2723DE,Monitor,CN0QU58AU9,AT11352,In Use,leo.mitchell@giim-test.local,Procurement,Support Office
300674,GIIM-L4JTQP,Lenovo ThinkPad X1 Carbon Gen 11,Laptop,PW8ML4JTQP,AT11353,In Use,mei.brown@giim-test.local,Payroll,Support Office
300675,GIIM-X14CLD,Dell P2723DE,Monitor,CN0KX14CLD,AT11355,In Use,mei.brown@giim-test.local,Payroll,Support Office
300676,GIIM-CL2HD1,Lenovo ThinkPad Universal USB-C Dock,Dock,ZK1GCL2HD1,AT11359,In Use,mason.harris2@giim-test.local,Procurement,Support Office
300677,GIIM-JZ0JGF,HP EliteBook 840 G10,Laptop,5CGPJZ0JGF,AT11360,In Use,nikos.harris@giim-test.local,Executive,Support Office
300678,GIIM-DVS7FP,Samsung Galaxy S24,Phone,R5C9DVS7FP,AT11361,In Use,nikos.harris@giim-test.local,Executive,Support Office
300679,GIIM-Y1H8TX,HP USB-C Dock G5,Dock,5CHAY1H8TX,AT11362,In Use,nikos.harris@giim-test.local,Executive,Support Office
300680,GIIM-ZV4T2A,HP E24 G5,Monitor,3CM0ZV4T2A,AT11365,In Use,lucas.nguyen@giim-test.local,Procurement,Support Office
300681,GIIM-34NCQR,Dell P2723DE,Monitor,CN0A34NCQR,AT11368,In Use,ella.king@giim-test.local,Property,Support Office
300682,GIIM-6HDRDQ,Lenovo ThinkPad X1 Carbon Gen 11,Laptop,PWS76HDRDQ,AT11370,In Use,tane.nguyen2@giim-test.local,Information Technology,Support Office
300683,GIIM-0QFK0P,Apple iPhone 15,Phone,F2L40QFK0P,AT11371,In Use,tane.nguyen2@giim-test.local,Information Technology,Support Office
300684,GIIM-847YY2,HP USB-C Dock G5,Dock,5CHE847YY2,AT11373,In Use,tane.nguyen2@giim-test.local,Information Technology,Support Office
300685,GIIM-60RNJZ,Samsung Galaxy S24,Phone,R5CC60RNJZ,AT11375,In Use,fatima.king@giim-test.local,Property,Support Office
300686,GIIM-VK309S,Dell P2723DE,Monitor,CN06VK309S,AT11376,In Use,fatima.king@giim-test.local,Property,Support Office
300687,GIIM-70A6WU,Apple iPhone 15,Phone,F2L970A6WU,AT11379,In Use,oliver.robinson@giim-test.local,Legal,Support Office
300688,GIIM-4HBN1D,Dell P2723DE,Monitor,CN064HBN1D,AT11380,In Use,oliver.robinson@giim-test.local,Legal,Support Office
300689,GIIM-R26BPR,Apple iPad (10th gen),Tablet,DMP0R26BPR,AT11381,In Use,hunter.walker3@giim-test.local,Logistics,Distribution Centre
300690,GIIM-RH2A39,Lenovo ThinkPad X1 Carbon Gen 11,Laptop,PWY2RH2A39,AT11382,In Use,ethan.king@giim-test.local,Payroll,Support Office
300691,GIIM-F5YEQQ,Apple iPhone 15,Phone,F2L7F5YEQQ,AT11383,In Use,ethan.king@giim-test.local,Payroll,Support Office
300692,GIIM-H4QTWB,HP EliteBook 860 G11,Laptop,5CD3H4QTWB,AT11386,In Use,leo.chen2@giim-test.local,Merchandise,Support Office
300693,GIIM-AHRW5W,Samsung Galaxy S24,Phone,R5CJAHRW5W,AT11387,In Use,leo.chen2@giim-test.local,Merchandise,Support Office
300694,GIIM-E04WF5,HP EliteBook 860 G11,Laptop,5CD5E04WF5,AT11389,In Use,amelia.young@giim-test.local,Merchandise,Support Office
300695,GIIM-U3WKEY,Samsung Galaxy S24,Phone,R5C9U3WKEY,AT11390,In Use,amelia.young@giim-test.local,Merchandise,Support Office
300696,GIIM-JQL9SS,Dell P2723DE,Monitor,CN0JJQL9SS,AT11391,In Use,amelia.young@giim-test.local,Merchandise,Support Office
300697,GIIM-0K1WGH,HP EliteBook 840 G10,Laptop,5CG10K1WGH,AT11393,In Use,harrison.thompson@giim-test.local,Finance,Support Office
300698,GIIM-R2B18V,HP EliteBook 860 G11,Laptop,5CD5R2B18V,AT11395,In Use,jack.jones@giim-test.local,Logistics,Distribution Centre
300699,GIIM-T3SZBJ,Apple iPhone 15,Phone,F2LGT3SZBJ,AT11396,In Use,jack.jones@giim-test.local,Logistics,Distribution Centre
300700,GIIM-AKC0MK,HP E24 G5,Monitor,3CMCAKC0MK,AT11397,In Use,jack.jones@giim-test.local,Logistics,Distribution Centre
300701,GIIM-4W2QK4,HP EliteBook 840 G10,Laptop,5CG84W2QK4,AT11398,In Use,oliver.johnson@giim-test.local,Operations,Support Office
300702,GIIM-V5JJH8,Samsung Galaxy S24,Phone,R5CRV5JJH8,AT11399,In Use,oliver.johnson@giim-test.local,Operations,Support Office
300703,GIIM-EWQQ4R,Lenovo ThinkPad T14 Gen 4,Laptop,PF9BEWQQ4R,AT11402,In Use,fatima.walker@giim-test.local,Property,Support Office
300704,GIIM-8UCBDM,Samsung Galaxy S24,Phone,R5CL8UCBDM,AT11403,In Use,fatima.walker@giim-test.local,Property,Support Office
300705,GIIM-7KFME5,HP E24 G5,Monitor,3CM07KFME5,AT11404,In Use,fatima.walker@giim-test.local,Property,Support Office
300706,GIIM-AZ9GBB,Samsung Galaxy S24,Phone,R5CRAZ9GBB,AT11406,In Use,emily.wang@giim-test.local,Risk & Compliance,Support Office
300707,GIIM-60G9M3,Dell P2723DE,Monitor,CN0Q60G9M3,AT11407,In Use,emily.wang@giim-test.local,Risk & Compliance,Support Office
300708,GIIM-F8SL44,Lenovo ThinkPad Universal USB-C Dock,Dock,ZKHGF8SL44,AT11408,In Use,emily.wang@giim-test.local,Risk & Compliance,Support Office
300709,GIIM-J7VGFD,HP EliteBook 840 G10,Laptop,5CGCJ7VGFD,AT11409,In Use,mia.young@giim-test.local,Health & Safety,Support Office
300710,GIIM-XGC1K8,Apple iPhone 15,Phone,F2L7XGC1K8,AT11410,In Use,mia.young@giim-test.local,Health & Safety,Support Office
300711,GIIM-X978J5,HP E24 G5,Monitor,3CMDX978J5,AT11411,In Use,mia.young@giim-test.local,Health & Safety,Support Office
300712,GIIM-6KV861,Dell Latitude 7440,Laptop,DLU56KV861,AT11413,In Use,isla.brown@giim-test.local,eCommerce,Support Office
300713,GIIM-CWBDPF,Samsung Galaxy S24,Phone,R5C5CWBDPF,AT11414,In Use,isla.brown@giim-test.local,eCommerce,Support Office
300714,GIIM-3FSA7X,HP EliteBook 840 G10,Laptop,5CGW3FSA7X,AT11415,In Use,hunter.scott@giim-test.local,Legal,Support Office
300715,GIIM-U7988K,HP USB-C Dock G5,Dock,5CHYU7988K,AT11418,In Use,hunter.scott@giim-test.local,Legal,Support Office
300716,GIIM-3N4P4W,HP EliteBook 840 G10,Laptop,5CG53N4P4W,AT11419,In Use,ruby.clarke2@giim-test.local,Logistics,Distribution Centre
300717,GIIM-EQLF98,Apple iPhone 15,Phone,F2LLEQLF98,AT11420,In Use,ruby.clarke2@giim-test.local,Logistics,Distribution Centre
300718,GIIM-KQ87ST,Lenovo ThinkPad X1 Carbon Gen 11,Laptop,PWZGKQ87ST,AT11422,In Use,emily.williams@giim-test.local,Finance,Support Office
300719,GIIM-AZX7MC,HP EliteBook 860 G11,Laptop,5CD7AZX7MC,AT11426,In Use,emily.king@giim-test.local,Marketing,Support Office
300720,GIIM-XGQ5UY,Apple iPhone 15,Phone,F2LXXGQ5UY,AT11431,In Use,wei.johnson2@giim-test.local,Risk & Compliance,Support Office
300721,GIIM-BEYR6X,Lenovo ThinkPad Universal USB-C Dock,Dock,ZK7UBEYR6X,AT11433,In Use,ruby.harris3@giim-test.local,Risk & Compliance,Support Office
300722,GIIM-EFSQ0E,HP EliteBook 840 G10,Laptop,5CGSEFSQ0E,AT11434,In Use,harper.thompson@giim-test.local,Information Technology,Support Office
300723,GIIM-HRE6XS,Lenovo ThinkPad Universal USB-C Dock,Dock,ZK1UHRE6XS,AT11437,In Use,harper.thompson@giim-test.local,Information Technology,Support Office
300724,GIIM-87AQXY,HP EliteBook 860 G11,Laptop,5CDS87AQXY,AT11441,In Use,liam.chen2@giim-test.local,Sales,Support Office
300725,GIIM-Y36F54,Samsung Galaxy S24,Phone,R5CLY36F54,AT11442,In Use,liam.chen2@giim-test.local,Sales,Support Office
300726,GIIM-QG83T2,Dell P2723DE,Monitor,CN0MQG83T2,AT11443,In Use,liam.chen2@giim-test.local,Sales,Support Office
300727,GIIM-XDWHF1,HP USB-C Dock G5,Dock,5CHSXDWHF1,AT11444,In Use,liam.chen2@giim-test.local,Sales,Support Office
300728,GIIM-WNZMYC,Dell Latitude 7440,Laptop,DL5QWNZMYC,AT11445,In Use,emily.clarke@giim-test.local,Procurement,Support Office
300729,GIIM-CQ7LW6,Samsung Galaxy S24,Phone,R5CFCQ7LW6,AT11446,In Use,emily.clarke@giim-test.local,Procurement,Support Office
300730,GIIM-5SFHM5,Samsung Galaxy S24,Phone,R5CU5SFHM5,AT11450,In Use,sophie.smith@giim-test.local,Merchandise,Support Office
300731,GIIM-Z9697F,HP E24 G5,Monitor,3CMVZ9697F,AT11451,In Use,sophie.smith@giim-test.local,Merchandise,Support Office
300732,GIIM-WKAPM4,Dell Latitude 7440,Laptop,DLL4WKAPM4,AT11452,In Use,chloe.anderson@giim-test.local,Logistics,Distribution Centre
300733,GIIM-1ZA7DK,Dell P2723DE,Monitor,CN081ZA7DK,AT11454,In Use,chloe.anderson@giim-test.local,Logistics,Distribution Centre
300734,GIIM-8UXV8L,HP EliteBook 860 G11,Laptop,5CDC8UXV8L,AT11455,In Use,zoe.wilson@giim-test.local,Customer Service,Support Office
300735,GIIM-AFEYQY,Dell P2723DE,Monitor,CN0FAFEYQY,AT11464,In Use,aisha.clarke@giim-test.local,Human Resources,Support Office
300736,GIIM-U5KN59,Lenovo ThinkPad T14 Gen 4,Laptop,PF2YU5KN59,AT11465,In Use,wei.johnson2@giim-test.local,Customer Service,Support Office
300737,GIIM-29MAB6,Samsung Galaxy S24,Phone,R5C629MAB6,AT11466,In Use,wei.johnson2@giim-test.local,Customer Service,Support Office
300738,GIIM-YRAU1C,HP EliteBook 860 G11,Laptop,5CDEYRAU1C,AT11468,In Use,mei.lee2@giim-test.local,Sales,Support Office
300739,GIIM-WQQENE,Samsung Galaxy S24,Phone,R5C0WQQENE,AT11469,In Use,mei.lee2@giim-test.local,Sales,Support Office
300740,GIIM-65SS4E,Lenovo ThinkPad X1 Carbon Gen 11,Laptop,PWVN65SS4E,AT11472,In Use,nikos.singh@giim-test.local,Marketing,Support Office
300741,GIIM-ZZ6VRD,HP E24 G5,Monitor,3CM4ZZ6VRD,AT11474,In Use,nikos.singh@giim-test.local,Marketing,Support Office
300742,GIIM-QQE8LB,HP USB-C Dock G5,Dock,5CH2QQE8LB,AT11475,In Use,nikos.singh@giim-test.local,Marketing,Support Office
300743,GIIM-MC18BP,Lenovo ThinkPad T14 Gen 4,Laptop,PF9TMC18BP,AT11476,In Use,ruby.king2@giim-test.local,Legal,Support Office
300744,GIIM-RQVLN8,Dell P2723DE,Monitor,CN08RQVLN8,AT11478,In Use,ruby.king2@giim-test.local,Legal,Support Office
300745,GIIM-85082Z,Lenovo ThinkPad Universal USB-C Dock,Dock,ZKYL85082Z,AT11479,In Use,ruby.king2@giim-test.local,Legal,Support Office
300746,GIIM-M37URS,HP EliteBook 860 G11,Laptop,5CDMM37URS,AT11480,In Use,amelia.martin@giim-test.local,Marketing,Support Office
300747,GIIM-ZFDDAB,HP USB-C Dock G5,Dock,5CH0ZFDDAB,AT11483,In Use,amelia.martin@giim-test.local,Marketing,Support Office
300748,GIIM-TKKGKK,Apple iPhone 15,Phone,F2LKTKKGKK,AT11485,In Use,arjun.taylor2@giim-test.local,Risk & Compliance,Support Office
300749,GIIM-Y3EWCF,Apple iPhone 15,Phone,F2LPY3EWCF,AT11487,In Use,james.brown@giim-test.local,Finance,Support Office
300750,GIIM-64GP57,HP E24 G5,Monitor,3CMD64GP57,AT11488,In Use,james.brown@giim-test.local,Finance,Support Office
300751,GIIM-EE58CP,HP USB-C Dock G5,Dock,5CH5EE58CP,AT11489,In Use,james.brown@giim-test.local,Finance,Support Office
300752,GIIM-GG6XNE,Lenovo ThinkPad X1 Carbon Gen 11,Laptop,PW7WGG6XNE,AT11490,In Use,harper.kaur@giim-test.local,Information Technology,Support Office
300753,GIIM-C03ZPV,Apple iPhone 15,Phone,F2LDC03ZPV,AT11491,In Use,harper.kaur@giim-test.local,Information Technology,Support Office
300754,GIIM-U1KJ8H,HP E24 G5,Monitor,3CMQU1KJ8H,AT11492,In Use,harper.kaur@giim-test.local,Information Technology,Support Office
300755,GIIM-32LWLG,Lenovo ThinkPad Universal USB-C Dock,Dock,ZK1132LWLG,AT11493,In Use,harper.kaur@giim-test.local,Information Technology,Support Office
300756,GIIM-ZC1BPB,HP EliteBook 860 G11,Laptop,5CDVZC1BPB,AT11494,In Use,matilda.anderson@giim-test.local,Merchandise,Support Office
300757,GIIM-4J6RDN,Samsung Galaxy S24,Phone,R5CZ4J6RDN,AT11495,In Use,matilda.anderson@giim-test.local,Merchandise,Support Office
300758,GIIM-3SQB6V,HP EliteBook 840 G10,Laptop,5CG63SQB6V,AT11498,In Use,hunter.wang@giim-test.local,Risk & Compliance,Support Office
300759,GIIM-T8U8QA,Samsung Galaxy S24,Phone,R5C4T8U8QA,AT11499,In Use,hunter.wang@giim-test.local,Risk & Compliance,Support Office
300760,GIIM-R4MG6T,Lenovo ThinkPad X1 Carbon Gen 11,Laptop,PWEMR4MG6T,AT11501,In Use,mei.patel@giim-test.local,Human Resources,Support Office
300761,GIIM-5B1ADX,HP USB-C Dock G5,Dock,5CH25B1ADX,AT11503,In Use,mei.patel@giim-test.local,Human Resources,Support Office
300762,GIIM-PXDEC4,Lenovo ThinkPad T14 Gen 4,Laptop,PF5UPXDEC4,AT11504,In Use,amelia.jones@giim-test.local,Logistics,Distribution Centre
300763,GIIM-367N0A,Samsung Galaxy S24,Phone,R5CN367N0A,AT11505,In Use,amelia.jones@giim-test.local,Logistics,Distribution Centre
300764,GIIM-YXELBY,Samsung Galaxy S24,Phone,R5CVYXELBY,AT11509,In Use,ella.jones@giim-test.local,Property,Support Office
300765,GIIM-7JEBBQ,HP EliteBook 840 G10,Laptop,5CG57JEBBQ,AT11515,In Use,lucas.singh2@giim-test.local,Legal,Support Office
300766,GIIM-2XJ067,Samsung Galaxy S24,Phone,R5CN2XJ067,AT11516,In Use,lucas.singh2@giim-test.local,Legal,Support Office
300767,GIIM-7CXZGX,HP E24 G5,Monitor,3CMJ7CXZGX,AT11517,In Use,lucas.singh2@giim-test.local,Legal,Support Office
300768,GIIM-LY7Q9S,HP USB-C Dock G5,Dock,5CHZLY7Q9S,AT11518,In Use,emily.kaur2@giim-test.local,Legal,Support Office
300769,GIIM-FCSSYV,Dell Latitude 7440,Laptop,DLBQFCSSYV,AT11519,In Use,ethan.jones2@giim-test.local,Marketing,Support Office
300770,GIIM-X5DND8,Dell P2723DE,Monitor,CN01X5DND8,AT11521,In Use,sophie.nguyen2@giim-test.local,Marketing,Support Office
300771,GIIM-9FDUNY,Samsung Galaxy S24,Phone,R5C49FDUNY,AT11524,In Use,liam.kaur2@giim-test.local,Legal,Support Office
300772,GIIM-2PSQF8,Lenovo ThinkPad Universal USB-C Dock,Dock,ZK4T2PSQF8,AT11526,In Use,liam.kaur2@giim-test.local,Legal,Support Office
300773,GIIM-M039NR,HP USB-C Dock G5,Dock,5CH6M039NR,AT11529,In Use,emily.king2@giim-test.local,Merchandise,Support Office
300774,GIIM-5WHP10,Lenovo ThinkPad X1 Carbon Gen 11,Laptop,PW7D5WHP10,AT11535,In Use,aisha.johnson2@giim-test.local,Legal,Support Office
300775,GIIM-MVJA01,HP E24 G5,Monitor,3CMWMVJA01,AT11537,In Use,aisha.johnson2@giim-test.local,Legal,Support Office
300776,GIIM-FLPGZZ,Samsung Galaxy S24,Phone,R5CRFLPGZZ,AT11540,In Use,tane.williams@giim-test.local,Customer Service,Support Office
300777,GIIM-TP8CE4,Dell Latitude 7440,Laptop,DL45TP8CE4,AT11541,In Use,james.harris@giim-test.local,Property,Support Office
300778,GIIM-MMMBAN,Samsung Galaxy S24,Phone,R5CYMMMBAN,AT11542,In Use,james.harris@giim-test.local,Property,Support Office
300779,GIIM-NQ3U51,HP USB-C Dock G5,Dock,5CHYNQ3U51,AT11544,In Use,james.harris@giim-test.local,Property,Support Office
300780,GIIM-VRKSSR,HP E24 G5,Monitor,3CMVVRKSSR,AT11547,In Use,sophie.chen@giim-test.local,Health & Safety,Support Office
300781,GIIM-SVY6UW,HP USB-C Dock G5,Dock,5CH2SVY6UW,AT11548,In Use,sophie.chen@giim-test.local,Health & Safety,Support Office
300782,GIIM-5CM7VV,HP EliteBook 860 G11,Laptop,5CDX5CM7VV,AT11549,In Store,mei.johnson@giim-test.local,Customer Service,Support Office
300783,GIIM-DDJUWW,Lenovo ThinkPad Universal USB-C Dock,Dock,ZKLHDDJUWW,AT11555,In Use,arjun.wang@giim-test.local,Finance,Support Office
300784,GIIM-VE89G9,Lenovo ThinkPad Universal USB-C Dock,Dock,ZKZUVE89G9,AT11558,In Use,matilda.scott@giim-test.local,Human Resources,Support Office
300785,GIIM-8QCEKF,HP EliteBook 840 G10,Laptop,5CG88QCEKF,AT11565,In Use,olivia.smith@giim-test.local,Executive,Support Office
300786,GIIM-FP37RB,Samsung Galaxy S24,Phone,R5CJFP37RB,AT11566,In Use,olivia.smith@giim-test.local,Executive,Support Office
300787,GIIM-20NMR3,Dell P2723DE,Monitor,CN0520NMR3,AT11567,In Use,olivia.smith@giim-test.local,Executive,Support Office
300788,GIIM-4T5E8W,HP EliteBook 840 G10,Laptop,5CGJ4T5E8W,AT11568,In Use,olivia.young@giim-test.local,Logistics,Distribution Centre
300789,GIIM-1NUZH6,Samsung Galaxy S24,Phone,R5CP1NUZH6,AT11569,In Use,olivia.young@giim-test.local,Logistics,Distribution Centre
300790,GIIM-N7YXRR,HP E24 G5,Monitor,3CMSN7YXRR,AT11570,In Use,olivia.young@giim-test.local,Logistics,Distribution Centre
300791,GIIM-AAWKBW,Lenovo ThinkPad Universal USB-C Dock,Dock,ZKSWAAWKBW,AT11571,In Use,olivia.young@giim-test.local,Logistics,Distribution Centre
300792,GIIM-HTSAFP,Dell P2723DE,Monitor,CN0CHTSAFP,AT11574,In Use,ruby.wilson@giim-test.local,Marketing,Support Office
300793,GIIM-MFKKPG,HP EliteBook 840 G10,Laptop,5CGCMFKKPG,AT11575,In Use,wei.williams@giim-test.local,Risk & Compliance,Support Office
300794,GIIM-VMHH43,Dell P2723DE,Monitor,CN0GVMHH43,AT11577,In Use,wei.williams@giim-test.local,Risk & Compliance,Support Office
300795,GIIM-C5JLU8,HP USB-C Dock G5,Dock,5CHDC5JLU8,AT11578,In Use,wei.williams@giim-test.local,Risk & Compliance,Support Office
300796,GIIM-78PUJL,Lenovo ThinkPad T14 Gen 4,Laptop,PFXQ78PUJL,AT11579,In Store,zoe.kelly@giim-test.local,Marketing,Support Office
300797,GIIM-KEU5SQ,Dell P2723DE,Monitor,CN0XKEU5SQ,AT11581,In Use,zoe.kelly@giim-test.local,Marketing,Support Office
300798,GIIM-KKQKNM,Lenovo ThinkPad X1 Carbon Gen 11,Laptop,PW77KKQKNM,AT11582,In Use,mei.lee3@giim-test.local,Sales,Support Office
300799,GIIM-E6AA9R,Samsung Galaxy S24,Phone,R5C8E6AA9R,AT11583,In Use,mei.lee3@giim-test.local,Sales,Support Office
300800,GIIM-V7MLNC,Dell P2723DE,Monitor,CN0YV7MLNC,AT11584,In Use,mei.lee3@giim-test.local,Sales,Support Office
300801,GIIM-KAFQ9S,HP EliteBook 840 G10,Laptop,5CGLKAFQ9S,AT11586,In Use,arjun.young@giim-test.local,Payroll,Support Office
300802,GIIM-QZYSDG,Lenovo ThinkPad T14 Gen 4,Laptop,PF7DQZYSDG,AT11590,In Use,arjun.williams@giim-test.local,Marketing,Support Office
300803,GIIM-4Q07G9,HP E24 G5,Monitor,3CME4Q07G9,AT11592,In Use,arjun.williams@giim-test.local,Marketing,Support Office
300804,GIIM-UAFKPS,Dell Latitude 7440,Laptop,DLYCUAFKPS,AT11594,In Use,chloe.martin@giim-test.local,Risk & Compliance,Support Office
300805,GIIM-QJ7VJ9,Apple iPad (10th gen),Tablet,DMPKQJ7VJ9,AT11596,In Use,mason.lee2@giim-test.local,Facilities,Distribution Centre
300806,GIIM-PCCSKT,Samsung Galaxy S24,Phone,R5C6PCCSKT,AT11598,In Use,chloe.patel@giim-test.local,Human Resources,Support Office
300807,GIIM-LYT0SY,HP USB-C Dock G5,Dock,5CH6LYT0SY,AT11600,In Use,chloe.patel@giim-test.local,Human Resources,Support Office
300808,GIIM-R9FGMY,Apple iPhone 15,Phone,F2L9R9FGMY,AT11602,In Store,mei.king3@giim-test.local,Human Resources,Support Office
300809,GIIM-RA9GUT,Lenovo ThinkPad Universal USB-C Dock,Dock,ZKLBRA9GUT,AT11604,In Store,mei.king3@giim-test.local,Human Resources,Support Office
300810,GIIM-5YNTF9,HP EliteBook 840 G10,Laptop,5CG65YNTF9,AT11605,In Use,amelia.johnson3@giim-test.local,Property,Support Office
300811,GIIM-VVGQ6B,Samsung Galaxy S24,Phone,R5C5VVGQ6B,AT11609,In Use,harrison.martin@giim-test.local,Property,Support Office
300812,GIIM-5AMU84,HP E24 G5,Monitor,3CMC5AMU84,AT11610,In Use,chloe.brown2@giim-test.local,Property,Support Office
300813,GIIM-GH87NQ,HP EliteBook 840 G10,Laptop,5CG9GH87NQ,AT11612,In Use,henry.lee4@giim-test.local,Merchandise,Support Office
300814,GIIM-B5W5XB,HP E24 G5,Monitor,3CMNB5W5XB,AT11614,In Use,henry.lee4@giim-test.local,Merchandise,Support Office
300815,GIIM-2J6ARF,Apple iPhone 15,Phone,F2LK2J6ARF,AT11617,In Use,priya.king2@giim-test.local,Finance,Support Office
300816,GIIM-ERPR22,Lenovo ThinkPad Universal USB-C Dock,Dock,ZKGWERPR22,AT11619,In Use,priya.king2@giim-test.local,Finance,Support Office
300817,GIIM-5Q6QST,Lenovo ThinkPad T14 Gen 4,Laptop,PFPE5Q6QST,AT11620,In Use,ethan.robinson@giim-test.local,Sales,Support Office
300818,GIIM-G9FXAH,Apple iPhone 15,Phone,F2LWG9FXAH,AT11621,In Use,ethan.robinson@giim-test.local,Sales,Support Office
300819,GIIM-BD98SJ,HP EliteBook 860 G11,Laptop,5CD6BD98SJ,AT11624,In Use,sophie.wang@giim-test.local,Customer Service,Support Office
300820,GIIM-UYPKB7,Dell P2723DE,Monitor,CN0XUYPKB7,AT11626,In Use,sophie.wang@giim-test.local,Customer Service,Support Office
300821,GIIM-3004BE,Lenovo ThinkPad Universal USB-C Dock,Dock,ZK443004BE,AT11627,In Use,sophie.wang@giim-test.local,Customer Service,Support Office
300822,GIIM-87LVWQ,Lenovo ThinkPad T14 Gen 4,Laptop,PF4287LVWQ,AT11630,In Use,thomas.wang@giim-test.local,Customer Service,Support Office
300823,GIIM-A5TEU9,Dell P2723DE,Monitor,CN05A5TEU9,AT11632,In Use,thomas.wang@giim-test.local,Customer Service,Support Office
300824,GIIM-GGZ8N5,Lenovo ThinkPad Universal USB-C Dock,Dock,ZKK2GGZ8N5,AT11633,In Use,thomas.wang@giim-test.local,Customer Service,Support Office
300825,GIIM-SCU9CL,Samsung Galaxy S24,Phone,R5CCSCU9CL,AT11635,In Use,mason.wang@giim-test.local,Data & Analytics,Support Office
300826,GIIM-YULXUD,HP E24 G5,Monitor,3CM8YULXUD,AT11636,In Use,mason.wang@giim-test.local,Data & Analytics,Support Office
300827,GIIM-W1R0AL,HP E24 G5,Monitor,3CMFW1R0AL,AT11640,In Use,william.nguyen@giim-test.local,Procurement,Support Office
300828,GIIM-J42LR0,Lenovo ThinkPad Universal USB-C Dock,Dock,ZKH0J42LR0,AT11641,In Use,william.nguyen@giim-test.local,Procurement,Support Office
300829,GIIM-EXSBRN,Samsung Galaxy S24,Phone,R5CSEXSBRN,AT11643,In Use,harrison.wang@giim-test.local,Legal,Support Office
300830,GIIM-3NKAR5,Lenovo ThinkPad X1 Carbon Gen 11,Laptop,PWHW3NKAR5,AT11645,In Use,emily.nguyen2@giim-test.local,Finance,Support Office
300831,GIIM-HS1TB2,Dell P2723DE,Monitor,CN0SHS1TB2,AT11647,In Use,emily.nguyen2@giim-test.local,Finance,Support Office
300832,GIIM-KYMNGB,Dell Latitude 7440,Laptop,DLJTKYMNGB,AT11649,In Use,wei.robinson@giim-test.local,Information Technology,Support Office
300833,GIIM-VZ645A,HP USB-C Dock G5,Dock,5CHQVZ645A,AT11651,In Use,wei.robinson@giim-test.local,Information Technology,Support Office
300834,GIIM-R88S4Z,Lenovo ThinkPad X1 Carbon Gen 11,Laptop,PW6KR88S4Z,AT11652,In Use,harrison.white2@giim-test.local,Human Resources,Support Office
300835,GIIM-PM1L3S,Apple iPhone 15,Phone,F2LZPM1L3S,AT11653,In Use,harrison.white2@giim-test.local,Human Resources,Support Office
300836,GIIM-L0GJBH,HP USB-C Dock G5,Dock,5CH3L0GJBH,AT11655,In Use,harrison.white2@giim-test.local,Human Resources,Support Office
300837,GIIM-7FJW42,Dell Latitude 7440,Laptop,DL0G7FJW42,AT11663,In Use,aisha.clarke2@giim-test.local,Supply Chain,Distribution Centre
300838,GIIM-53RVYZ,Apple iPhone 15,Phone,F2L353RVYZ,AT11664,In Use,aisha.clarke2@giim-test.local,Supply Chain,Distribution Centre
300839,GIIM-JE32AK,Lenovo ThinkPad Universal USB-C Dock,Dock,ZK7ZJE32AK,AT11665,In Use,aisha.clarke2@giim-test.local,Supply Chain,Distribution Centre
300840,GIIM-11RBAR,HP E24 G5,Monitor,3CM411RBAR,AT11668,In Use,mei.white2@giim-test.local,Finance,Support Office
300841,GIIM-NMWMG7,Apple iPhone 15,Phone,F2LNNMWMG7,AT11670,In Use,amelia.jones2@giim-test.local,Information Technology,Support Office
300842,GIIM-FD8SA8,Dell P2723DE,Monitor,CN0TFD8SA8,AT11674,In Use,wei.walker2@giim-test.local,Finance,Support Office
300843,GIIM-H5N29D,Dell P2723DE,Monitor,CN0JH5N29D,AT11677,In Use,noah.walker2@giim-test.local,eCommerce,Support Office
300844,GIIM-Z6DDS7,Lenovo ThinkPad Universal USB-C Dock,Dock,ZK03Z6DDS7,AT11678,In Use,noah.walker2@giim-test.local,eCommerce,Support Office
300845,GIIM-T2FRX2,Lenovo ThinkPad T14 Gen 4,Laptop,PF8FT2FRX2,AT11679,In Use,hiroshi.robinson@giim-test.local,Property,Support Office
300846,GIIM-1R6ANB,HP EliteBook 860 G11,Laptop,5CDX1R6ANB,AT11683,In Use,wei.kaur2@giim-test.local,Supply Chain,Distribution Centre
300847,GIIM-57K83B,HP E24 G5,Monitor,3CMR57K83B,AT11685,In Use,wei.kaur2@giim-test.local,Supply Chain,Distribution Centre
300848,GIIM-J3KSDU,Samsung Galaxy S24,Phone,R5C0J3KSDU,AT11687,In Use,aisha.johnson2@giim-test.local,Merchandise,Support Office
300849,GIIM-T5QJ9C,HP E24 G5,Monitor,3CMQT5QJ9C,AT11688,In Use,emily.martin2@giim-test.local,Merchandise,Support Office
300850,GIIM-QZ8ZNS,HP USB-C Dock G5,Dock,5CH7QZ8ZNS,AT11689,In Use,emily.martin2@giim-test.local,Merchandise,Support Office
300851,GIIM-N8UHH8,HP EliteBook 840 G10,Laptop,5CGTN8UHH8,AT11694,In Use,tane.clarke@giim-test.local,Supply Chain,Distribution Centre
300852,GIIM-YJA9CY,HP E24 G5,Monitor,3CMAYJA9CY,AT11696,In Use,tane.clarke@giim-test.local,Supply Chain,Distribution Centre
300853,GIIM-MDUKT2,HP EliteBook 840 G10,Laptop,5CGVMDUKT2,AT11697,In Use,mia.king@giim-test.local,eCommerce,Support Office
300854,GIIM-2SLHDJ,Apple iPhone 15,Phone,F2LT2SLHDJ,AT11698,In Use,mia.king@giim-test.local,eCommerce,Support Office
300855,GIIM-FS62Z2,Dell Latitude 7440,Laptop,DL9TFS62Z2,AT11701,In Use,wei.lee2@giim-test.local,Risk & Compliance,Support Office
300856,GIIM-Z1HTBT,Dell P2723DE,Monitor,CN0GZ1HTBT,AT11703,In Use,wei.lee2@giim-test.local,Risk & Compliance,Support Office
300857,GIIM-9JPQG6,HP USB-C Dock G5,Dock,5CH09JPQG6,AT11704,In Use,wei.lee2@giim-test.local,Risk & Compliance,Support Office
300858,GIIM-1L41KE,Lenovo ThinkPad X1 Carbon Gen 11,Laptop,PWDF1L41KE,AT11705,In Use,ella.thompson@giim-test.local,Executive,Support Office
300859,GIIM-Q708V5,Samsung Galaxy S24,Phone,R5CPQ708V5,AT11706,In Use,ella.thompson@giim-test.local,Executive,Support Office
300860,GIIM-9A8820,Dell P2723DE,Monitor,CN0E9A8820,AT11707,In Use,ella.thompson@giim-test.local,Executive,Support Office
300861,GIIM-14MVMZ,Samsung Galaxy S24,Phone,R5CH14MVMZ,AT11709,In Use,hunter.king@giim-test.local,Finance,Support Office
300862,GIIM-GCE7E4,Lenovo ThinkPad Universal USB-C Dock,Dock,ZKV1GCE7E4,AT11711,In Store,hunter.king@giim-test.local,Finance,Support Office
300863,GIIM-L40RU2,HP E24 G5,Monitor,3CMAL40RU2,AT11714,In Use,wei.clarke@giim-test.local,Merchandise,Support Office
300864,GIIM-VNP9BU,Lenovo ThinkPad X1 Carbon Gen 11,Laptop,PWECVNP9BU,AT11715,In Use,wei.mitchell@giim-test.local,Finance,Support Office
300865,GIIM-BHZDFC,HP E24 G5,Monitor,3CMJBHZDFC,AT11721,In Use,mason.chen@giim-test.local,Risk & Compliance,Support Office
300866,GIIM-ZSXBWR,HP EliteBook 840 G10,Laptop,5CGKZSXBWR,AT11723,In Use,oliver.murphy@giim-test.local,Legal,Support Office
300867,GIIM-C9QEF2,HP E24 G5,Monitor,3CMZC9QEF2,AT11725,In Use,oliver.murphy@giim-test.local,Legal,Support Office
300868,GIIM-XAFB8Z,Dell Latitude 7440,Laptop,DLBVXAFB8Z,AT11727,In Use,mason.wilson@giim-test.local,eCommerce,Support Office
300869,GIIM-CJ8FUT,Samsung Galaxy S24,Phone,R5CACJ8FUT,AT11728,In Use,mason.wilson@giim-test.local,eCommerce,Support Office
300870,GIIM-89KNZS,Samsung Galaxy S24,Phone,R5C389KNZS,AT11731,In Use,sophie.scott@giim-test.local,eCommerce,Support Office
300871,GIIM-J34BCM,Dell P2723DE,Monitor,CN0UJ34BCM,AT11732,In Use,sophie.scott@giim-test.local,eCommerce,Support Office
300872,GIIM-HP6A0B,Apple iPhone 15,Phone,F2LLHP6A0B,AT11734,In Use,mateo.kelly@giim-test.local,Executive,Support Office
300873,GIIM-U63Q69,Dell P2723DE,Monitor,CN0WU63Q69,AT11735,In Use,mateo.kelly@giim-test.local,Executive,Support Office
300874,GIIM-ZN5T3X,Lenovo ThinkPad Universal USB-C Dock,Dock,ZKLKZN5T3X,AT11736,In Use,mateo.kelly@giim-test.local,Executive,Support Office
300875,GIIM-BN8WQE,HP EliteBook 860 G11,Laptop,5CDMBN8WQE,AT11737,In Use,matilda.anderson2@giim-test.local,Data & Analytics,Support Office
300876,GIIM-S9YD0X,Dell Latitude 7440,Laptop,DLLVS9YD0X,AT11741,In Use,thomas.nguyen2@giim-test.local,Customer Service,Support Office
300877,GIIM-C1C0T3,HP EliteBook 840 G10,Laptop,5CGKC1C0T3,AT11744,In Use,noah.chen@giim-test.local,Facilities,Distribution Centre
300878,GIIM-2M7RPJ,Apple iPhone 15,Phone,F2LX2M7RPJ,AT11745,In Use,noah.chen@giim-test.local,Facilities,Distribution Centre
300879,GIIM-FDCUUT,Dell P2723DE,Monitor,CN01FDCUUT,AT11746,In Use,noah.chen@giim-test.local,Facilities,Distribution Centre
300880,GIIM-YYMP20,HP USB-C Dock G5,Dock,5CH5YYMP20,AT11749,In Use,james.patel@giim-test.local,Customer Service,Support Office
300881,GIIM-YSGA49,Lenovo ThinkPad T14 Gen 4,Laptop,PFSCYSGA49,AT11750,In Use,cooper.patel@giim-test.local,Executive,Support Office
300882,GIIM-8YWCS6,Apple iPhone 15,Phone,F2L98YWCS6,AT11751,In Use,cooper.patel@giim-test.local,Executive,Support Office
300883,GIIM-837WMW,Dell P2723DE,Monitor,CN0Z837WMW,AT11752,In Use,cooper.patel@giim-test.local,Executive,Support Office
300884,GIIM-VDSPSU,Lenovo ThinkPad Universal USB-C Dock,Dock,ZK3ZVDSPSU,AT11753,In Use,cooper.patel@giim-test.local,Executive,Support Office
300885,GIIM-H5Z91M,Lenovo ThinkPad T14 Gen 4,Laptop,PFHYH5Z91M,AT11754,In Use,aisha.singh@giim-test.local,Finance,Support Office
300886,GIIM-PTBKW5,HP E24 G5,Monitor,3CM5PTBKW5,AT11756,In Use,aisha.singh@giim-test.local,Finance,Support Office
300887,GIIM-U861PP,HP USB-C Dock G5,Dock,5CHDU861PP,AT11757,In Use,aisha.singh@giim-test.local,Finance,Support Office
300888,GIIM-FT5R1F,Lenovo ThinkPad X1 Carbon Gen 11,Laptop,PWWCFT5R1F,AT11758,In Use,aisha.taylor@giim-test.local,Human Resources,Support Office
300889,GIIM-7V6H9M,Samsung Galaxy S24,Phone,R5CX7V6H9M,AT11762,In Use,harper.clarke@giim-test.local,Payroll,Support Office
300890,GIIM-D0N6RN,Dell P2723DE,Monitor,CN02D0N6RN,AT11763,In Use,harper.clarke@giim-test.local,Payroll,Support Office
300891,GIIM-58CZHQ,Apple iPhone 15,Phone,F2LR58CZHQ,AT11765,In Use,olivia.king@giim-test.local,Customer Service,Support Office
300892,GIIM-JPV36P,HP E24 G5,Monitor,3CMRJPV36P,AT11774,In Use,nikos.chen@giim-test.local,Health & Safety,Support Office
300893,GIIM-THB52M,Samsung Galaxy S24,Phone,R5CLTHB52M,AT11777,In Use,noah.johnson2@giim-test.local,Operations,Support Office
300894,GIIM-0BB0MG,Lenovo ThinkPad Universal USB-C Dock,Dock,ZKK70BB0MG,AT11779,In Use,noah.johnson2@giim-test.local,Operations,Support Office
300895,GIIM-7N1EFG,HP EliteBook 840 G10,Laptop,5CGT7N1EFG,AT11780,In Use,leo.lee@giim-test.local,Health & Safety,Support Office
300896,GIIM-P7RHDU,Samsung Galaxy S24,Phone,R5CLP7RHDU,AT11781,In Use,leo.lee@giim-test.local,Health & Safety,Support Office
300897,GIIM-EAMRBM,Apple iPhone 15,Phone,F2LTEAMRBM,AT11785,In Use,mateo.young@giim-test.local,Health & Safety,Support Office
300898,GIIM-RXZB9Q,HP USB-C Dock G5,Dock,5CHYRXZB9Q,AT11786,In Use,mateo.young@giim-test.local,Health & Safety,Support Office
300899,GIIM-CGN9ZX,Dell Latitude 7440,Laptop,DL9ACGN9ZX,AT11787,In Use,hunter.johnson@giim-test.local,Health & Safety,Support Office
300900,GIIM-Y46STN,Lenovo ThinkPad Universal USB-C Dock,Dock,ZKELY46STN,AT11790,In Use,hunter.johnson@giim-test.local,Health & Safety,Support Office
300901,GIIM-LGDLA4,Lenovo ThinkPad Universal USB-C Dock,Dock,ZKFVLGDLA4,AT11793,In Use,ruby.anderson2@giim-test.local,Legal,Support Office
300902,GIIM-KQTS03,Apple iPhone 15,Phone,F2LRKQTS03,AT11795,In Use,leo.wang@giim-test.local,Information Technology,Support Office
300903,GIIM-5H3PH0,HP E24 G5,Monitor,3CMY5H3PH0,AT11796,In Use,leo.wang@giim-test.local,Information Technology,Support Office
300904,GIIM-6EZGSR,Lenovo ThinkPad Universal USB-C Dock,Dock,ZKEG6EZGSR,AT11797,In Use,noah.jones@giim-test.local,Information Technology,Support Office
300905,GIIM-4D0L6Y,HP EliteBook 860 G11,Laptop,5CDU4D0L6Y,AT11798,In Use,james.clarke2@giim-test.local,Merchandise,Support Office
300906,GIIM-GACS3Q,Samsung Galaxy S24,Phone,R5CVGACS3Q,AT11799,In Use,james.clarke2@giim-test.local,Merchandise,Support Office
300907,GIIM-9ZMPZZ,Lenovo ThinkPad T14 Gen 4,Laptop,PFJ59ZMPZZ,AT11801,In Use,lucas.scott@giim-test.local,Operations,Support Office
300908,GIIM-QRKFGM,Lenovo ThinkPad Universal USB-C Dock,Dock,ZKBHQRKFGM,AT11807,In Use,charlotte.singh@giim-test.local,Marketing,Support Office
300909,GIIM-8A79W0,HP EliteBook 840 G10,Laptop,5CGQ8A79W0,AT11808,In Use,mia.walker@giim-test.local,Human Resources,Support Office
300910,GIIM-LF71HW,Dell P2723DE,Monitor,CN0QLF71HW,AT11810,In Use,mia.walker@giim-test.local,Human Resources,Support Office
300911,GIIM-197PHD,Dell Latitude 7440,Laptop,DLBK197PHD,AT11812,In Use,thomas.smith3@giim-test.local,Logistics,Distribution Centre
300912,GIIM-8S1ZMY,HP E24 G5,Monitor,3CMP8S1ZMY,AT11814,In Use,thomas.smith3@giim-test.local,Logistics,Distribution Centre
300913,GIIM-R8YE1K,Lenovo ThinkPad Universal USB-C Dock,Dock,ZK86R8YE1K,AT11815,In Use,thomas.smith3@giim-test.local,Logistics,Distribution Centre
300914,GIIM-3HKVQL,Apple iPhone 15,Phone,F2LW3HKVQL,AT11817,In Use,fatima.robinson@giim-test.local,Data & Analytics,Support Office
300915,GIIM-N1QWEW,HP USB-C Dock G5,Dock,5CHLN1QWEW,AT11822,In Use,arjun.wang2@giim-test.local,Merchandise,Support Office
300916,GIIM-X742TM,Lenovo ThinkPad T14 Gen 4,Laptop,PFSFX742TM,AT11823,In Use,thomas.nguyen3@giim-test.local,Property,Support Office
300917,GIIM-ED0684,Samsung Galaxy S24,Phone,R5CRED0684,AT11824,In Use,thomas.nguyen3@giim-test.local,Property,Support Office
300918,GIIM-WJQ3AY,Dell P2723DE,Monitor,CN0SWJQ3AY,AT11825,In Use,thomas.nguyen3@giim-test.local,Property,Support Office
300919,GIIM-EPET40,Dell P2723DE,Monitor,CN0KEPET40,AT11829,In Use,zoe.smith@giim-test.local,Customer Service,Support Office
300920,GIIM-XH8F96,Samsung Galaxy S24,Phone,R5C2XH8F96,AT11832,In Use,charlotte.mitchell@giim-test.local,Information Technology,Support Office
300921,GIIM-NSETNR,Apple iPad (10th gen),Tablet,DMPNNSETNR,AT11835,In Use,arjun.scott2@giim-test.local,Logistics,Distribution Centre
300922,GIIM-N6ZD9E,Lenovo ThinkPad T14 Gen 4,Laptop,PFLWN6ZD9E,AT11836,In Use,hunter.ryan@giim-test.local,Procurement,Support Office
300923,GIIM-ZT7A2V,Apple iPhone 15,Phone,F2LUZT7A2V,AT11837,In Use,hunter.ryan@giim-test.local,Procurement,Support Office
300924,GIIM-ETK381,Lenovo ThinkPad X1 Carbon Gen 11,Laptop,PWF7ETK381,AT11839,In Use,william.ryan2@giim-test.local,Risk & Compliance,Support Office
300925,GIIM-2QU05Z,Dell P2723DE,Monitor,CN052QU05Z,AT11841,In Use,william.ryan2@giim-test.local,Risk & Compliance,Support Office
300926,GIIM-TUV3ST,Lenovo ThinkPad T14 Gen 4,Laptop,PF6UTUV3ST,AT11842,In Use,matilda.brown2@giim-test.local,Logistics,Distribution Centre
300927,GIIM-ACC7Q6,Samsung Galaxy S24,Phone,R5CPACC7Q6,AT11846,In Use,aisha.nguyen2@giim-test.local,eCommerce,Support Office
300928,GIIM-HQE3BY,Dell P2723DE,Monitor,CN0MHQE3BY,AT11847,In Use,aisha.nguyen2@giim-test.local,eCommerce,Support Office
300929,GIIM-TATCGH,HP USB-C Dock G5,Dock,5CH4TATCGH,AT11852,In Use,arjun.chen2@giim-test.local,Data & Analytics,Support Office
300930,GIIM-WCAQ4E,Samsung Galaxy S24,Phone,R5CEWCAQ4E,AT11854,In Use,arjun.harris@giim-test.local,Information Technology,Support Office
300931,GIIM-777T2W,Lenovo ThinkPad Universal USB-C Dock,Dock,ZKPG777T2W,AT11856,In Use,arjun.harris@giim-test.local,Information Technology,Support Office
300932,GIIM-2EL13A,Apple iPad (10th gen),Tablet,DMPT2EL13A,AT11860,In Use,sophie.martin@giim-test.local,Facilities,Distribution Centre
300933,GIIM-3ECBCB,Dell Latitude 7440,Laptop,DLC03ECBCB,AT11861,In Use,james.scott@giim-test.local,eCommerce,Support Office
300934,GIIM-SLJ43Q,Samsung Galaxy S24,Phone,R5CTSLJ43Q,AT11862,In Use,james.scott@giim-test.local,eCommerce,Support Office
300935,GIIM-B40C37,HP E24 G5,Monitor,3CM4B40C37,AT11863,In Use,james.scott@giim-test.local,eCommerce,Support Office
300936,GIIM-QQL5YD,HP USB-C Dock G5,Dock,5CHBQQL5YD,AT11864,In Use,james.scott@giim-test.local,eCommerce,Support Office
300937,GIIM-7V4NBM,Apple iPhone 15,Phone,F2LW7V4NBM,AT11866,In Use,grace.wilson@giim-test.local,Information Technology,Support Office
300938,GIIM-6AWCHX,HP E24 G5,Monitor,3CMU6AWCHX,AT11867,In Use,mateo.robinson2@giim-test.local,Information Technology,Support Office
300939,GIIM-5FW1A8,Lenovo ThinkPad Universal USB-C Dock,Dock,ZKUZ5FW1A8,AT11868,In Use,grace.wilson@giim-test.local,Information Technology,Support Office
300940,GIIM-RVWBGA,Apple iPhone 15,Phone,F2L7RVWBGA,AT11870,In Use,fatima.kaur@giim-test.local,Procurement,Support Office
300941,GIIM-NDGWRC,HP USB-C Dock G5,Dock,5CHDNDGWRC,AT11872,In Use,fatima.kaur@giim-test.local,Procurement,Support Office
300942,GIIM-ZD1287,HP E24 G5,Monitor,3CM4ZD1287,AT11875,In Use,emily.lee@giim-test.local,Risk & Compliance,Support Office
300943,GIIM-UDQ5LY,Apple iPhone 15,Phone,F2LLUDQ5LY,AT11878,In Use,harrison.williams2@giim-test.local,eCommerce,Support Office
300944,GIIM-Y84H6D,Lenovo ThinkPad Universal USB-C Dock,Dock,ZK8FY84H6D,AT11880,In Use,harrison.williams2@giim-test.local,eCommerce,Support Office
300945,GIIM-VQVX04,HP EliteBook 860 G11,Laptop,5CDVVQVX04,AT11881,In Use,cooper.patel2@giim-test.local,Information Technology,Support Office
300946,GIIM-PKU53J,Apple iPhone 15,Phone,F2LYPKU53J,AT11882,In Use,priya.white2@giim-test.local,Information Technology,Support Office
300947,GIIM-5M06T2,Lenovo ThinkPad Universal USB-C Dock,Dock,ZKQJ5M06T2,AT11883,In Use,cooper.patel2@giim-test.local,Information Technology,Support Office
300948,GIIM-Y1WV9Q,Lenovo ThinkPad X1 Carbon Gen 11,Laptop,PW8ZY1WV9Q,AT11884,In Use,zoe.campbell@giim-test.local,Payroll,Support Office
300949,GIIM-TLQ7NH,Samsung Galaxy S24,Phone,R5CMTLQ7NH,AT11885,In Use,zoe.campbell@giim-test.local,Payroll,Support Office
300950,GIIM-T7DKMH,Dell P2723DE,Monitor,CN0NT7DKMH,AT11886,In Use,zoe.campbell@giim-test.local,Payroll,Support Office
300951,GIIM-5957NF,HP USB-C Dock G5,Dock,5CHB5957NF,AT11887,In Use,zoe.campbell@giim-test.local,Payroll,Support Office
300952,GIIM-5BH6NB,HP EliteBook 860 G11,Laptop,5CDW5BH6NB,AT11888,In Use,william.clarke@giim-test.local,Executive,Support Office
300953,GIIM-FU9U51,Samsung Galaxy S24,Phone,R5C9FU9U51,AT11889,In Use,william.clarke@giim-test.local,Executive,Support Office
300954,GIIM-FVV6L9,Samsung Galaxy S24,Phone,R5C8FVV6L9,AT11892,In Use,isla.lee@giim-test.local,Facilities,Distribution Centre
300955,GIIM-Q2EBPX,HP USB-C Dock G5,Dock,5CH9Q2EBPX,AT11894,In Use,isla.lee@giim-test.local,Facilities,Distribution Centre
300956,GIIM-SQTPTD,Apple iPhone 15,Phone,F2L6SQTPTD,AT11898,In Use,oliver.wilson@giim-test.local,Property,Support Office
300957,GIIM-J0JJ3Y,HP E24 G5,Monitor,3CM7J0JJ3Y,AT11899,In Use,oliver.wilson@giim-test.local,Property,Support Office
300958,GIIM-WEJD2E,Apple iPhone 15,Phone,F2LYWEJD2E,AT11902,In Use,ava.johnson@giim-test.local,Legal,Support Office
300959,GIIM-8CLJEE,Samsung Galaxy S24,Phone,R5CP8CLJEE,AT11908,In Use,hiroshi.anderson3@giim-test.local,Procurement,Support Office
300960,GIIM-FDPSU5,HP E24 G5,Monitor,3CM5FDPSU5,AT11909,In Use,mei.king@giim-test.local,Procurement,Support Office
300961,GIIM-4SA23T,Dell P2723DE,Monitor,CN0D4SA23T,AT11915,In Use,leo.campbell@giim-test.local,Payroll,Support Office
300962,GIIM-AAM4GS,Lenovo ThinkPad Universal USB-C Dock,Dock,ZK3DAAM4GS,AT11916,In Use,leo.campbell@giim-test.local,Payroll,Support Office
300963,GIIM-95W6A9,Lenovo ThinkPad T14 Gen 4,Laptop,PFZ195W6A9,AT11917,In Use,oliver.thompson@giim-test.local,Sales,Support Office
300964,GIIM-TYC8LG,Lenovo ThinkPad T14 Gen 4,Laptop,PFKUTYC8LG,AT11919,In Use,harrison.brown@giim-test.local,Operations,Support Office
300965,GIIM-B3J377,Apple iPhone 15,Phone,F2LTB3J377,AT11920,In Use,harrison.brown@giim-test.local,Operations,Support Office
300966,GIIM-BH9VSX,Lenovo ThinkPad Universal USB-C Dock,Dock,ZKACBH9VSX,AT11921,In Use,harrison.brown@giim-test.local,Operations,Support Office
300967,GIIM-ZMCH8B,Lenovo ThinkPad X1 Carbon Gen 11,Laptop,PW3JZMCH8B,AT11922,In Use,fatima.nguyen@giim-test.local,Executive,Support Office
300968,GIIM-NW332A,Apple iPhone 15,Phone,F2L2NW332A,AT11923,In Use,fatima.nguyen@giim-test.local,Executive,Support Office
300969,GIIM-LUCWL0,HP EliteBook 860 G11,Laptop,5CDHLUCWL0,AT11924,In Use,cooper.smith2@giim-test.local,Health & Safety,Support Office
300970,GIIM-1JLZWF,Dell P2723DE,Monitor,CN0P1JLZWF,AT11926,In Use,cooper.smith2@giim-test.local,Health & Safety,Support Office
300971,GIIM-ME6C72,Lenovo ThinkPad Universal USB-C Dock,Dock,ZKXSME6C72,AT11927,In Use,cooper.smith2@giim-test.local,Health & Safety,Support Office
300972,GIIM-HUKZXF,Apple iPhone 15,Phone,F2LUHUKZXF,AT11929,In Use,leo.wang2@giim-test.local,Operations,Support Office
300973,GIIM-L6ZJQ7,HP E24 G5,Monitor,3CMNL6ZJQ7,AT11930,In Use,leo.wang2@giim-test.local,Operations,Support Office
300974,GIIM-AGLQ86,Lenovo ThinkPad T14 Gen 4,Laptop,PFZBAGLQ86,AT11931,In Use,henry.taylor2@giim-test.local,Customer Service,Support Office
300975,GIIM-8DWXPK,Apple iPhone 15,Phone,F2L08DWXPK,AT11932,In Use,henry.taylor2@giim-test.local,Customer Service,Support Office
300976,GIIM-885HYR,Lenovo ThinkPad Universal USB-C Dock,Dock,ZKUK885HYR,AT11934,In Use,henry.taylor2@giim-test.local,Customer Service,Support Office
300977,GIIM-KLMQC3,Dell Latitude 7440,Laptop,DL78KLMQC3,AT11935,In Use,emily.taylor@giim-test.local,Supply Chain,Distribution Centre
300978,GIIM-EX9M83,HP E24 G5,Monitor,3CMKEX9M83,AT11941,In Use,wei.martin2@giim-test.local,Procurement,Support Office
300979,GIIM-VFHNFR,HP E24 G5,Monitor,3CMRVFHNFR,AT11951,In Use,ethan.singh@giim-test.local,Data & Analytics,Support Office
300980,GIIM-MEJ72V,HP EliteBook 840 G10,Laptop,5CGNMEJ72V,AT11953,In Use,tane.ryan@giim-test.local,Finance,Support Office
300981,GIIM-YARP0K,Apple iPhone 15,Phone,F2LGYARP0K,AT11958,In Use,james.martin@giim-test.local,Executive,Support Office
300982,GIIM-738SBF,Dell Latitude 7440,Laptop,DLQ0738SBF,AT11961,In Use,william.ryan3@giim-test.local,Human Resources,Support Office
300983,GIIM-A0JZFK,Samsung Galaxy S24,Phone,R5C6A0JZFK,AT11962,In Use,william.ryan3@giim-test.local,Human Resources,Support Office
300984,GIIM-QAB2PE,Lenovo ThinkPad Universal USB-C Dock,Dock,ZKD1QAB2PE,AT11964,In Use,william.ryan3@giim-test.local,Human Resources,Support Office
300985,GIIM-YY89VR,HP EliteBook 840 G10,Laptop,5CGGYY89VR,AT11965,In Use,thomas.singh2@giim-test.local,Sales,Support Office
300986,GIIM-QQ833K,Samsung Galaxy S24,Phone,R5C1QQ833K,AT11966,In Use,thomas.singh2@giim-test.local,Sales,Support Office
300987,GIIM-VASSCS,Lenovo ThinkPad Universal USB-C Dock,Dock,ZK85VASSCS,AT11968,In Use,thomas.singh2@giim-test.local,Sales,Support Office
300988,GIIM-FQHGPJ,Samsung Galaxy S24,Phone,R5CMFQHGPJ,AT11970,In Use,nikos.wang@giim-test.local,Procurement,Support Office
300989,GIIM-AXWR17,HP E24 G5,Monitor,3CMCAXWR17,AT11971,In Use,nikos.wang@giim-test.local,Procurement,Support Office
300990,GIIM-3H1SRY,Lenovo ThinkPad Universal USB-C Dock,Dock,ZK523H1SRY,AT11972,In Use,nikos.wang@giim-test.local,Procurement,Support Office
300991,GIIM-J5BJ5C,Lenovo ThinkPad X1 Carbon Gen 11,Laptop,PW91J5BJ5C,AT11973,In Use,noah.lee@giim-test.local,Procurement,Support Office
300992,GIIM-80V1QR,Apple iPhone 15,Phone,F2LJ80V1QR,AT11974,In Use,noah.lee@giim-test.local,Procurement,Support Office
300993,GIIM-XGPHKX,Lenovo ThinkPad Universal USB-C Dock,Dock,ZK10XGPHKX,AT11976,In Use,noah.lee@giim-test.local,Procurement,Support Office
300994,GIIM-SN5QT1,Lenovo ThinkPad T14 Gen 4,Laptop,PFT6SN5QT1,AT11984,In Store,chloe.patel2@giim-test.local,Property,Support Office
300995,GIIM-23BGJ1,Apple iPhone 15,Phone,F2LF23BGJ1,AT11985,In Store,chloe.patel2@giim-test.local,Property,Support Office
300996,GIIM-MCCMBD,HP USB-C Dock G5,Dock,5CHFMCCMBD,AT11989,In Use,noah.murphy@giim-test.local,Payroll,Support Office
300997,GIIM-SZJKYR,Dell P2723DE,Monitor,CN05SZJKYR,AT11992,In Use,william.smith@giim-test.local,Facilities,Distribution Centre
300998,GIIM-RGU363,HP USB-C Dock G5,Dock,5CH4RGU363,AT11993,In Use,william.smith@giim-test.local,Facilities,Distribution Centre
300999,GIIM-74656B,HP EliteBook 840 G10,Laptop,5CG174656B,AT11994,In Use,mia.walker2@giim-test.local,Sales,Support Office
301000,GIIM-3KBYTP,HP E24 G5,Monitor,3CMF3KBYTP,AT11996,In Use,mia.walker2@giim-test.local,Sales,Support Office
301001,GIIM-D7S0KZ,Dell P2723DE,Monitor,CN0AD7S0KZ,AT11999,In Use,olivia.white3@giim-test.local,Procurement,Support Office
301002,GIIM-KDMAXS,Lenovo ThinkPad T14 Gen 4,Laptop,PF7SKDMAXS,AT12000,In Use,mia.martin@giim-test.local,Payroll,Support Office
301003,GIIM-11C5MH,Apple iPhone 15,Phone,F2L411C5MH,AT12001,In Use,mia.martin@giim-test.local,Payroll,Support Office
301004,GIIM-FPVSGS,Lenovo ThinkPad Universal USB-C Dock,Dock,ZKQBFPVSGS,AT12003,In Use,mia.martin@giim-test.local,Payroll,Support Office
301005,GIIM-Z0KF1X,HP EliteBook 840 G10,Laptop,5CGFZ0KF1X,AT12004,In Use,lucas.lee@giim-test.local,Human Resources,Support Office
301006,GIIM-76FGRF,HP E24 G5,Monitor,3CMN76FGRF,AT12006,In Use,lucas.lee@giim-test.local,Human Resources,Support Office
301007,GIIM-NFCU0C,Lenovo ThinkPad Universal USB-C Dock,Dock,ZKJ5NFCU0C,AT12007,In Use,lucas.lee@giim-test.local,Human Resources,Support Office
301008,GIIM-N7P3AD,Apple iPhone 15,Phone,F2LAN7P3AD,AT12013,In Use,noah.kelly@giim-test.local,Marketing,Support Office
301009,GIIM-FGTXE5,HP E24 G5,Monitor,3CMJFGTXE5,AT12014,In Use,noah.kelly@giim-test.local,Marketing,Support Office
301010,GIIM-V7ZPET,HP USB-C Dock G5,Dock,5CH1V7ZPET,AT12015,In Use,noah.kelly@giim-test.local,Marketing,Support Office
301011,GIIM-L0GQ5C,Apple iPhone 15,Phone,F2LCL0GQ5C,AT12017,In Use,ella.young@giim-test.local,Sales,Support Office
301012,GIIM-EJKUHA,Dell P2723DE,Monitor,CN0DEJKUHA,AT12018,In Use,ella.young@giim-test.local,Sales,Support Office
301013,GIIM-YXBGYT,Lenovo ThinkPad Universal USB-C Dock,Dock,ZK57YXBGYT,AT12019,In Use,ella.young@giim-test.local,Sales,Support Office
301014,GIIM-M9HPYY,Lenovo ThinkPad Universal USB-C Dock,Dock,ZK3MM9HPYY,AT12022,In Use,henry.clarke3@giim-test.local,Procurement,Support Office
301015,GIIM-KPE448,HP EliteBook 840 G10,Laptop,5CG4KPE448,AT12023,In Use,harrison.robinson2@giim-test.local,Property,Support Office
301016,GIIM-605FCK,HP EliteBook 840 G10,Laptop,5CGG605FCK,AT12026,In Use,olivia.brown2@giim-test.local,Executive,Support Office
301017,GIIM-Q6DE2Z,Dell Latitude 7440,Laptop,DLFCQ6DE2Z,AT12030,In Use,fatima.kelly2@giim-test.local,Sales,Support Office
301018,GIIM-M9JJL3,HP E24 G5,Monitor,3CM1M9JJL3,AT12032,In Use,fatima.kelly2@giim-test.local,Sales,Support Office
301019,GIIM-J68PHB,Lenovo ThinkPad Universal USB-C Dock,Dock,ZK09J68PHB,AT12037,In Use,charlotte.wilson@giim-test.local,Executive,Support Office
301020,GIIM-1BNUNP,Dell Latitude 7440,Laptop,DL5E1BNUNP,AT12038,In Use,ethan.smith2@giim-test.local,Information Technology,Support Office
301021,GIIM-2MQZRT,Samsung Galaxy S24,Phone,R5CF2MQZRT,AT12039,In Use,ethan.smith2@giim-test.local,Information Technology,Support Office
301022,GIIM-CA0Y1L,Dell P2723DE,Monitor,CN0SCA0Y1L,AT12040,In Use,ethan.smith2@giim-test.local,Information Technology,Support Office
301023,GIIM-J5SZ56,HP USB-C Dock G5,Dock,5CH0J5SZ56,AT12044,In Use,james.robinson@giim-test.local,Operations,Support Office
301024,GIIM-A3954K,Dell Latitude 7440,Laptop,DLFRA3954K,AT12045,In Use,zoe.campbell2@giim-test.local,Finance,Support Office
301025,GIIM-9DGCF9,Apple iPhone 15,Phone,F2LW9DGCF9,AT12046,In Use,zoe.campbell2@giim-test.local,Finance,Support Office
301026,GIIM-YDKKW2,Lenovo ThinkPad Universal USB-C Dock,Dock,ZK7YYDKKW2,AT12048,In Use,zoe.campbell2@giim-test.local,Finance,Support Office
301027,GIIM-8X5PT2,Lenovo ThinkPad X1 Carbon Gen 11,Laptop,PWWZ8X5PT2,AT12049,In Use,harrison.kaur2@giim-test.local,Marketing,Support Office
301028,GIIM-7CLAKB,Samsung Galaxy S24,Phone,R5C37CLAKB,AT12050,In Use,harrison.kaur2@giim-test.local,Marketing,Support Office
301029,GIIM-H50B8J,HP EliteBook 840 G10,Laptop,5CGGH50B8J,AT12053,In Use,lucas.white@giim-test.local,Procurement,Support Office
301030,GIIM-WHUVPZ,Apple iPhone 15,Phone,F2L2WHUVPZ,AT12057,In Use,jack.brown@giim-test.local,Marketing,Support Office
301031,GIIM-4J8W46,Dell P2723DE,Monitor,CN0F4J8W46,AT12058,In Use,jack.brown@giim-test.local,Marketing,Support Office
301032,GIIM-DSRC94,HP USB-C Dock G5,Dock,5CHBDSRC94,AT12059,In Use,jack.brown@giim-test.local,Marketing,Support Office
301033,GIIM-25B01J,HP E24 G5,Monitor,3CMB25B01J,AT12062,In Use,grace.white2@giim-test.local,Marketing,Support Office
301034,GIIM-J0MS0A,HP USB-C Dock G5,Dock,5CHTJ0MS0A,AT12063,In Use,grace.white2@giim-test.local,Marketing,Support Office
301035,GIIM-F0MWGM,Lenovo ThinkPad X1 Carbon Gen 11,Laptop,PWJ7F0MWGM,AT12064,In Use,aisha.smith@giim-test.local,Human Resources,Support Office
301036,GIIM-JZAQSJ,HP E24 G5,Monitor,3CMVJZAQSJ,AT12066,In Use,ethan.murphy@giim-test.local,Human Resources,Support Office
301037,GIIM-7Q2U2W,Dell Latitude 7440,Laptop,DLCX7Q2U2W,AT12068,In Use,william.thompson@giim-test.local,Procurement,Support Office
301038,GIIM-D68SVH,Samsung Galaxy S24,Phone,R5CTD68SVH,AT12069,In Use,william.thompson@giim-test.local,Procurement,Support Office
301039,GIIM-TNZWH7,HP EliteBook 840 G10,Laptop,5CG0TNZWH7,AT12072,In Use,harper.johnson@giim-test.local,Supply Chain,Distribution Centre
301040,GIIM-5VNA5M,Apple iPhone 15,Phone,F2LR5VNA5M,AT12073,In Use,harper.johnson@giim-test.local,Supply Chain,Distribution Centre
301041,GIIM-R3JS92,Samsung Galaxy S24,Phone,R5CMR3JS92,AT12076,In Use,hunter.brown2@giim-test.local,Marketing,Support Office
301042,GIIM-XH3PR4,Dell P2723DE,Monitor,CN0EXH3PR4,AT12077,In Store,hunter.brown2@giim-test.local,Marketing,Support Office
301043,GIIM-SQBF8N,HP EliteBook 860 G11,Laptop,5CD4SQBF8N,AT12079,In Use,priya.lee@giim-test.local,Procurement,Support Office
301044,GIIM-8BFC15,Lenovo ThinkPad Universal USB-C Dock,Dock,ZK5T8BFC15,AT12085,In Use,isla.wang@giim-test.local,Property,Support Office
301045,GIIM-P2P8CW,HP EliteBook 840 G10,Laptop,5CGYP2P8CW,AT12086,In Use,olivia.patel@giim-test.local,Property,Support Office
301046,GIIM-NPW8LY,Samsung Galaxy S24,Phone,R5CANPW8LY,AT12087,In Use,olivia.patel@giim-test.local,Property,Support Office
301047,GIIM-4DYMFR,HP EliteBook 860 G11,Laptop,5CDU4DYMFR,AT12089,In Use,isla.taylor@giim-test.local,Executive,Support Office
301048,GIIM-9FLHQ4,HP E24 G5,Monitor,3CMR9FLHQ4,AT12091,In Use,isla.taylor@giim-test.local,Executive,Support Office
301049,GIIM-TD654P,Apple iPhone 15,Phone,F2LLTD654P,AT12093,In Use,matilda.nguyen2@giim-test.local,Logistics,Distribution Centre
301050,GIIM-VEZ45H,Dell P2723DE,Monitor,CN0LVEZ45H,AT12094,In Use,matilda.nguyen2@giim-test.local,Logistics,Distribution Centre
301051,GIIM-G2441Q,HP EliteBook 860 G11,Laptop,5CD1G2441Q,AT12095,In Use,matilda.williams@giim-test.local,Human Resources,Support Office
301052,GIIM-Q0CDZ5,Dell P2723DE,Monitor,CN0VQ0CDZ5,AT12097,In Use,matilda.williams@giim-test.local,Human Resources,Support Office
301053,GIIM-6SMVC8,Lenovo ThinkPad Universal USB-C Dock,Dock,ZK4N6SMVC8,AT12098,In Use,matilda.williams@giim-test.local,Human Resources,Support Office
301054,GIIM-YA445K,Samsung Galaxy S24,Phone,R5CFYA445K,AT12100,In Use,aisha.ryan@giim-test.local,Customer Service,Support Office
301055,GIIM-ES7B9L,Dell P2723DE,Monitor,CN06ES7B9L,AT12101,In Use,aisha.ryan@giim-test.local,Customer Service,Support Office
301056,GIIM-WCS09P,Lenovo ThinkPad Universal USB-C Dock,Dock,ZKFDWCS09P,AT12105,In Use,ava.lee@giim-test.local,Risk & Compliance,Support Office
301057,GIIM-DK3S42,Lenovo ThinkPad X1 Carbon Gen 11,Laptop,PWB9DK3S42,AT12106,In Use,isla.scott@giim-test.local,Merchandise,Support Office
301058,GIIM-0WUV2C,Apple iPhone 15,Phone,F2LV0WUV2C,AT12107,In Use,isla.scott@giim-test.local,Merchandise,Support Office
301059,GIIM-NCPDW1,Lenovo ThinkPad X1 Carbon Gen 11,Laptop,PWZFNCPDW1,AT12109,In Use,ethan.white2@giim-test.local,Sales,Support Office
301060,GIIM-RXV7SW,Lenovo ThinkPad Universal USB-C Dock,Dock,ZKABRXV7SW,AT12111,In Use,ethan.white2@giim-test.local,Sales,Support Office
301061,GIIM-SN84K3,Lenovo ThinkPad X1 Carbon Gen 11,Laptop,PWQFSN84K3,AT12112,In Use,charlotte.wilson2@giim-test.local,eCommerce,Support Office
301062,GIIM-6KLJV9,Samsung Galaxy S24,Phone,R5CC6KLJV9,AT12113,In Use,charlotte.wilson2@giim-test.local,eCommerce,Support Office
301063,GIIM-SRSMLK,HP USB-C Dock G5,Dock,5CHXSRSMLK,AT12117,In Use,wei.smith@giim-test.local,Executive,Support Office
301064,GIIM-VE12PJ,HP EliteBook 840 G10,Laptop,5CGNVE12PJ,AT12118,In Use,hunter.campbell3@giim-test.local,Health & Safety,Support Office
301065,GIIM-EDF7TC,Samsung Galaxy S24,Phone,R5C6EDF7TC,AT12119,In Use,hunter.campbell3@giim-test.local,Health & Safety,Support Office
301066,GIIM-S73J26,HP E24 G5,Monitor,3CMGS73J26,AT12120,In Use,hunter.campbell3@giim-test.local,Health & Safety,Support Office
301067,GIIM-TWMVY5,Lenovo ThinkPad Universal USB-C Dock,Dock,ZKU1TWMVY5,AT12121,In Use,hunter.campbell3@giim-test.local,Health & Safety,Support Office
301068,GIIM-4LSNKV,Dell Latitude 7440,Laptop,DLK74LSNKV,AT12122,In Use,oliver.anderson2@giim-test.local,Procurement,Support Office
301069,GIIM-LGML3M,Samsung Galaxy S24,Phone,R5CHLGML3M,AT12123,In Use,oliver.anderson2@giim-test.local,Procurement,Support Office
301070,GIIM-0THP9K,Apple iPhone 15,Phone,F2LC0THP9K,AT12126,In Use,aisha.wilson@giim-test.local,Operations,Support Office
301071,GIIM-0W80PQ,HP E24 G5,Monitor,3CM00W80PQ,AT12127,In Use,aisha.wilson@giim-test.local,Operations,Support Office
301072,GIIM-2TFYFD,Lenovo ThinkPad Universal USB-C Dock,Dock,ZKZ52TFYFD,AT12128,In Use,aisha.wilson@giim-test.local,Operations,Support Office
301073,GIIM-EUH7ZX,Lenovo ThinkPad T14 Gen 4,Laptop,PFGAEUH7ZX,AT12132,In Use,hunter.taylor@giim-test.local,Risk & Compliance,Support Office
301074,GIIM-H8USZC,HP EliteBook 860 G11,Laptop,5CD2H8USZC,AT12139,In Use,ella.lee@giim-test.local,Information Technology,Support Office
301075,GIIM-E728HD,Apple iPhone 15,Phone,F2LNE728HD,AT12140,In Use,ella.lee@giim-test.local,Information Technology,Support Office
301076,GIIM-0S7G9R,Samsung Galaxy S24,Phone,R5CJ0S7G9R,AT12143,In Use,wei.king@giim-test.local,Procurement,Support Office
301077,GIIM-VSY7Y8,Lenovo ThinkPad Universal USB-C Dock,Dock,ZKEFVSY7Y8,AT12144,In Use,wei.king@giim-test.local,Procurement,Support Office
301078,GIIM-8NQW7Y,HP EliteBook 860 G11,Laptop,5CD18NQW7Y,AT12145,In Use,mason.smith2@giim-test.local,Finance,Support Office
301079,GIIM-UQ4EEG,Apple iPhone 15,Phone,F2L1UQ4EEG,AT12146,In Use,mason.smith2@giim-test.local,Finance,Support Office
301080,GIIM-YRJHAS,Lenovo ThinkPad Universal USB-C Dock,Dock,ZKZQYRJHAS,AT12147,In Use,mason.smith2@giim-test.local,Finance,Support Office
301081,GIIM-QT084U,HP EliteBook 840 G10,Laptop,5CGMQT084U,AT12148,In Use,grace.nguyen3@giim-test.local,Merchandise,Support Office
301082,GIIM-8LR805,Apple iPhone 15,Phone,F2LN8LR805,AT12153,In Use,hiroshi.kaur3@giim-test.local,Supply Chain,Distribution Centre
301083,GIIM-DBFTLR,Samsung Galaxy S24,Phone,R5CCDBFTLR,AT12156,In Store,mateo.lee@giim-test.local,Information Technology,Support Office
301084,GIIM-VCX60A,Lenovo ThinkPad T14 Gen 4,Laptop,PFHFVCX60A,AT12159,In Use,ella.williams@giim-test.local,Property,Support Office
301085,GIIM-M4KPHC,Apple iPhone 15,Phone,F2LGM4KPHC,AT12160,In Use,ella.williams@giim-test.local,Property,Support Office
301086,GIIM-S96C8E,HP USB-C Dock G5,Dock,5CHGS96C8E,AT12161,In Use,ella.williams@giim-test.local,Property,Support Office
301087,GIIM-KG9ZJ0,Apple iPhone 15,Phone,F2L5KG9ZJ0,AT12163,In Use,sophie.walker@giim-test.local,Risk & Compliance,Support Office
301088,GIIM-WQAZJK,Dell P2723DE,Monitor,CN0GWQAZJK,AT12164,In Use,sophie.walker@giim-test.local,Risk & Compliance,Support Office
301089,GIIM-KLH26P,Lenovo ThinkPad X1 Carbon Gen 11,Laptop,PWHCKLH26P,AT12166,In Use,ruby.white@giim-test.local,eCommerce,Support Office
301090,GIIM-E9TF0S,Lenovo ThinkPad T14 Gen 4,Laptop,PF6VE9TF0S,AT12169,In Use,amelia.anderson@giim-test.local,Procurement,Support Office
301091,GIIM-RKAFQR,Apple iPhone 15,Phone,F2LHRKAFQR,AT12173,In Use,cooper.young@giim-test.local,Information Technology,Support Office
301092,GIIM-VWS12F,Dell Latitude 7440,Laptop,DLCNVWS12F,AT12179,In Use,james.martin2@giim-test.local,Legal,Support Office
301093,GIIM-P7WK40,Lenovo ThinkPad Universal USB-C Dock,Dock,ZKZ0P7WK40,AT12181,In Use,james.martin2@giim-test.local,Legal,Support Office
301094,GIIM-7U6402,Apple iPhone 15,Phone,F2LA7U6402,AT12183,In Use,tane.chen@giim-test.local,Payroll,Support Office
301095,GIIM-E7ZCYE,Samsung Galaxy S24,Phone,R5CQE7ZCYE,AT12187,In Use,oliver.smith@giim-test.local,eCommerce,Support Office
301096,GIIM-GBJ6SD,Apple iPhone 15,Phone,F2LEGBJ6SD,AT12190,In Use,sophie.taylor@giim-test.local,Information Technology,Support Office
301097,GIIM-EK5HX6,Lenovo ThinkPad Universal USB-C Dock,Dock,ZK1XEK5HX6,AT12191,In Use,sophie.taylor@giim-test.local,Information Technology,Support Office
301098,GIIM-WPE8TR,Lenovo ThinkPad X1 Carbon Gen 11,Laptop,PW19WPE8TR,AT12192,In Use,grace.smith@giim-test.local,Finance,Support Office
301099,GIIM-FDZ9NU,Apple iPad (10th gen),Tablet,DMP8FDZ9NU,AT12196,In Use,mason.wang2@giim-test.local,Facilities,Distribution Centre
301100,GIIM-RWGABB,Samsung Galaxy S24,Phone,R5CHRWGABB,AT12198,In Use,henry.lee4@giim-test.local,Executive,Support Office
301101,GIIM-JWG20V,HP USB-C Dock G5,Dock,5CHGJWG20V,AT12204,In Use,ethan.singh2@giim-test.local,Payroll,Support Office
301102,GIIM-8LB75G,Samsung Galaxy S24,Phone,R5CM8LB75G,AT12206,In Use,charlotte.young@giim-test.local,Risk & Compliance,Support Office
301103,GIIM-BQ2FL1,Dell P2723DE,Monitor,CN0VBQ2FL1,AT12207,In Use,charlotte.young@giim-test.local,Risk & Compliance,Support Office
301104,GIIM-NUCD21,Lenovo ThinkPad Universal USB-C Dock,Dock,ZKEFNUCD21,AT12208,In Use,charlotte.young@giim-test.local,Risk & Compliance,Support Office
301105,GIIM-F1M16J,Dell P2723DE,Monitor,CN0QF1M16J,AT12211,In Use,aisha.harris@giim-test.local,Payroll,Support Office
301106,GIIM-BHYHPZ,Lenovo ThinkPad X1 Carbon Gen 11,Laptop,PW4DBHYHPZ,AT12213,In Use,ella.taylor@giim-test.local,Health & Safety,Support Office
301107,GIIM-QGA682,Apple iPhone 15,Phone,F2LVQGA682,AT12214,In Use,ella.taylor@giim-test.local,Health & Safety,Support Office
301108,GIIM-7U951N,HP USB-C Dock G5,Dock,5CHW7U951N,AT12216,In Use,ella.taylor@giim-test.local,Health & Safety,Support Office
301109,GIIM-ADA4EH,Lenovo ThinkPad T14 Gen 4,Laptop,PFLTADA4EH,AT12220,In Use,tane.singh2@giim-test.local,Merchandise,Support Office
301110,GIIM-TAJAKL,Samsung Galaxy S24,Phone,R5CLTAJAKL,AT12221,In Use,tane.singh2@giim-test.local,Merchandise,Support Office
301111,GIIM-4MPLUW,Lenovo ThinkPad Universal USB-C Dock,Dock,ZKXF4MPLUW,AT12222,In Use,tane.singh2@giim-test.local,Merchandise,Support Office
301112,GIIM-KFH1RD,Lenovo ThinkPad T14 Gen 4,Laptop,PFD6KFH1RD,AT12223,In Use,cooper.patel3@giim-test.local,Sales,Support Office
301113,GIIM-EYW6H2,Apple iPhone 15,Phone,F2L7EYW6H2,AT12224,In Use,cooper.patel3@giim-test.local,Sales,Support Office
301114,GIIM-37LXBT,Apple iPhone 15,Phone,F2LL37LXBT,AT12228,In Use,liam.king@giim-test.local,Finance,Support Office
301115,GIIM-X89567,HP USB-C Dock G5,Dock,5CH9X89567,AT12229,In Use,liam.king@giim-test.local,Finance,Support Office
301116,GIIM-2NFQ2Y,Samsung Galaxy S24,Phone,R5CT2NFQ2Y,AT12231,In Use,noah.wang@giim-test.local,Health & Safety,Support Office
301117,GIIM-ZV4ZV4,Lenovo ThinkPad X1 Carbon Gen 11,Laptop,PWJJZV4ZV4,AT12237,In Use,charlotte.wilson3@giim-test.local,Property,Support Office
301118,GIIM-D5VSLT,Dell P2723DE,Monitor,CN0KD5VSLT,AT12239,In Use,charlotte.wilson3@giim-test.local,Property,Support Office
301119,GIIM-ZD44CJ,HP USB-C Dock G5,Dock,5CHYZD44CJ,AT12240,In Use,charlotte.wilson3@giim-test.local,Property,Support Office
301120,GIIM-3JQYC5,Apple iPhone 15,Phone,F2LV3JQYC5,AT12245,In Use,lucas.williams5@giim-test.local,Sales,Support Office
301121,GIIM-TQDN69,Dell P2723DE,Monitor,CN01TQDN69,AT12246,In Use,lucas.williams5@giim-test.local,Sales,Support Office
301122,GIIM-XPCR9W,Apple iPhone 15,Phone,F2LFXPCR9W,AT12249,In Use,mason.campbell2@giim-test.local,Merchandise,Support Office
301123,GIIM-1NNMTB,HP E24 G5,Monitor,3CMS1NNMTB,AT12250,In Use,mason.campbell2@giim-test.local,Merchandise,Support Office
301124,GIIM-FJJQKD,HP EliteBook 860 G11,Laptop,5CDVFJJQKD,AT12251,In Use,ella.brown@giim-test.local,Sales,Support Office
301125,GIIM-CTQD7R,HP USB-C Dock G5,Dock,5CHTCTQD7R,AT12253,In Use,ella.brown@giim-test.local,Sales,Support Office
301126,GIIM-9MHEJB,HP E24 G5,Monitor,3CMZ9MHEJB,AT12256,In Use,isla.wang2@giim-test.local,Legal,Support Office
301127,GIIM-T935E2,Lenovo ThinkPad Universal USB-C Dock,Dock,ZKL8T935E2,AT12257,In Use,isla.wang2@giim-test.local,Legal,Support Office
301128,GIIM-GBQH7V,Dell P2723DE,Monitor,CN01GBQH7V,AT12260,In Use,ella.walker2@giim-test.local,Legal,Support Office
301129,GIIM-JUTMB8,Lenovo ThinkPad X1 Carbon Gen 11,Laptop,PWGDJUTMB8,AT12263,In Use,oliver.brown@giim-test.local,Health & Safety,Support Office
301130,GIIM-MVGMV7,Apple iPhone 15,Phone,F2LNMVGMV7,AT12264,In Use,oliver.brown@giim-test.local,Health & Safety,Support Office
301131,GIIM-QBAGDM,HP E24 G5,Monitor,3CM7QBAGDM,AT12265,In Use,oliver.brown@giim-test.local,Health & Safety,Support Office
301132,GIIM-X34NAK,HP EliteBook 860 G11,Laptop,5CDEX34NAK,AT12266,In Use,charlotte.wang@giim-test.local,Data & Analytics,Support Office
301133,GIIM-S6F7FH,HP USB-C Dock G5,Dock,5CHYS6F7FH,AT12268,In Use,charlotte.wang@giim-test.local,Data & Analytics,Support Office
301134,GIIM-00X0Y7,Dell P2723DE,Monitor,CN0900X0Y7,AT12271,In Use,wei.anderson@giim-test.local,Customer Service,Support Office
301135,GIIM-XQJ7S6,Lenovo ThinkPad X1 Carbon Gen 11,Laptop,PWTXXQJ7S6,AT12272,In Use,liam.robinson@giim-test.local,Marketing,Support Office
301136,GIIM-PRXC74,HP USB-C Dock G5,Dock,5CH2PRXC74,AT12275,In Use,liam.robinson@giim-test.local,Marketing,Support Office
301137,GIIM-UA9SAG,Samsung Galaxy S24,Phone,R5CPUA9SAG,AT12277,In Use,hiroshi.martin@giim-test.local,Customer Service,Support Office
301138,GIIM-13VCPS,Samsung Galaxy S24,Phone,R5C213VCPS,AT12279,In Use,aisha.king@giim-test.local,Data & Analytics,Support Office
301139,GIIM-EKP4RY,Dell P2723DE,Monitor,CN00EKP4RY,AT12280,In Use,aisha.king@giim-test.local,Data & Analytics,Support Office
301140,GIIM-STRQ01,HP USB-C Dock G5,Dock,5CHXSTRQ01,AT12281,In Use,aisha.king@giim-test.local,Data & Analytics,Support Office
301141,GIIM-SGW1KG,HP EliteBook 860 G11,Laptop,5CDSSGW1KG,AT12282,In Use,mateo.lee2@giim-test.local,Information Technology,Support Office
301142,GIIM-3XUF5K,Samsung Galaxy S24,Phone,R5C73XUF5K,AT12283,In Use,mateo.lee2@giim-test.local,Information Technology,Support Office
301143,GIIM-FYAZV8,Dell P2723DE,Monitor,CN0YFYAZV8,AT12284,In Use,mateo.lee2@giim-test.local,Information Technology,Support Office
301144,GIIM-C34RGG,HP USB-C Dock G5,Dock,5CHLC34RGG,AT12285,In Use,oliver.mitchell@giim-test.local,Information Technology,Support Office
301145,GIIM-R09459,Dell Latitude 7440,Laptop,DLCFR09459,AT12286,In Use,cooper.clarke@giim-test.local,Payroll,Support Office
301146,GIIM-R98JE3,Apple iPhone 15,Phone,F2LUR98JE3,AT12287,In Use,cooper.clarke@giim-test.local,Payroll,Support Office
301147,GIIM-HMQ9EC,HP E24 G5,Monitor,3CM6HMQ9EC,AT12288,In Use,cooper.clarke@giim-test.local,Payroll,Support Office
301148,GIIM-NUQ25R,Dell P2723DE,Monitor,CN0BNUQ25R,AT12291,In Use,harrison.kaur3@giim-test.local,Legal,Support Office
301149,GIIM-X5SQXB,HP USB-C Dock G5,Dock,5CHMX5SQXB,AT12292,In Use,harrison.kaur3@giim-test.local,Legal,Support Office
301150,GIIM-HGEN90,Samsung Galaxy S24,Phone,R5CTHGEN90,AT12294,In Use,amelia.nguyen2@giim-test.local,Marketing,Support Office
301151,GIIM-61TMX1,Lenovo ThinkPad X1 Carbon Gen 11,Laptop,PWSU61TMX1,AT12296,In Use,liam.robinson2@giim-test.local,Sales,Support Office
301152,GIIM-3PZMBX,Samsung Galaxy S24,Phone,R5C93PZMBX,AT12297,In Use,liam.robinson2@giim-test.local,Sales,Support Office
301153,GIIM-N1M2NJ,HP E24 G5,Monitor,3CMRN1M2NJ,AT12298,In Use,liam.robinson2@giim-test.local,Sales,Support Office
301154,GIIM-1Y0WSJ,Lenovo ThinkPad Universal USB-C Dock,Dock,ZKPN1Y0WSJ,AT12299,In Use,liam.robinson2@giim-test.local,Sales,Support Office
301155,GIIM-4AJF7X,HP EliteBook 860 G11,Laptop,5CDY4AJF7X,AT12300,In Use,grace.campbell3@giim-test.local,Customer Service,Support Office
301156,GIIM-VPD32N,HP USB-C Dock G5,Dock,5CH1VPD32N,AT12303,In Use,grace.campbell3@giim-test.local,Customer Service,Support Office
301157,GIIM-3M0F9U,Lenovo ThinkPad X1 Carbon Gen 11,Laptop,PWC83M0F9U,AT12304,In Store,ella.kelly2@giim-test.local,Operations,Support Office
301158,GIIM-1ERCGM,Lenovo ThinkPad X1 Carbon Gen 11,Laptop,PW3R1ERCGM,AT12307,In Use,ella.young2@giim-test.local,Information Technology,Support Office
301159,GIIM-BBMWGK,Apple iPhone 15,Phone,F2LDBBMWGK,AT12308,In Use,ella.young2@giim-test.local,Information Technology,Support Office
301160,GIIM-22ZE2A,Dell P2723DE,Monitor,CN0622ZE2A,AT12309,In Use,ella.young2@giim-test.local,Information Technology,Support Office
301161,GIIM-2PSEAZ,Samsung Galaxy S24,Phone,R5CQ2PSEAZ,AT12312,In Use,noah.brown2@giim-test.local,Executive,Support Office
301162,GIIM-CL0KNX,Lenovo ThinkPad X1 Carbon Gen 11,Laptop,PW49CL0KNX,AT12313,In Use,isla.young@giim-test.local,Payroll,Support Office
301163,GIIM-EYB0SV,Dell P2723DE,Monitor,CN0ZEYB0SV,AT12315,In Use,isla.young@giim-test.local,Payroll,Support Office
301164,GIIM-ZY7G2K,Apple iPhone 15,Phone,F2LKZY7G2K,AT12318,In Use,arjun.clarke2@giim-test.local,Executive,Support Office
301165,GIIM-42JJRF,Dell Latitude 7440,Laptop,DL5M42JJRF,AT12320,In Use,mei.nguyen3@giim-test.local,Property,Support Office
301166,GIIM-H3EM5G,Samsung Galaxy S24,Phone,R5C4H3EM5G,AT12321,In Use,mei.nguyen3@giim-test.local,Property,Support Office
301167,GIIM-77JV63,Dell P2723DE,Monitor,CN0A77JV63,AT12326,In Use,grace.white3@giim-test.local,Finance,Support Office
301168,GIIM-UJ42JV,Lenovo ThinkPad Universal USB-C Dock,Dock,ZK67UJ42JV,AT12327,In Use,grace.white3@giim-test.local,Finance,Support Office
301169,GIIM-MCTHR9,HP EliteBook 840 G10,Laptop,5CGJMCTHR9,AT12328,In Use,isla.king@giim-test.local,Marketing,Support Office
301170,GIIM-UEQLCD,Samsung Galaxy S24,Phone,R5C6UEQLCD,AT12329,In Use,isla.king@giim-test.local,Marketing,Support Office
301171,GIIM-H4ZCPD,HP USB-C Dock G5,Dock,5CHVH4ZCPD,AT12330,In Use,isla.king@giim-test.local,Marketing,Support Office
301172,GIIM-QBH7S8,Lenovo ThinkPad Universal USB-C Dock,Dock,ZKKYQBH7S8,AT12334,In Use,harper.mitchell@giim-test.local,Property,Support Office
301173,GIIM-WPHZAY,Lenovo ThinkPad X1 Carbon Gen 11,Laptop,PWU5WPHZAY,AT12335,In Use,henry.murphy@giim-test.local,Information Technology,Support Office
301174,GIIM-KYU7DT,Apple iPhone 15,Phone,F2L9KYU7DT,AT12336,In Use,henry.murphy@giim-test.local,Information Technology,Support Office
301175,GIIM-KWX3NA,Lenovo ThinkPad X1 Carbon Gen 11,Laptop,PWGDKWX3NA,AT12338,In Use,mia.johnson2@giim-test.local,Finance,Support Office
301176,GIIM-6WZFPZ,Apple iPhone 15,Phone,F2LJ6WZFPZ,AT12339,In Use,mia.johnson2@giim-test.local,Finance,Support Office
301177,GIIM-BZX94C,Lenovo ThinkPad Universal USB-C Dock,Dock,ZK2DBZX94C,AT12341,In Use,mia.johnson2@giim-test.local,Finance,Support Office
301178,GIIM-X8WCSE,Apple iPhone 15,Phone,F2LQX8WCSE,AT12343,In Use,liam.wilson3@giim-test.local,Procurement,Support Office
301179,GIIM-C4RY62,HP USB-C Dock G5,Dock,5CH5C4RY62,AT12345,In Use,liam.wilson3@giim-test.local,Procurement,Support Office
301180,GIIM-7A9PP9,HP USB-C Dock G5,Dock,5CH57A9PP9,AT12348,In Use,cooper.taylor2@giim-test.local,Procurement,Support Office
301181,GIIM-412LBH,Dell Latitude 7440,Laptop,DLHA412LBH,AT12349,In Use,william.thompson2@giim-test.local,Sales,Support Office
301182,GIIM-H1UEYF,Apple iPhone 15,Phone,F2L3H1UEYF,AT12350,In Use,william.thompson2@giim-test.local,Sales,Support Office
301183,GIIM-NJSGVU,HP E24 G5,Monitor,3CM3NJSGVU,AT12351,In Use,william.thompson2@giim-test.local,Sales,Support Office
301184,GIIM-60FRJN,HP EliteBook 840 G10,Laptop,5CG160FRJN,AT12352,In Use,amelia.chen@giim-test.local,Risk & Compliance,Support Office
301185,GIIM-LK6MC8,Dell P2723DE,Monitor,CN03LK6MC8,AT12354,In Use,wei.walker2@giim-test.local,Risk & Compliance,Support Office
301186,GIIM-16WQSK,Lenovo ThinkPad X1 Carbon Gen 11,Laptop,PWNN16WQSK,AT12356,In Use,noah.ryan@giim-test.local,Data & Analytics,Support Office
301187,GIIM-Q7DQLQ,Apple iPhone 15,Phone,F2L5Q7DQLQ,AT12357,In Use,noah.ryan@giim-test.local,Data & Analytics,Support Office
301188,GIIM-MSWTY0,HP EliteBook 840 G10,Laptop,5CGFMSWTY0,AT12360,In Use,leo.brown3@giim-test.local,Risk & Compliance,Support Office
301189,GIIM-R39LAF,Dell P2723DE,Monitor,CN0UR39LAF,AT12362,In Use,leo.brown3@giim-test.local,Risk & Compliance,Support Office
301190,GIIM-24YPVX,HP USB-C Dock G5,Dock,5CHT24YPVX,AT12363,In Use,leo.brown3@giim-test.local,Risk & Compliance,Support Office
301191,GIIM-M908GQ,HP EliteBook 840 G10,Laptop,5CGUM908GQ,AT12364,In Use,hiroshi.harris@giim-test.local,Information Technology,Support Office
301192,GIIM-ZRAH3X,Samsung Galaxy S24,Phone,R5CVZRAH3X,AT12365,In Use,hiroshi.harris@giim-test.local,Information Technology,Support Office
301193,GIIM-L1LE70,HP E24 G5,Monitor,3CMML1LE70,AT12366,In Use,hiroshi.harris@giim-test.local,Information Technology,Support Office
301194,GIIM-4WAE4J,HP EliteBook 860 G11,Laptop,5CDC4WAE4J,AT12367,In Use,ava.brown@giim-test.local,Merchandise,Support Office
301195,GIIM-1ZX3M3,Apple iPhone 15,Phone,F2L41ZX3M3,AT12368,In Use,olivia.jones@giim-test.local,Merchandise,Support Office
301196,GIIM-UXSTVB,Apple iPhone 15,Phone,F2LSUXSTVB,AT12371,In Use,ella.williams2@giim-test.local,Information Technology,Support Office
301197,GIIM-71YLB5,Dell P2723DE,Monitor,CN0W71YLB5,AT12372,In Use,ella.williams2@giim-test.local,Information Technology,Support Office
301198,GIIM-2R0YXE,Samsung Galaxy S24,Phone,R5C32R0YXE,AT12374,In Use,mei.harris@giim-test.local,Property,Support Office
301199,GIIM-5RCAJ5,HP E24 G5,Monitor,3CMV5RCAJ5,AT12375,In Use,mei.harris@giim-test.local,Property,Support Office
301200,GIIM-1YEG4R,Dell Latitude 7440,Laptop,DLSM1YEG4R,AT12381,In Use,fatima.kaur2@giim-test.local,Legal,Support Office
301201,GIIM-M9KE31,Samsung Galaxy S24,Phone,R5CGM9KE31,AT12382,In Use,fatima.kaur2@giim-test.local,Legal,Support Office
301202,GIIM-ESPRKY,HP USB-C Dock G5,Dock,5CHDESPRKY,AT12384,In Use,fatima.kaur2@giim-test.local,Legal,Support Office
301203,GIIM-SSDQUV,Lenovo ThinkPad T14 Gen 4,Laptop,PFA7SSDQUV,AT12385,In Use,ethan.scott@giim-test.local,Executive,Support Office
301204,GIIM-GEPNHE,Apple iPhone 15,Phone,F2LKGEPNHE,AT12386,In Use,ethan.scott@giim-test.local,Executive,Support Office
301205,GIIM-PD0L83,HP USB-C Dock G5,Dock,5CH6PD0L83,AT12387,In Use,ethan.scott@giim-test.local,Executive,Support Office
301206,GIIM-GFTKU4,Lenovo ThinkPad T14 Gen 4,Laptop,PFN7GFTKU4,AT12390,In Use,liam.martin2@giim-test.local,Payroll,Support Office
301207,GIIM-YHG6PW,HP E24 G5,Monitor,3CMYYHG6PW,AT12392,In Use,liam.martin2@giim-test.local,Payroll,Support Office
301208,GIIM-3DL12F,Apple iPhone 15,Phone,F2LC3DL12F,AT12395,In Use,zoe.singh2@giim-test.local,eCommerce,Support Office
301209,GIIM-A5KB75,Dell Latitude 7440,Laptop,DLR9A5KB75,AT12397,In Use,matilda.kaur3@giim-test.local,Risk & Compliance,Support Office
301210,GIIM-WNWKCK,Samsung Galaxy S24,Phone,R5CBWNWKCK,AT12398,In Use,liam.campbell2@giim-test.local,Risk & Compliance,Support Office
301211,GIIM-GL34FY,HP EliteBook 840 G10,Laptop,5CGBGL34FY,AT12399,In Use,ava.smith@giim-test.local,Finance,Support Office
301212,GIIM-NEK6SE,Apple iPhone 15,Phone,F2LENEK6SE,AT12400,In Use,ava.smith@giim-test.local,Finance,Support Office
301213,GIIM-5NVXN7,HP E24 G5,Monitor,3CM55NVXN7,AT12401,In Use,ava.smith@giim-test.local,Finance,Support Office
301214,GIIM-G8V74C,HP USB-C Dock G5,Dock,5CH1G8V74C,AT12402,In Use,ava.smith@giim-test.local,Finance,Support Office
301215,GIIM-S689KY,Lenovo ThinkPad X1 Carbon Gen 11,Laptop,PW53S689KY,AT12403,In Use,harper.wang2@giim-test.local,Merchandise,Support Office
301216,GIIM-M37QVN,Dell P2723DE,Monitor,CN06M37QVN,AT12405,In Use,harper.wang2@giim-test.local,Merchandise,Support Office
301217,GIIM-F1SU9U,HP E24 G5,Monitor,3CMZF1SU9U,AT12408,In Use,sophie.thompson@giim-test.local,Customer Service,Support Office
301218,GIIM-G6QD7D,Lenovo ThinkPad Universal USB-C Dock,Dock,ZK23G6QD7D,AT12413,In Use,sophie.taylor2@giim-test.local,Marketing,Support Office
301219,GIIM-38LMK0,Lenovo ThinkPad X1 Carbon Gen 11,Laptop,PWQA38LMK0,AT12414,In Use,charlotte.harris@giim-test.local,Finance,Support Office
301220,GIIM-J39EHJ,Apple iPad (10th gen),Tablet,DMP1J39EHJ,AT12417,In Use,olivia.murphy2@giim-test.local,Facilities,Distribution Centre
301221,GIIM-B1WW8M,HP EliteBook 860 G11,Laptop,5CD9B1WW8M,AT12418,In Use,grace.anderson@giim-test.local,Customer Service,Support Office
301222,GIIM-S3P6AS,Lenovo ThinkPad Universal USB-C Dock,Dock,ZKMBS3P6AS,AT12420,In Use,grace.anderson@giim-test.local,Customer Service,Support Office
301223,GIIM-VLJ7XG,Dell Latitude 7440,Laptop,DLTXVLJ7XG,AT12421,In Use,mason.harris2@giim-test.local,Finance,Support Office
301224,GIIM-SRYUM9,Samsung Galaxy S24,Phone,R5C6SRYUM9,AT12422,In Use,mason.harris2@giim-test.local,Finance,Support Office
301225,GIIM-ED3BKN,HP USB-C Dock G5,Dock,5CHVED3BKN,AT12424,In Use,mason.harris2@giim-test.local,Finance,Support Office
301226,GIIM-DLLEAN,HP EliteBook 840 G10,Laptop,5CGHDLLEAN,AT12425,In Use,ava.walker2@giim-test.local,eCommerce,Support Office
301227,GIIM-2FSF1T,Apple iPhone 15,Phone,F2LU2FSF1T,AT12433,In Use,grace.king@giim-test.local,Marketing,Support Office
301228,GIIM-77LHV6,Lenovo ThinkPad Universal USB-C Dock,Dock,ZK4J77LHV6,AT12435,In Use,grace.king@giim-test.local,Marketing,Support Office
301229,GIIM-RS3GAP,Samsung Galaxy S24,Phone,R5CDRS3GAP,AT12437,In Use,jack.wilson@giim-test.local,Sales,Support Office
301230,GIIM-3KDM4M,Dell Latitude 7440,Laptop,DLWR3KDM4M,AT12439,In Use,leo.robinson2@giim-test.local,Sales,Support Office
301231,GIIM-DTERQT,Apple iPhone 15,Phone,F2L0DTERQT,AT12440,In Use,leo.robinson2@giim-test.local,Sales,Support Office
301232,GIIM-4B966C,Lenovo ThinkPad T14 Gen 4,Laptop,PFGM4B966C,AT12442,In Store,thomas.taylor@giim-test.local,Data & Analytics,Support Office
301233,GIIM-6GL3WN,Lenovo ThinkPad Universal USB-C Dock,Dock,ZKK86GL3WN,AT12445,In Store,thomas.taylor@giim-test.local,Data & Analytics,Support Office
301234,GIIM-WDW1ZD,Lenovo ThinkPad T14 Gen 4,Laptop,PFZEWDW1ZD,AT12449,In Use,harper.king@giim-test.local,Supply Chain,Distribution Centre
301235,GIIM-21FMEZ,Dell P2723DE,Monitor,CN0R21FMEZ,AT12451,In Use,harper.king@giim-test.local,Supply Chain,Distribution Centre
301236,GIIM-TMLKJG,HP USB-C Dock G5,Dock,5CHHTMLKJG,AT12452,In Use,harper.king@giim-test.local,Supply Chain,Distribution Centre
301237,GIIM-MYU6YA,Samsung Galaxy S24,Phone,R5CFMYU6YA,AT12454,In Use,isla.patel3@giim-test.local,Sales,Support Office
301238,GIIM-J7VDA4,HP E24 G5,Monitor,3CMXJ7VDA4,AT12458,In Use,oliver.kelly@giim-test.local,Legal,Support Office
301239,GIIM-62JJQ1,Lenovo ThinkPad Universal USB-C Dock,Dock,ZK3562JJQ1,AT12462,In Use,sophie.jones@giim-test.local,Sales,Support Office
301240,GIIM-NYWSBM,Lenovo ThinkPad T14 Gen 4,Laptop,PF3BNYWSBM,AT12463,In Use,harrison.lee2@giim-test.local,Finance,Support Office
301241,GIIM-WQ4EC0,Samsung Galaxy S24,Phone,R5CUWQ4EC0,AT12464,In Use,harrison.lee2@giim-test.local,Finance,Support Office
301242,GIIM-2PB0KG,HP USB-C Dock G5,Dock,5CHU2PB0KG,AT12466,In Use,harrison.lee2@giim-test.local,Finance,Support Office
301243,GIIM-4ELLMQ,Dell Latitude 7440,Laptop,DL1H4ELLMQ,AT12467,In Use,sophie.wilson@giim-test.local,Property,Support Office
301244,GIIM-BVTEN7,Samsung Galaxy S24,Phone,R5CMBVTEN7,AT12468,In Use,sophie.wilson@giim-test.local,Property,Support Office
301245,GIIM-KG13UV,Samsung Galaxy S24,Phone,R5CLKG13UV,AT12471,In Store,amelia.kelly@giim-test.local,Facilities,Distribution Centre
301246,GIIM-5M3S8L,Lenovo ThinkPad T14 Gen 4,Laptop,PF9U5M3S8L,AT12474,In Use,harrison.young@giim-test.local,Health & Safety,Support Office
301247,GIIM-GU9EYP,Apple iPhone 15,Phone,F2LNGU9EYP,AT12475,In Use,harrison.young@giim-test.local,Health & Safety,Support Office
301248,GIIM-8UL9NE,Lenovo ThinkPad Universal USB-C Dock,Dock,ZKVK8UL9NE,AT12476,In Use,harrison.young@giim-test.local,Health & Safety,Support Office
301249,GIIM-VNQBAU,HP E24 G5,Monitor,3CMDVNQBAU,AT12479,In Use,sophie.harris@giim-test.local,Merchandise,Support Office
301250,GIIM-M05HAW,HP EliteBook 840 G10,Laptop,5CGWM05HAW,AT12488,In Use,hunter.harris@giim-test.local,Customer Service,Support Office
301251,GIIM-GNLUH6,Samsung Galaxy S24,Phone,R5CCGNLUH6,AT12489,In Use,hunter.harris@giim-test.local,Customer Service,Support Office
301252,GIIM-HY1T45,Dell Latitude 7440,Laptop,DL3GHY1T45,AT12492,In Use,amelia.johnson4@giim-test.local,eCommerce,Support Office
301253,GIIM-EXU37M,HP E24 G5,Monitor,3CMVEXU37M,AT12494,In Use,amelia.johnson4@giim-test.local,eCommerce,Support Office
301254,GIIM-2J31WP,HP USB-C Dock G5,Dock,5CHG2J31WP,AT12495,In Use,amelia.johnson4@giim-test.local,eCommerce,Support Office
301255,GIIM-VLBLEV,Apple iPhone 15,Phone,F2LDVLBLEV,AT12497,In Use,harrison.wang2@giim-test.local,Sales,Support Office
301256,GIIM-M7KYDB,Dell P2723DE,Monitor,CN0KM7KYDB,AT12498,In Use,harrison.wang2@giim-test.local,Sales,Support Office
301257,GIIM-7UNJV5,Dell Latitude 7440,Laptop,DL6Y7UNJV5,AT12503,In Use,jack.patel2@giim-test.local,Data & Analytics,Support Office
301258,GIIM-UFZKJQ,Lenovo ThinkPad Universal USB-C Dock,Dock,ZKHDUFZKJQ,AT12506,In Use,jack.patel2@giim-test.local,Data & Analytics,Support Office
301259,GIIM-00YZKT,HP EliteBook 840 G10,Laptop,5CG700YZKT,AT12507,In Use,olivia.walker@giim-test.local,Facilities,Distribution Centre
301260,GIIM-7NWCBX,Samsung Galaxy S24,Phone,R5C27NWCBX,AT12508,In Use,olivia.walker@giim-test.local,Facilities,Distribution Centre
301261,GIIM-XMW2DH,Dell Latitude 7440,Laptop,DLDTXMW2DH,AT12511,In Use,fatima.harris@giim-test.local,Executive,Support Office
301262,GIIM-48Q762,Lenovo ThinkPad X1 Carbon Gen 11,Laptop,PWCR48Q762,AT12522,In Use,liam.ryan@giim-test.local,Health & Safety,Support Office
301263,GIIM-3FGBFN,Apple iPhone 15,Phone,F2LT3FGBFN,AT12523,In Use,liam.ryan@giim-test.local,Health & Safety,Support Office
301264,GIIM-JAA99R,HP E24 G5,Monitor,3CM8JAA99R,AT12524,In Use,liam.ryan@giim-test.local,Health & Safety,Support Office
301265,GIIM-09A819,Lenovo ThinkPad T14 Gen 4,Laptop,PF9G09A819,AT12526,In Use,harper.singh@giim-test.local,Merchandise,Support Office
301266,GIIM-0MBR49,Samsung Galaxy S24,Phone,R5CJ0MBR49,AT12527,In Use,harper.singh@giim-test.local,Merchandise,Support Office
301267,GIIM-LQK6JQ,Lenovo ThinkPad T14 Gen 4,Laptop,PFAVLQK6JQ,AT12531,In Use,harper.ryan@giim-test.local,Finance,Support Office
301268,GIIM-ND5WHF,Dell P2723DE,Monitor,CN0KND5WHF,AT12533,In Use,harper.ryan@giim-test.local,Finance,Support Office
301269,GIIM-EYZAZQ,HP USB-C Dock G5,Dock,5CHYEYZAZQ,AT12534,In Use,harper.ryan@giim-test.local,Finance,Support Office
301270,GIIM-UU623F,HP EliteBook 860 G11,Laptop,5CDQUU623F,AT12535,In Use,sophie.campbell2@giim-test.local,Procurement,Support Office
301271,GIIM-WE2ED0,Apple iPhone 15,Phone,F2LHWE2ED0,AT12536,In Use,sophie.campbell2@giim-test.local,Procurement,Support Office
301272,GIIM-U5K53U,HP EliteBook 860 G11,Laptop,5CD8U5K53U,AT12538,In Use,noah.patel@giim-test.local,Human Resources,Support Office
301273,GIIM-Q96AC9,Samsung Galaxy S24,Phone,R5C4Q96AC9,AT12539,In Use,noah.patel@giim-test.local,Human Resources,Support Office
301274,GIIM-J1R95T,HP USB-C Dock G5,Dock,5CH8J1R95T,AT12541,In Use,noah.patel@giim-test.local,Human Resources,Support Office
301275,GIIM-3C5LHN,HP E24 G5,Monitor,3CML3C5LHN,AT12544,In Use,hunter.ryan2@giim-test.local,Merchandise,Support Office
301276,GIIM-6FRWCF,Apple iPhone 15,Phone,F2LT6FRWCF,AT12547,In Use,liam.campbell2@giim-test.local,Human Resources,Support Office
301277,GIIM-8BXUFE,Apple iPhone 15,Phone,F2LC8BXUFE,AT12551,In Use,ava.taylor@giim-test.local,Health & Safety,Support Office
301278,GIIM-GW5L75,Dell P2723DE,Monitor,CN0BGW5L75,AT12552,In Use,ava.taylor@giim-test.local,Health & Safety,Support Office
301279,GIIM-DMVCSL,HP E24 G5,Monitor,3CMQDMVCSL,AT12555,In Use,wei.young@giim-test.local,Risk & Compliance,Support Office
301280,GIIM-532KT7,HP USB-C Dock G5,Dock,5CHF532KT7,AT12556,In Use,wei.young@giim-test.local,Risk & Compliance,Support Office
301281,GIIM-13R0ZA,Samsung Galaxy S24,Phone,R5C213R0ZA,AT12558,In Use,thomas.anderson@giim-test.local,Facilities,Distribution Centre
301282,GIIM-XCC0QY,HP E24 G5,Monitor,3CMGXCC0QY,AT12559,In Use,thomas.anderson@giim-test.local,Facilities,Distribution Centre
301283,GIIM-AASBHD,HP EliteBook 860 G11,Laptop,5CDYAASBHD,AT12561,In Use,priya.clarke@giim-test.local,Payroll,Support Office
301284,GIIM-630QWK,Lenovo ThinkPad T14 Gen 4,Laptop,PFDM630QWK,AT12565,In Use,jack.lee3@giim-test.local,Operations,Support Office
301285,GIIM-2YTHL4,HP E24 G5,Monitor,3CMD2YTHL4,AT12567,In Use,jack.lee3@giim-test.local,Operations,Support Office
301286,GIIM-URE2SB,Dell Latitude 7440,Laptop,DL4CURE2SB,AT12568,In Use,ella.jones2@giim-test.local,Property,Support Office
301287,GIIM-1WJA07,Dell Latitude 7440,Laptop,DLL81WJA07,AT12572,In Use,ella.thompson2@giim-test.local,Finance,Support Office
301288,GIIM-S2U25L,Apple iPhone 15,Phone,F2LBS2U25L,AT12573,In Use,ella.thompson2@giim-test.local,Finance,Support Office
301289,GIIM-V8KK6L,Lenovo ThinkPad T14 Gen 4,Laptop,PF38V8KK6L,AT12576,In Use,leo.harris@giim-test.local,Risk & Compliance,Support Office
301290,GIIM-YCYBNZ,Samsung Galaxy S24,Phone,R5CVYCYBNZ,AT12577,In Use,leo.harris@giim-test.local,Risk & Compliance,Support Office
301291,GIIM-UG6TH7,Lenovo ThinkPad X1 Carbon Gen 11,Laptop,PWPSUG6TH7,AT12578,In Use,tane.king@giim-test.local,Property,Support Office
301292,GIIM-QJX60W,Dell P2723DE,Monitor,CN04QJX60W,AT12580,In Use,tane.king@giim-test.local,Property,Support Office
301293,GIIM-P15ABQ,Lenovo ThinkPad T14 Gen 4,Laptop,PFE5P15ABQ,AT12581,In Use,tane.scott@giim-test.local,Customer Service,Support Office
301294,GIIM-BMVQK8,HP USB-C Dock G5,Dock,5CH9BMVQK8,AT12588,In Use,harper.lee3@giim-test.local,Merchandise,Support Office
301295,GIIM-U7QJFW,HP EliteBook 840 G10,Laptop,5CGNU7QJFW,AT12589,In Use,sophie.martin3@giim-test.local,Executive,Support Office
301296,GIIM-9HZ8TM,HP E24 G5,Monitor,3CMV9HZ8TM,AT12591,In Use,sophie.martin3@giim-test.local,Executive,Support Office
301297,GIIM-ARHUW6,Lenovo ThinkPad Universal USB-C Dock,Dock,ZKTRARHUW6,AT12592,In Use,sophie.martin3@giim-test.local,Executive,Support Office
301298,GIIM-D7JLAM,Lenovo ThinkPad T14 Gen 4,Laptop,PFC8D7JLAM,AT12593,In Use,wei.brown@giim-test.local,Finance,Support Office
301299,GIIM-F59765,Samsung Galaxy S24,Phone,R5CXF59765,AT12594,In Use,wei.brown@giim-test.local,Finance,Support Office
301300,GIIM-ZWS5UH,HP USB-C Dock G5,Dock,5CH6ZWS5UH,AT12596,In Use,wei.brown@giim-test.local,Finance,Support Office
301301,GIIM-B8AN8V,HP E24 G5,Monitor,3CMUB8AN8V,AT12599,In Use,mateo.harris2@giim-test.local,Facilities,Distribution Centre
301302,GIIM-0V0JW0,Lenovo ThinkPad X1 Carbon Gen 11,Laptop,PW1Z0V0JW0,AT12601,In Use,hiroshi.lee@giim-test.local,Sales,Support Office
301303,GIIM-RJHSFF,Samsung Galaxy S24,Phone,R5CMRJHSFF,AT12602,In Use,hiroshi.lee@giim-test.local,Sales,Support Office
301304,GIIM-M14AWA,HP E24 G5,Monitor,3CM3M14AWA,AT12603,In Use,hiroshi.lee@giim-test.local,Sales,Support Office
301305,GIIM-JHMBYK,Lenovo ThinkPad Universal USB-C Dock,Dock,ZKXNJHMBYK,AT12604,In Use,hiroshi.lee@giim-test.local,Sales,Support Office
301306,GIIM-APTULA,HP EliteBook 840 G10,Laptop,5CG5APTULA,AT12608,In Use,amelia.wang@giim-test.local,Data & Analytics,Support Office
301307,GIIM-8AKV2M,Apple iPhone 15,Phone,F2LW8AKV2M,AT12609,In Use,amelia.wang@giim-test.local,Data & Analytics,Support Office
301308,GIIM-PVGH5W,HP USB-C Dock G5,Dock,5CHUPVGH5W,AT12610,In Use,amelia.wang@giim-test.local,Data & Analytics,Support Office
301309,GIIM-VJ40SV,HP EliteBook 840 G10,Laptop,5CGQVJ40SV,AT12615,In Use,leo.robinson3@giim-test.local,Human Resources,Support Office
301310,GIIM-UHQUWK,Apple iPhone 15,Phone,F2LWUHQUWK,AT12616,In Use,leo.robinson3@giim-test.local,Human Resources,Support Office
301311,GIIM-CB5BP8,Lenovo ThinkPad Universal USB-C Dock,Dock,ZK1ECB5BP8,AT12621,In Use,ethan.murphy@giim-test.local,eCommerce,Support Office
301312,GIIM-ABC7DZ,Lenovo ThinkPad T14 Gen 4,Laptop,PF0VABC7DZ,AT12622,In Use,mei.lee4@giim-test.local,Procurement,Support Office
301313,GIIM-5R7EH0,Dell P2723DE,Monitor,CN0H5R7EH0,AT12624,In Use,mei.lee4@giim-test.local,Procurement,Support Office
301314,GIIM-PG7GT0,Samsung Galaxy S24,Phone,R5CNPG7GT0,AT12626,In Use,amelia.singh@giim-test.local,Health & Safety,Support Office
301315,GIIM-V9Q3CT,HP E24 G5,Monitor,3CMWV9Q3CT,AT12627,In Use,amelia.singh@giim-test.local,Health & Safety,Support Office
301316,GIIM-73T87L,Lenovo ThinkPad Universal USB-C Dock,Dock,ZK2M73T87L,AT12628,In Use,amelia.singh@giim-test.local,Health & Safety,Support Office
301317,GIIM-Z5RJ98,Lenovo ThinkPad X1 Carbon Gen 11,Laptop,PWU7Z5RJ98,AT12629,In Use,james.singh@giim-test.local,Executive,Support Office
301318,GIIM-Z89F5H,Apple iPhone 15,Phone,F2L9Z89F5H,AT12630,In Use,james.singh@giim-test.local,Executive,Support Office
301319,GIIM-1ZSKVB,Lenovo ThinkPad Universal USB-C Dock,Dock,ZK951ZSKVB,AT12632,In Use,james.singh@giim-test.local,Executive,Support Office
301320,GIIM-RBMH5U,HP EliteBook 840 G10,Laptop,5CG3RBMH5U,AT12633,In Use,arjun.smith@giim-test.local,Risk & Compliance,Support Office
301321,GIIM-D15B0Y,Samsung Galaxy S24,Phone,R5CCD15B0Y,AT12634,In Use,arjun.smith@giim-test.local,Risk & Compliance,Support Office
301322,GIIM-410LQ7,Apple iPad (10th gen),Tablet,DMPA410LQ7,AT12637,In Use,harper.king2@giim-test.local,Supply Chain,Distribution Centre
301323,GIIM-MAZ9J3,Lenovo ThinkPad X1 Carbon Gen 11,Laptop,PW7UMAZ9J3,AT12638,In Use,charlotte.kaur@giim-test.local,Information Technology,Support Office
301324,GIIM-PN1R69,HP E24 G5,Monitor,3CMKPN1R69,AT12640,In Use,charlotte.kaur@giim-test.local,Information Technology,Support Office
301325,GIIM-YFKUAG,Samsung Galaxy S24,Phone,R5C0YFKUAG,AT12643,In Use,james.kelly@giim-test.local,Customer Service,Support Office
301326,GIIM-VKBYE2,Lenovo ThinkPad T14 Gen 4,Laptop,PFCEVKBYE2,AT12644,In Use,zoe.kaur@giim-test.local,Facilities,Distribution Centre
301327,GIIM-ZA3HUD,Apple iPhone 15,Phone,F2LNZA3HUD,AT12645,In Use,zoe.kaur@giim-test.local,Facilities,Distribution Centre
301328,GIIM-6PEY71,Dell P2723DE,Monitor,CN0D6PEY71,AT12646,In Use,zoe.kaur@giim-test.local,Facilities,Distribution Centre
301329,GIIM-975AP7,Lenovo ThinkPad X1 Carbon Gen 11,Laptop,PWV6975AP7,AT12648,In Use,harrison.young2@giim-test.local,Property,Support Office
301330,GIIM-1DW1N7,Apple iPhone 15,Phone,F2LM1DW1N7,AT12649,In Use,harrison.young2@giim-test.local,Property,Support Office
301331,GIIM-DLZ20F,Dell P2723DE,Monitor,CN0TDLZ20F,AT12650,In Use,harrison.young2@giim-test.local,Property,Support Office
301332,GIIM-2153UV,HP USB-C Dock G5,Dock,5CH92153UV,AT12651,In Use,fatima.singh@giim-test.local,Property,Support Office
301333,GIIM-VP6YZE,HP EliteBook 860 G11,Laptop,5CD0VP6YZE,AT12652,In Use,matilda.thompson@giim-test.local,Property,Support Office
301334,GIIM-QTLV7N,Apple iPhone 15,Phone,F2LAQTLV7N,AT12653,In Use,matilda.thompson@giim-test.local,Property,Support Office
301335,GIIM-C2PF3S,Lenovo ThinkPad Universal USB-C Dock,Dock,ZKK1C2PF3S,AT12654,In Use,oliver.nguyen@giim-test.local,Property,Support Office
301336,GIIM-THVKQK,Samsung Galaxy S24,Phone,R5CBTHVKQK,AT12656,In Use,emily.kaur2@giim-test.local,Data & Analytics,Support Office
301337,GIIM-EAK0UV,Apple iPhone 15,Phone,F2LKEAK0UV,AT12659,In Use,hunter.mitchell@giim-test.local,Finance,Support Office
301338,GIIM-NY07JS,Lenovo ThinkPad Universal USB-C Dock,Dock,ZKX5NY07JS,AT12661,In Use,hunter.mitchell@giim-test.local,Finance,Support Office
301339,GIIM-2MCKNV,HP EliteBook 860 G11,Laptop,5CDK2MCKNV,AT12662,In Use,amelia.murphy2@giim-test.local,Merchandise,Support Office
301340,GIIM-4NJRXP,Lenovo ThinkPad Universal USB-C Dock,Dock,ZKC24NJRXP,AT12664,In Use,amelia.murphy2@giim-test.local,Merchandise,Support Office
301341,GIIM-SHTALB,Apple iPhone 15,Phone,F2LNSHTALB,AT12666,In Store,charlotte.ryan@giim-test.local,Marketing,Support Office
301342,GIIM-QMF1QL,HP EliteBook 840 G10,Laptop,5CG8QMF1QL,AT12669,In Use,ella.walker3@giim-test.local,Payroll,Support Office
301343,GIIM-S7Y37V,Apple iPhone 15,Phone,F2LFS7Y37V,AT12670,In Use,ella.walker3@giim-test.local,Payroll,Support Office
301344,GIIM-Y773EW,Dell P2723DE,Monitor,CN0BY773EW,AT12674,In Store,zoe.lee@giim-test.local,Risk & Compliance,Support Office
301345,GIIM-Q01PYR,Samsung Galaxy S24,Phone,R5C8Q01PYR,AT12676,In Use,emily.chen@giim-test.local,Operations,Support Office
301346,GIIM-QKXV3Z,Dell P2723DE,Monitor,CN04QKXV3Z,AT12677,In Use,emily.chen@giim-test.local,Operations,Support Office
301347,GIIM-BHFQ8Q,Samsung Galaxy S24,Phone,R5CHBHFQ8Q,AT12680,In Use,arjun.young2@giim-test.local,Operations,Support Office
301348,GIIM-VDS6G5,Dell P2723DE,Monitor,CN0FVDS6G5,AT12681,In Use,arjun.young2@giim-test.local,Operations,Support Office
301349,GIIM-6NRWVM,Samsung Galaxy S24,Phone,R5C76NRWVM,AT12684,In Use,jack.robinson4@giim-test.local,Payroll,Support Office
301350,GIIM-9T2PA9,Dell P2723DE,Monitor,CN0D9T2PA9,AT12685,In Use,jack.robinson4@giim-test.local,Payroll,Support Office
301351,GIIM-PGN2Y0,HP USB-C Dock G5,Dock,5CHTPGN2Y0,AT12686,In Use,jack.robinson4@giim-test.local,Payroll,Support Office
301352,GIIM-9AUF6B,Samsung Galaxy S24,Phone,R5CZ9AUF6B,AT12688,In Use,noah.kelly2@giim-test.local,Payroll,Support Office
301353,GIIM-0HMJS4,Lenovo ThinkPad T14 Gen 4,Laptop,PFTR0HMJS4,AT12691,In Use,grace.ryan@giim-test.local,Sales,Support Office
301354,GIIM-3WX233,HP USB-C Dock G5,Dock,5CH03WX233,AT12694,In Use,grace.brown@giim-test.local,Sales,Support Office
301355,GIIM-0XZH85,Samsung Galaxy S24,Phone,R5CJ0XZH85,AT12696,In Use,matilda.smith2@giim-test.local,Operations,Support Office
301356,GIIM-8Y42AC,Dell P2723DE,Monitor,CN0K8Y42AC,AT12697,In Use,matilda.smith2@giim-test.local,Operations,Support Office
301357,GIIM-6SD98U,HP EliteBook 840 G10,Laptop,5CGJ6SD98U,AT12699,In Use,harper.brown@giim-test.local,Marketing,Support Office
301358,GIIM-0SKKY6,Dell P2723DE,Monitor,CN0D0SKKY6,AT12701,In Use,harper.brown@giim-test.local,Marketing,Support Office
301359,GIIM-A0P4LM,Lenovo ThinkPad Universal USB-C Dock,Dock,ZKL0A0P4LM,AT12702,In Use,harper.brown@giim-test.local,Marketing,Support Office
301360,GIIM-HNX9E4,Dell Latitude 7440,Laptop,DLQSHNX9E4,AT12703,In Use,noah.martin@giim-test.local,Payroll,Support Office
301361,GIIM-RB3BLJ,Lenovo ThinkPad X1 Carbon Gen 11,Laptop,PW9ARB3BLJ,AT12706,In Use,isla.martin2@giim-test.local,Health & Safety,Support Office
301362,GIIM-Z0RHWW,Dell P2723DE,Monitor,CN0QZ0RHWW,AT12708,In Use,isla.martin2@giim-test.local,Health & Safety,Support Office
301363,GIIM-UX8BYP,Samsung Galaxy S24,Phone,R5C2UX8BYP,AT12711,In Use,aisha.williams@giim-test.local,Customer Service,Support Office
301364,GIIM-BLH2GJ,Lenovo ThinkPad T14 Gen 4,Laptop,PFLQBLH2GJ,AT12714,In Use,henry.king@giim-test.local,Operations,Support Office
301365,GIIM-BRYJW4,HP E24 G5,Monitor,3CMLBRYJW4,AT12716,In Store,henry.king@giim-test.local,Operations,Support Office
301366,GIIM-X83SQN,HP USB-C Dock G5,Dock,5CHFX83SQN,AT12717,In Store,henry.king@giim-test.local,Operations,Support Office
301367,GIIM-DPY0KA,Dell Latitude 7440,Laptop,DLY8DPY0KA,AT12718,In Use,hunter.harris2@giim-test.local,Health & Safety,Support Office
301368,GIIM-WB0VEJ,HP USB-C Dock G5,Dock,5CHYWB0VEJ,AT12721,In Use,hunter.harris2@giim-test.local,Health & Safety,Support Office
301369,GIIM-WT3PQH,Dell Latitude 7440,Laptop,DL5MWT3PQH,AT12722,In Use,mateo.mitchell2@giim-test.local,Payroll,Support Office
301370,GIIM-1GKZVL,Samsung Galaxy S24,Phone,R5C81GKZVL,AT12723,In Use,mateo.mitchell2@giim-test.local,Payroll,Support Office
301371,GIIM-Q20K5N,HP EliteBook 840 G10,Laptop,5CG7Q20K5N,AT12725,In Use,tane.nguyen3@giim-test.local,Human Resources,Support Office
301372,GIIM-TMQZ55,Apple iPhone 15,Phone,F2LYTMQZ55,AT12726,In Use,tane.nguyen3@giim-test.local,Human Resources,Support Office
301373,GIIM-8BCD1B,Dell P2723DE,Monitor,CN0U8BCD1B,AT12727,In Use,tane.nguyen3@giim-test.local,Human Resources,Support Office
301374,GIIM-K31T8L,Lenovo ThinkPad X1 Carbon Gen 11,Laptop,PWGMK31T8L,AT12728,In Use,thomas.patel2@giim-test.local,Procurement,Support Office
301375,GIIM-3Z1YUZ,Lenovo ThinkPad Universal USB-C Dock,Dock,ZKDW3Z1YUZ,AT12730,In Use,thomas.patel2@giim-test.local,Procurement,Support Office
301376,GIIM-D77JSY,Lenovo ThinkPad X1 Carbon Gen 11,Laptop,PWQBD77JSY,AT12731,In Use,fatima.robinson2@giim-test.local,Operations,Support Office
301377,GIIM-3JZ3WH,Apple iPhone 15,Phone,F2L03JZ3WH,AT12732,In Use,fatima.robinson2@giim-test.local,Operations,Support Office
301378,GIIM-JYAC1L,HP USB-C Dock G5,Dock,5CHEJYAC1L,AT12733,In Use,fatima.robinson2@giim-test.local,Operations,Support Office
301379,GIIM-XC6T80,Samsung Galaxy S24,Phone,R5CQXC6T80,AT12735,In Use,mason.johnson@giim-test.local,Customer Service,Support Office
301380,GIIM-HWNMCX,Samsung Galaxy S24,Phone,R5CXHWNMCX,AT12737,In Use,harrison.king@giim-test.local,eCommerce,Support Office
301381,GIIM-VCXXS0,Lenovo ThinkPad Universal USB-C Dock,Dock,ZKY2VCXXS0,AT12739,In Use,harrison.king@giim-test.local,eCommerce,Support Office
301382,GIIM-7CVW86,Lenovo ThinkPad Universal USB-C Dock,Dock,ZKQC7CVW86,AT12742,In Use,ethan.murphy@giim-test.local,Risk & Compliance,Support Office
301383,GIIM-GGEYFS,Samsung Galaxy S24,Phone,R5CXGGEYFS,AT12744,In Use,ruby.anderson3@giim-test.local,Finance,Support Office
301384,GIIM-1R06R8,Samsung Galaxy S24,Phone,R5CT1R06R8,AT12747,In Use,zoe.thompson@giim-test.local,Customer Service,Support Office
301385,GIIM-EMEKN8,HP E24 G5,Monitor,3CMVEMEKN8,AT12748,In Use,zoe.thompson@giim-test.local,Customer Service,Support Office
301386,GIIM-RPC5GZ,HP USB-C Dock G5,Dock,5CHYRPC5GZ,AT12749,In Use,zoe.thompson@giim-test.local,Customer Service,Support Office
301387,GIIM-PC14LC,Lenovo ThinkPad T14 Gen 4,Laptop,PFP5PC14LC,AT12750,In Use,harper.martin@giim-test.local,Payroll,Support Office
301388,GIIM-XGFJMH,HP EliteBook 840 G10,Laptop,5CGUXGFJMH,AT12754,In Use,chloe.mitchell2@giim-test.local,Customer Service,Support Office
301389,GIIM-1RBDGP,HP USB-C Dock G5,Dock,5CH21RBDGP,AT12757,In Use,chloe.mitchell2@giim-test.local,Customer Service,Support Office
301390,GIIM-8ZJQSH,Lenovo ThinkPad X1 Carbon Gen 11,Laptop,PWYT8ZJQSH,AT12758,In Use,harper.robinson2@giim-test.local,Human Resources,Support Office
301391,GIIM-Z83QQW,HP USB-C Dock G5,Dock,5CHMZ83QQW,AT12761,In Use,harper.robinson2@giim-test.local,Human Resources,Support Office
301392,GIIM-1GNUVN,Apple iPhone 15,Phone,F2L41GNUVN,AT12763,In Use,henry.kaur2@giim-test.local,eCommerce,Support Office
301393,GIIM-5VCC6L,Lenovo ThinkPad Universal USB-C Dock,Dock,ZK7L5VCC6L,AT12768,In Use,cooper.mitchell@giim-test.local,Marketing,Support Office
301394,GIIM-X7XJK7,Lenovo ThinkPad Universal USB-C Dock,Dock,ZKAKX7XJK7,AT12772,In Use,isla.walker2@giim-test.local,eCommerce,Support Office
301395,GIIM-470VBY,HP EliteBook 860 G11,Laptop,5CDH470VBY,AT12773,In Use,olivia.white5@giim-test.local,Procurement,Support Office
301396,GIIM-ASFM8X,Lenovo ThinkPad Universal USB-C Dock,Dock,ZKKDASFM8X,AT12776,In Use,olivia.white5@giim-test.local,Procurement,Support Office
301397,GIIM-W2NW15,Lenovo ThinkPad X1 Carbon Gen 11,Laptop,PW7BW2NW15,AT12777,In Use,arjun.martin@giim-test.local,Finance,Support Office
301398,GIIM-F6YVWG,Apple iPhone 15,Phone,F2LZF6YVWG,AT12778,In Use,arjun.martin@giim-test.local,Finance,Support Office
301399,GIIM-3KWM5A,Lenovo ThinkPad Universal USB-C Dock,Dock,ZKJE3KWM5A,AT12780,In Use,arjun.martin@giim-test.local,Finance,Support Office
301400,GIIM-XQ4WS1,Dell Latitude 7440,Laptop,DL62XQ4WS1,AT12781,In Use,hunter.scott2@giim-test.local,Payroll,Support Office
301401,GIIM-L1X72F,Apple iPhone 15,Phone,F2LRL1X72F,AT12782,In Use,hunter.scott2@giim-test.local,Payroll,Support Office
301402,GIIM-W6T03P,HP E24 G5,Monitor,3CMBW6T03P,AT12783,In Use,hunter.scott2@giim-test.local,Payroll,Support Office
301403,GIIM-Z0TY1G,Lenovo ThinkPad Universal USB-C Dock,Dock,ZK3VZ0TY1G,AT12784,In Use,hunter.scott2@giim-test.local,Payroll,Support Office
301404,GIIM-86ZSU9,HP EliteBook 840 G10,Laptop,5CGK86ZSU9,AT12785,In Use,mei.taylor@giim-test.local,Sales,Support Office
301405,GIIM-5QB6L6,Apple iPhone 15,Phone,F2LD5QB6L6,AT12786,In Use,mei.taylor@giim-test.local,Sales,Support Office
301406,GIIM-BKAZGX,Dell P2723DE,Monitor,CN03BKAZGX,AT12787,In Use,mei.taylor@giim-test.local,Sales,Support Office
301407,GIIM-51Y9ND,HP USB-C Dock G5,Dock,5CHD51Y9ND,AT12788,In Use,mei.taylor@giim-test.local,Sales,Support Office
301408,GIIM-992ASG,Apple iPad (10th gen),Tablet,DMPA992ASG,AT12792,In Use,harper.walker@giim-test.local,Supply Chain,Distribution Centre
301409,GIIM-2A8VYK,Lenovo ThinkPad X1 Carbon Gen 11,Laptop,PWAH2A8VYK,AT12793,In Use,wei.martin3@giim-test.local,Operations,Support Office
301410,GIIM-4G2WM5,Dell P2723DE,Monitor,CN0J4G2WM5,AT12795,In Use,wei.martin3@giim-test.local,Operations,Support Office
301411,GIIM-J58SYD,HP EliteBook 840 G10,Laptop,5CGVJ58SYD,AT12796,In Use,thomas.campbell@giim-test.local,Data & Analytics,Support Office
301412,GIIM-H25HJ3,Samsung Galaxy S24,Phone,R5C5H25HJ3,AT12797,In Use,thomas.campbell@giim-test.local,Data & Analytics,Support Office
301413,GIIM-N1PWP6,Lenovo ThinkPad T14 Gen 4,Laptop,PFF1N1PWP6,AT12800,In Use,chloe.robinson@giim-test.local,Operations,Support Office
301414,GIIM-CWEAED,Apple iPhone 15,Phone,F2LDCWEAED,AT12801,In Use,chloe.robinson@giim-test.local,Operations,Support Office
301415,GIIM-X0PL4Q,Samsung Galaxy S24,Phone,R5CJX0PL4Q,AT12805,In Use,james.wang2@giim-test.local,Information Technology,Support Office
301416,GIIM-7XET8Y,Samsung Galaxy S24,Phone,R5CS7XET8Y,AT12808,In Use,cooper.martin@giim-test.local,Risk & Compliance,Support Office
301417,GIIM-PRS0L5,Dell P2723DE,Monitor,CN0NPRS0L5,AT12809,In Use,cooper.martin@giim-test.local,Risk & Compliance,Support Office
301418,GIIM-6XCSEN,HP USB-C Dock G5,Dock,5CHK6XCSEN,AT12810,In Use,cooper.martin@giim-test.local,Risk & Compliance,Support Office
301419,GIIM-W87Y1R,Samsung Galaxy S24,Phone,R5CVW87Y1R,AT12812,In Use,henry.robinson@giim-test.local,Executive,Support Office
301420,GIIM-039KGK,HP EliteBook 840 G10,Laptop,5CGJ039KGK,AT12814,In Use,zoe.chen3@giim-test.local,Human Resources,Support Office
301421,GIIM-26LADU,Apple iPhone 15,Phone,F2LM26LADU,AT12815,In Use,zoe.chen3@giim-test.local,Human Resources,Support Office
301422,GIIM-3E6NVB,HP E24 G5,Monitor,3CMC3E6NVB,AT12816,In Use,zoe.chen3@giim-test.local,Human Resources,Support Office
301423,GIIM-PMV574,Lenovo ThinkPad Universal USB-C Dock,Dock,ZKUTPMV574,AT12821,In Use,hunter.chen@giim-test.local,Property,Support Office
301424,GIIM-T4MV83,Lenovo ThinkPad X1 Carbon Gen 11,Laptop,PW20T4MV83,AT12822,In Use,harrison.brown2@giim-test.local,Finance,Support Office
301425,GIIM-S3Q3XP,Samsung Galaxy S24,Phone,R5CHS3Q3XP,AT12827,In Use,isla.chen@giim-test.local,eCommerce,Support Office
301426,GIIM-0E27RB,Lenovo ThinkPad T14 Gen 4,Laptop,PFKE0E27RB,AT12829,In Use,mateo.lee3@giim-test.local,Customer Service,Support Office
301427,GIIM-Z9DSXE,Samsung Galaxy S24,Phone,R5CJZ9DSXE,AT12830,In Use,mateo.lee3@giim-test.local,Customer Service,Support Office
301428,GIIM-J1AXGN,HP E24 G5,Monitor,3CMPJ1AXGN,AT12831,In Use,mateo.lee3@giim-test.local,Customer Service,Support Office
301429,GIIM-VSU52X,Lenovo ThinkPad X1 Carbon Gen 11,Laptop,PW65VSU52X,AT12833,In Use,mason.chen2@giim-test.local,eCommerce,Support Office
301430,GIIM-4REM1K,Samsung Galaxy S24,Phone,R5CN4REM1K,AT12834,In Use,mason.chen2@giim-test.local,eCommerce,Support Office
301431,GIIM-M7HL31,HP USB-C Dock G5,Dock,5CH2M7HL31,AT12836,In Use,mason.chen2@giim-test.local,eCommerce,Support Office
301432,GIIM-B502D0,Samsung Galaxy S24,Phone,R5C3B502D0,AT12842,In Use,nikos.kelly@giim-test.local,Legal,Support Office
301433,GIIM-XYBHVZ,Dell P2723DE,Monitor,CN01XYBHVZ,AT12843,In Use,nikos.kelly@giim-test.local,Legal,Support Office
301434,GIIM-ZFV8AD,Samsung Galaxy S24,Phone,R5CLZFV8AD,AT12845,In Use,mason.murphy2@giim-test.local,Information Technology,Support Office
301435,GIIM-J59TAP,Dell P2723DE,Monitor,CN0UJ59TAP,AT12846,In Use,mason.murphy2@giim-test.local,Information Technology,Support Office
301436,GIIM-ASB157,Dell Latitude 7440,Laptop,DLWLASB157,AT12847,In Use,jack.harris@giim-test.local,Operations,Support Office
301437,GIIM-QQM95X,Samsung Galaxy S24,Phone,R5CDQQM95X,AT12848,In Use,jack.harris@giim-test.local,Operations,Support Office
301438,GIIM-CFQUFB,Dell Latitude 7440,Laptop,DLZ3CFQUFB,AT12851,In Use,james.johnson@giim-test.local,Property,Support Office
301439,GIIM-L4TXV7,Samsung Galaxy S24,Phone,R5CUL4TXV7,AT12852,In Use,james.johnson@giim-test.local,Property,Support Office
301440,GIIM-Z2N8F2,Dell P2723DE,Monitor,CN06Z2N8F2,AT12853,In Use,james.johnson@giim-test.local,Property,Support Office
301441,GIIM-F79QAS,Apple iPhone 15,Phone,F2LAF79QAS,AT12855,In Use,sophie.johnson@giim-test.local,Marketing,Support Office
301442,GIIM-FSQVKW,HP E24 G5,Monitor,3CMQFSQVKW,AT12856,In Use,sophie.johnson@giim-test.local,Marketing,Support Office
301443,GIIM-X6T4NU,HP EliteBook 840 G10,Laptop,5CGXX6T4NU,AT12858,In Use,sophie.williams@giim-test.local,Procurement,Support Office
301444,GIIM-DYNCSM,HP E24 G5,Monitor,3CMLDYNCSM,AT12860,In Use,sophie.williams@giim-test.local,Procurement,Support Office
301445,GIIM-M72344,HP USB-C Dock G5,Dock,5CH4M72344,AT12861,In Use,sophie.williams@giim-test.local,Procurement,Support Office
301446,GIIM-ZB0TZK,Samsung Galaxy S24,Phone,R5CVZB0TZK,AT12863,In Use,matilda.taylor@giim-test.local,Information Technology,Support Office
301447,GIIM-D6UL8G,HP E24 G5,Monitor,3CMGD6UL8G,AT12864,In Use,matilda.taylor@giim-test.local,Information Technology,Support Office
301448,GIIM-77YFN2,Lenovo ThinkPad Universal USB-C Dock,Dock,ZK5Y77YFN2,AT12865,In Use,matilda.taylor@giim-test.local,Information Technology,Support Office
301449,GIIM-JKY6CK,HP EliteBook 860 G11,Laptop,5CDSJKY6CK,AT12866,In Use,leo.scott3@giim-test.local,Payroll,Support Office
301450,GIIM-GJVXA1,Samsung Galaxy S24,Phone,R5CVGJVXA1,AT12867,In Use,leo.scott3@giim-test.local,Payroll,Support Office
301451,GIIM-52WL4Y,Dell P2723DE,Monitor,CN0E52WL4Y,AT12868,In Use,leo.scott3@giim-test.local,Payroll,Support Office
301452,GIIM-4QLBLK,Dell Latitude 7440,Laptop,DLJ14QLBLK,AT12869,In Use,matilda.kaur3@giim-test.local,Facilities,Distribution Centre
301453,GIIM-1D0YCT,Apple iPhone 15,Phone,F2L41D0YCT,AT12870,In Use,matilda.kaur3@giim-test.local,Facilities,Distribution Centre
301454,GIIM-85HDA9,Lenovo ThinkPad X1 Carbon Gen 11,Laptop,PW4S85HDA9,AT12873,In Use,mei.nguyen4@giim-test.local,Legal,Support Office
301455,GIIM-0R0G7D,Samsung Galaxy S24,Phone,R5CA0R0G7D,AT12874,In Use,mei.nguyen4@giim-test.local,Legal,Support Office
301456,GIIM-7R34Z3,HP EliteBook 860 G11,Laptop,5CDU7R34Z3,AT12876,In Use,amelia.anderson2@giim-test.local,Finance,Support Office
301457,GIIM-WXZ035,Samsung Galaxy S24,Phone,R5CLWXZ035,AT12877,In Use,amelia.anderson2@giim-test.local,Finance,Support Office
301458,GIIM-11N1WK,Lenovo ThinkPad Universal USB-C Dock,Dock,ZKXQ11N1WK,AT12879,In Use,leo.brown4@giim-test.local,Finance,Support Office
301459,GIIM-UFUTDQ,Samsung Galaxy S24,Phone,R5CVUFUTDQ,AT12881,In Use,olivia.smith2@giim-test.local,Merchandise,Support Office
301460,GIIM-XLY3AL,HP USB-C Dock G5,Dock,5CHQXLY3AL,AT12883,In Use,grace.brown5@giim-test.local,Merchandise,Support Office
301461,GIIM-4GX4FC,Samsung Galaxy S24,Phone,R5CT4GX4FC,AT12885,In Use,lucas.wang@giim-test.local,Health & Safety,Support Office
301462,GIIM-AWFTT5,Dell P2723DE,Monitor,CN0FAWFTT5,AT12886,In Use,lucas.wang@giim-test.local,Health & Safety,Support Office
301463,GIIM-TG5R7Z,HP USB-C Dock G5,Dock,5CHMTG5R7Z,AT12887,In Use,lucas.wang@giim-test.local,Health & Safety,Support Office
301464,GIIM-8PYVVQ,HP EliteBook 860 G11,Laptop,5CD98PYVVQ,AT12888,In Use,mei.jones@giim-test.local,Health & Safety,Support Office
301465,GIIM-NKVMJL,Dell P2723DE,Monitor,CN0SNKVMJL,AT12890,In Use,mei.jones@giim-test.local,Health & Safety,Support Office
301466,GIIM-PPGBHS,Lenovo ThinkPad X1 Carbon Gen 11,Laptop,PW87PPGBHS,AT12891,In Use,arjun.johnson@giim-test.local,Property,Support Office
301467,GIIM-NUQ49K,HP EliteBook 840 G10,Laptop,5CGNNUQ49K,AT12895,In Use,olivia.chen@giim-test.local,Supply Chain,Distribution Centre
301468,GIIM-TTYVEW,Lenovo ThinkPad T14 Gen 4,Laptop,PFXHTTYVEW,AT12900,In Use,mason.wang3@giim-test.local,Data & Analytics,Support Office
301469,GIIM-HN2QB1,Samsung Galaxy S24,Phone,R5CJHN2QB1,AT12901,In Use,mason.wang3@giim-test.local,Data & Analytics,Support Office
301470,GIIM-7LUYZZ,Lenovo ThinkPad T14 Gen 4,Laptop,PF0J7LUYZZ,AT12903,In Use,grace.jones2@giim-test.local,Risk & Compliance,Support Office
301471,GIIM-EFN9XS,Lenovo ThinkPad Universal USB-C Dock,Dock,ZKMKEFN9XS,AT12906,In Use,grace.jones2@giim-test.local,Risk & Compliance,Support Office
301472,GIIM-1CDTCS,Samsung Galaxy S24,Phone,R5CY1CDTCS,AT12908,In Use,wei.kelly3@giim-test.local,Data & Analytics,Support Office
301473,GIIM-5FFMQE,Dell P2723DE,Monitor,CN0B5FFMQE,AT12909,In Use,wei.kelly3@giim-test.local,Data & Analytics,Support Office
301474,GIIM-XAZUCC,Lenovo ThinkPad X1 Carbon Gen 11,Laptop,PWR6XAZUCC,AT12911,In Use,noah.brown3@giim-test.local,Property,Support Office
301475,GIIM-CYT1KK,Apple iPad (10th gen),Tablet,DMP6CYT1KK,AT12915,In Use,oliver.nguyen@giim-test.local,Supply Chain,Distribution Centre
301476,GIIM-YPAMXR,Lenovo ThinkPad T14 Gen 4,Laptop,PFP8YPAMXR,AT12916,In Use,ella.williams3@giim-test.local,eCommerce,Support Office
301477,GIIM-2PGUEA,Dell P2723DE,Monitor,CN0M2PGUEA,AT12918,In Use,ella.williams3@giim-test.local,eCommerce,Support Office
301478,GIIM-2LU3U3,Apple iPhone 15,Phone,F2LM2LU3U3,AT12920,In Use,harper.mitchell2@giim-test.local,Procurement,Support Office
301479,GIIM-GJ7SL9,Samsung Galaxy S24,Phone,R5CKGJ7SL9,AT12924,In Use,grace.harris@giim-test.local,Merchandise,Support Office
301480,GIIM-SXW0H8,Lenovo ThinkPad X1 Carbon Gen 11,Laptop,PWS1SXW0H8,AT12926,In Use,fatima.williams2@giim-test.local,Merchandise,Support Office
301481,GIIM-U4KVKX,Samsung Galaxy S24,Phone,R5C5U4KVKX,AT12927,In Use,william.scott@giim-test.local,Merchandise,Support Office
301482,GIIM-0TR4ZK,Lenovo ThinkPad X1 Carbon Gen 11,Laptop,PWZW0TR4ZK,AT12929,In Use,chloe.patel3@giim-test.local,Risk & Compliance,Support Office
301483,GIIM-5EY52G,Dell Latitude 7440,Laptop,DLSW5EY52G,AT12932,In Use,noah.mitchell@giim-test.local,Facilities,Distribution Centre
301484,GIIM-5JTMH0,Apple iPhone 15,Phone,F2L25JTMH0,AT12933,In Use,noah.mitchell@giim-test.local,Facilities,Distribution Centre
301485,GIIM-6RJUJU,Lenovo ThinkPad Universal USB-C Dock,Dock,ZKRH6RJUJU,AT12935,In Use,noah.mitchell@giim-test.local,Facilities,Distribution Centre
301486,GIIM-NKL8PM,HP E24 G5,Monitor,3CM4NKL8PM,AT12938,In Use,amelia.smith2@giim-test.local,eCommerce,Support Office
301487,GIIM-TXK9DY,Apple iPhone 15,Phone,F2LBTXK9DY,AT12941,In Use,ethan.martin@giim-test.local,Legal,Support Office
301488,GIIM-6D8SUA,Dell P2723DE,Monitor,CN0Q6D8SUA,AT12942,In Use,ethan.martin@giim-test.local,Legal,Support Office
301489,GIIM-1FEWL5,HP EliteBook 840 G10,Laptop,5CGG1FEWL5,AT12947,In Store,ruby.thompson@giim-test.local,Sales,Support Office
301490,GIIM-3HGJ5E,HP USB-C Dock G5,Dock,5CHE3HGJ5E,AT12950,In Store,ruby.thompson@giim-test.local,Sales,Support Office
301491,GIIM-06B8DT,HP EliteBook 860 G11,Laptop,5CD506B8DT,AT12951,In Use,emily.clarke2@giim-test.local,Health & Safety,Support Office
301492,GIIM-YMN2PG,Samsung Galaxy S24,Phone,R5C3YMN2PG,AT12952,In Use,emily.clarke2@giim-test.local,Health & Safety,Support Office
301493,GIIM-L1WE30,Lenovo ThinkPad Universal USB-C Dock,Dock,ZKFCL1WE30,AT12953,In Use,emily.clarke2@giim-test.local,Health & Safety,Support Office
301494,GIIM-PF32QS,Apple iPhone 15,Phone,F2L1PF32QS,AT12958,In Use,fatima.scott@giim-test.local,Property,Support Office
301495,GIIM-SKAVB5,Apple iPhone 15,Phone,F2LXSKAVB5,AT12962,In Use,thomas.thompson@giim-test.local,Procurement,Support Office
301496,GIIM-U3ZY1L,HP E24 G5,Monitor,3CMBU3ZY1L,AT12963,In Use,thomas.thompson@giim-test.local,Procurement,Support Office
301497,GIIM-X91D8U,Lenovo ThinkPad X1 Carbon Gen 11,Laptop,PWTJX91D8U,AT12964,In Use,noah.scott@giim-test.local,Executive,Support Office
301498,GIIM-CCC4EN,Samsung Galaxy S24,Phone,R5CYCCC4EN,AT12965,In Use,noah.scott@giim-test.local,Executive,Support Office
301499,GIIM-XL0F2M,HP E24 G5,Monitor,3CMCXL0F2M,AT12966,In Use,noah.scott@giim-test.local,Executive,Support Office
301500,GIIM-P660WW,Dell Latitude 7440,Laptop,DL24P660WW,AT12968,In Use,noah.harris@giim-test.local,Logistics,Distribution Centre
301501,GIIM-Y5A2N8,Apple iPhone 15,Phone,F2LFY5A2N8,AT12969,In Use,noah.harris@giim-test.local,Logistics,Distribution Centre
301502,GIIM-X5HFE6,Dell P2723DE,Monitor,CN04X5HFE6,AT12970,In Use,noah.harris@giim-test.local,Logistics,Distribution Centre
301503,GIIM-5D9KWK,Lenovo ThinkPad Universal USB-C Dock,Dock,ZKNY5D9KWK,AT12971,In Use,noah.harris@giim-test.local,Logistics,Distribution Centre
301504,GIIM-TUBA32,HP USB-C Dock G5,Dock,5CHQTUBA32,AT12975,In Use,tane.kaur@giim-test.local,Payroll,Support Office
301505,GIIM-0EX2AJ,Samsung Galaxy S24,Phone,R5CF0EX2AJ,AT12977,In Use,grace.clarke@giim-test.local,Data & Analytics,Support Office
301506,GIIM-VC3V52,Dell P2723DE,Monitor,CN08VC3V52,AT12978,In Use,grace.clarke@giim-test.local,Data & Analytics,Support Office
301507,GIIM-B5KF5S,Lenovo ThinkPad Universal USB-C Dock,Dock,ZKF2B5KF5S,AT12979,In Use,grace.clarke@giim-test.local,Data & Analytics,Support Office
301508,GIIM-HK2QPH,Lenovo ThinkPad X1 Carbon Gen 11,Laptop,PW7JHK2QPH,AT12980,In Use,hunter.kaur@giim-test.local,Sales,Support Office
301509,GIIM-9YMKQ9,Lenovo ThinkPad Universal USB-C Dock,Dock,ZK3T9YMKQ9,AT12982,In Use,hunter.kaur@giim-test.local,Sales,Support Office
301510,GIIM-YZ9GV2,Apple iPhone 15,Phone,F2LJYZ9GV2,AT12984,In Use,matilda.wilson4@giim-test.local,Health & Safety,Support Office
301511,GIIM-38W59M,Dell P2723DE,Monitor,CN0638W59M,AT12985,In Use,matilda.wilson4@giim-test.local,Health & Safety,Support Office
301512,GIIM-ATZLRE,Lenovo ThinkPad Universal USB-C Dock,Dock,ZKPUATZLRE,AT12986,In Use,matilda.wilson4@giim-test.local,Health & Safety,Support Office
301513,GIIM-9ZYGK5,HP E24 G5,Monitor,3CMB9ZYGK5,AT12989,In Use,mason.jones@giim-test.local,Merchandise,Support Office
301514,GIIM-GHP5YQ,Lenovo ThinkPad X1 Carbon Gen 11,Laptop,PWJMGHP5YQ,AT12990,In Use,aisha.robinson@giim-test.local,Information Technology,Support Office
301515,GIIM-HWZ6XH,Samsung Galaxy S24,Phone,R5CUHWZ6XH,AT12991,In Use,aisha.robinson@giim-test.local,Information Technology,Support Office
301516,GIIM-XRSCSN,Lenovo ThinkPad T14 Gen 4,Laptop,PFH7XRSCSN,AT12994,In Use,sophie.chen2@giim-test.local,Operations,Support Office
301517,GIIM-NLAY11,Apple iPhone 15,Phone,F2LGNLAY11,AT12995,In Use,sophie.chen2@giim-test.local,Operations,Support Office
301518,GIIM-73ZHZZ,Apple iPad (10th gen),Tablet,DMP773ZHZZ,AT12998,In Use,olivia.ryan@giim-test.local,Facilities,Distribution Centre
301519,GIIM-80J5RH,Apple iPhone 15,Phone,F2L980J5RH,AT13000,In Use,olivia.kelly@giim-test.local,Operations,Support Office
301520,GIIM-0TQ4RF,Samsung Galaxy S24,Phone,R5C30TQ4RF,AT13003,In Use,noah.lee2@giim-test.local,eCommerce,Support Office
301521,GIIM-M83NQR,HP E24 G5,Monitor,3CMAM83NQR,AT13004,In Use,noah.lee2@giim-test.local,eCommerce,Support Office
301522,GIIM-ZBMXQ7,Dell Latitude 7440,Laptop,DLUHZBMXQ7,AT13006,In Store,olivia.chen2@giim-test.local,Customer Service,Support Office
301523,GIIM-HB4PPP,Dell P2723DE,Monitor,CN07HB4PPP,AT13008,In Store,olivia.chen2@giim-test.local,Customer Service,Support Office
301524,GIIM-L7PV3Z,Apple iPad (10th gen),Tablet,DMP5L7PV3Z,AT13010,In Use,olivia.white6@giim-test.local,Facilities,Distribution Centre
301525,GIIM-N8PM3B,Samsung Galaxy S24,Phone,R5CUN8PM3B,AT13012,In Use,harper.white@giim-test.local,eCommerce,Support Office
301526,GIIM-73XVXL,HP E24 G5,Monitor,3CMX73XVXL,AT13013,In Use,harper.white@giim-test.local,eCommerce,Support Office
301527,GIIM-25YGEE,Apple iPhone 15,Phone,F2LN25YGEE,AT13016,In Store,amelia.clarke@giim-test.local,Executive,Support Office
301528,GIIM-PB2AGP,Apple iPhone 15,Phone,F2LGPB2AGP,AT13019,In Use,charlotte.king@giim-test.local,Executive,Support Office
301529,GIIM-64WC54,Dell P2723DE,Monitor,CN0864WC54,AT13020,In Use,charlotte.king@giim-test.local,Executive,Support Office
301530,GIIM-ESCXZ3,Lenovo ThinkPad X1 Carbon Gen 11,Laptop,PWUHESCXZ3,AT13022,In Use,matilda.lee@giim-test.local,Marketing,Support Office
301531,GIIM-MR59X9,HP E24 G5,Monitor,3CMGMR59X9,AT13024,In Use,matilda.lee@giim-test.local,Marketing,Support Office
301532,GIIM-TDRFPE,Samsung Galaxy S24,Phone,R5C8TDRFPE,AT13027,In Use,sophie.scott2@giim-test.local,Legal,Support Office
301533,GIIM-431WY8,Lenovo ThinkPad Universal USB-C Dock,Dock,ZKSR431WY8,AT13029,In Use,sophie.scott2@giim-test.local,Legal,Support Office
301534,GIIM-0PXEMW,Samsung Galaxy S24,Phone,R5CV0PXEMW,AT13034,In Store,olivia.young2@giim-test.local,Legal,Support Office
301535,GIIM-UT5K5X,Dell P2723DE,Monitor,CN01UT5K5X,AT13035,In Store,olivia.young2@giim-test.local,Legal,Support Office
301536,GIIM-ZMYEGM,HP USB-C Dock G5,Dock,5CHRZMYEGM,AT13036,In Use,olivia.young2@giim-test.local,Legal,Support Office
301537,GIIM-ZXU9FS,Apple iPhone 15,Phone,F2LSZXU9FS,AT13038,In Use,mateo.campbell3@giim-test.local,Human Resources,Support Office
301538,GIIM-HVJ6N0,Dell P2723DE,Monitor,CN0ZHVJ6N0,AT13039,In Use,mateo.campbell3@giim-test.local,Human Resources,Support Office
301539,GIIM-P01PTE,Lenovo ThinkPad Universal USB-C Dock,Dock,ZKN3P01PTE,AT13040,In Use,mateo.campbell3@giim-test.local,Human Resources,Support Office
301540,GIIM-GYAWGF,Lenovo ThinkPad T14 Gen 4,Laptop,PFQKGYAWGF,AT13041,In Use,ella.anderson2@giim-test.local,Facilities,Distribution Centre
301541,GIIM-CQVND9,Dell P2723DE,Monitor,CN06CQVND9,AT13043,In Use,ella.anderson2@giim-test.local,Facilities,Distribution Centre
301542,GIIM-7SBF4E,Lenovo ThinkPad Universal USB-C Dock,Dock,ZKRA7SBF4E,AT13044,In Use,ella.anderson2@giim-test.local,Facilities,Distribution Centre
301543,GIIM-RNP843,Dell Latitude 7440,Laptop,DL4WRNP843,AT13045,In Use,emily.nguyen4@giim-test.local,Customer Service,Support Office
301544,GIIM-1MR757,Samsung Galaxy S24,Phone,R5CH1MR757,AT13046,In Use,emily.nguyen4@giim-test.local,Customer Service,Support Office
301545,GIIM-W860V7,Lenovo ThinkPad T14 Gen 4,Laptop,PFAMW860V7,AT13048,In Use,sophie.campbell3@giim-test.local,Human Resources,Support Office
301546,GIIM-QBGUJL,Lenovo ThinkPad Universal USB-C Dock,Dock,ZKHAQBGUJL,AT13051,In Use,sophie.campbell3@giim-test.local,Human Resources,Support Office
301547,GIIM-HHDQEE,HP EliteBook 840 G10,Laptop,5CGDHHDQEE,AT13052,In Use,james.white@giim-test.local,eCommerce,Support Office
301548,GIIM-AFZTX7,Apple iPhone 15,Phone,F2LSAFZTX7,AT13053,In Use,james.white@giim-test.local,eCommerce,Support Office
301549,GIIM-GLNN64,HP E24 G5,Monitor,3CM6GLNN64,AT13054,In Use,james.white@giim-test.local,eCommerce,Support Office
301550,GIIM-TPVWMA,HP USB-C Dock G5,Dock,5CHFTPVWMA,AT13055,In Use,james.white@giim-test.local,eCommerce,Support Office
301551,GIIM-XRC1AJ,HP EliteBook 860 G11,Laptop,5CDKXRC1AJ,AT13056,In Use,mateo.king3@giim-test.local,Sales,Support Office
301552,GIIM-7LY3Q1,Samsung Galaxy S24,Phone,R5CY7LY3Q1,AT13057,In Use,mateo.king3@giim-test.local,Sales,Support Office
301553,GIIM-LNS59X,Dell P2723DE,Monitor,CN00LNS59X,AT13058,In Use,mateo.king3@giim-test.local,Sales,Support Office
301554,GIIM-WKHGB2,Samsung Galaxy S24,Phone,R5CFWKHGB2,AT13061,In Use,isla.thompson2@giim-test.local,Information Technology,Support Office
301555,GIIM-3F4VPY,HP E24 G5,Monitor,3CMX3F4VPY,AT13062,In Use,isla.thompson2@giim-test.local,Information Technology,Support Office
301556,GIIM-FJJQBT,Lenovo ThinkPad T14 Gen 4,Laptop,PFQGFJJQBT,AT13064,In Use,leo.martin2@giim-test.local,Data & Analytics,Support Office
301557,GIIM-XAGP5P,Lenovo ThinkPad Universal USB-C Dock,Dock,ZKSDXAGP5P,AT13067,In Use,leo.martin2@giim-test.local,Data & Analytics,Support Office
301558,GIIM-TQTK3W,Dell Latitude 7440,Laptop,DLZGTQTK3W,AT13068,In Use,jack.murphy@giim-test.local,eCommerce,Support Office
301559,GIIM-P6Y35A,Dell P2723DE,Monitor,CN0UP6Y35A,AT13070,In Use,jack.murphy@giim-test.local,eCommerce,Support Office
301560,GIIM-2LK4XY,Samsung Galaxy S24,Phone,R5CJ2LK4XY,AT13073,In Use,william.ryan4@giim-test.local,Legal,Support Office
301561,GIIM-YX59ZP,Lenovo ThinkPad T14 Gen 4,Laptop,PFMSYX59ZP,AT13074,In Use,sophie.murphy2@giim-test.local,Marketing,Support Office
301562,GIIM-NHK87H,Apple iPhone 15,Phone,F2LVNHK87H,AT13075,In Use,sophie.murphy2@giim-test.local,Marketing,Support Office
301563,GIIM-6WNZM7,Lenovo ThinkPad X1 Carbon Gen 11,Laptop,PWD06WNZM7,AT13078,In Use,leo.wilson4@giim-test.local,Legal,Support Office
301564,GIIM-37J69M,Dell P2723DE,Monitor,CN0237J69M,AT13080,In Use,leo.wilson4@giim-test.local,Legal,Support Office
301565,GIIM-KKKDV7,Lenovo ThinkPad T14 Gen 4,Laptop,PFACKKKDV7,AT13081,In Use,ruby.singh@giim-test.local,Human Resources,Support Office
301566,GIIM-U222BD,Apple iPhone 15,Phone,F2LUU222BD,AT13082,In Use,ruby.singh@giim-test.local,Human Resources,Support Office
301567,GIIM-HRZ375,Dell P2723DE,Monitor,CN0DHRZ375,AT13083,In Use,ruby.singh@giim-test.local,Human Resources,Support Office
301568,GIIM-8VN3QV,HP EliteBook 860 G11,Laptop,5CD88VN3QV,AT13088,In Use,james.williams@giim-test.local,Procurement,Support Office
301569,GIIM-018QT8,Apple iPhone 15,Phone,F2LP018QT8,AT13089,In Use,james.williams@giim-test.local,Procurement,Support Office
301570,GIIM-TTJ1NU,HP USB-C Dock G5,Dock,5CHKTTJ1NU,AT13090,In Use,james.williams@giim-test.local,Procurement,Support Office
301571,GIIM-3A1QNF,Dell Latitude 7440,Laptop,DL6Z3A1QNF,AT13092,In Use,mia.johnson3@giim-test.local,eCommerce,Support Office
301572,GIIM-32N3JF,HP E24 G5,Monitor,3CMG32N3JF,AT13094,In Use,mia.johnson3@giim-test.local,eCommerce,Support Office
301573,GIIM-MHKU1D,Dell Latitude 7440,Laptop,DLG6MHKU1D,AT13096,In Use,zoe.taylor2@giim-test.local,eCommerce,Support Office
301574,GIIM-C7W1GT,Samsung Galaxy S24,Phone,R5CBC7W1GT,AT13097,In Use,zoe.taylor2@giim-test.local,eCommerce,Support Office
301575,GIIM-78TJJX,Lenovo ThinkPad Universal USB-C Dock,Dock,ZKLU78TJJX,AT13099,In Use,zoe.taylor2@giim-test.local,eCommerce,Support Office
301576,GIIM-YYX50L,Dell Latitude 7440,Laptop,DL8XYYX50L,AT13100,In Use,isla.brown3@giim-test.local,Executive,Support Office
301577,GIIM-LUY93E,HP EliteBook 840 G10,Laptop,5CG9LUY93E,AT13104,In Use,ella.patel@giim-test.local,Finance,Support Office
301578,GIIM-E6F8X9,HP USB-C Dock G5,Dock,5CHWE6F8X9,AT13107,In Use,ella.patel@giim-test.local,Finance,Support Office
301579,GIIM-RPMH53,Lenovo ThinkPad T14 Gen 4,Laptop,PFMKRPMH53,AT13108,In Use,cooper.ryan2@giim-test.local,Customer Service,Support Office
301580,GIIM-ELMG9N,HP E24 G5,Monitor,3CMDELMG9N,AT13110,In Use,cooper.ryan2@giim-test.local,Customer Service,Support Office
301581,GIIM-T3DVGA,Lenovo ThinkPad Universal USB-C Dock,Dock,ZK3ZT3DVGA,AT13111,In Use,cooper.ryan2@giim-test.local,Customer Service,Support Office
301582,GIIM-BSJBEY,HP E24 G5,Monitor,3CMRBSJBEY,AT13114,In Use,ethan.clarke2@giim-test.local,Operations,Support Office
301583,GIIM-4Q505X,HP USB-C Dock G5,Dock,5CH94Q505X,AT13115,In Use,ethan.clarke2@giim-test.local,Operations,Support Office
301584,GIIM-R3DGMM,HP E24 G5,Monitor,3CMTR3DGMM,AT13118,In Use,nikos.clarke2@giim-test.local,Marketing,Support Office
301585,GIIM-S3GHPV,Samsung Galaxy S24,Phone,R5CCS3GHPV,AT13120,In Store,james.murphy@giim-test.local,Merchandise,Support Office
301586,GIIM-MN1CTT,HP EliteBook 860 G11,Laptop,5CDZMN1CTT,AT13121,In Use,tane.wang@giim-test.local,Customer Service,Support Office
301587,GIIM-WSSXTL,Lenovo ThinkPad T14 Gen 4,Laptop,PF8VWSSXTL,AT13125,In Use,lucas.wilson2@giim-test.local,Operations,Support Office
301588,GIIM-TKKRG6,HP USB-C Dock G5,Dock,5CHZTKKRG6,AT13127,In Use,lucas.wilson2@giim-test.local,Operations,Support Office
301589,GIIM-LGZ3UX,HP EliteBook 860 G11,Laptop,5CD5LGZ3UX,AT13128,In Use,ava.patel@giim-test.local,Legal,Support Office
301590,GIIM-5Y5R5W,Apple iPhone 15,Phone,F2LP5Y5R5W,AT13129,In Use,ava.patel@giim-test.local,Legal,Support Office
301591,GIIM-KWLN3E,HP USB-C Dock G5,Dock,5CHEKWLN3E,AT13131,In Use,ava.patel@giim-test.local,Legal,Support Office
301592,GIIM-AWSN35,HP EliteBook 840 G10,Laptop,5CG8AWSN35,AT13132,In Use,emily.jones@giim-test.local,Customer Service,Support Office
301593,GIIM-VWFZ92,Apple iPhone 15,Phone,F2L3VWFZ92,AT13133,In Use,emily.jones@giim-test.local,Customer Service,Support Office
301594,GIIM-FASPMW,HP USB-C Dock G5,Dock,5CH8FASPMW,AT13134,In Use,emily.jones@giim-test.local,Customer Service,Support Office
301595,GIIM-BCQ0Z9,HP E24 G5,Monitor,3CMPBCQ0Z9,AT13137,In Use,jack.kaur2@giim-test.local,eCommerce,Support Office
301596,GIIM-Q2CQN4,Apple iPad (10th gen),Tablet,DMPUQ2CQN4,AT13139,In Use,liam.anderson@giim-test.local,Supply Chain,Distribution Centre
301597,GIIM-D2Y92J,Dell Latitude 7440,Laptop,DLFSD2Y92J,AT13140,In Use,ella.thompson4@giim-test.local,Legal,Support Office
301598,GIIM-12GH9Q,Dell Latitude 7440,Laptop,DL3W12GH9Q,AT13143,In Use,ella.singh@giim-test.local,Legal,Support Office
301599,GIIM-6TB9D9,Apple iPhone 15,Phone,F2LP6TB9D9,AT13144,In Use,ella.singh@giim-test.local,Legal,Support Office
301600,GIIM-G6MYJL,HP E24 G5,Monitor,3CM3G6MYJL,AT13145,In Use,ella.singh@giim-test.local,Legal,Support Office
301601,GIIM-0Q8SQQ,HP E24 G5,Monitor,3CMS0Q8SQQ,AT13149,In Use,mason.williams@giim-test.local,Finance,Support Office
301602,GIIM-D6WHGB,HP EliteBook 840 G10,Laptop,5CGSD6WHGB,AT13150,In Use,hiroshi.brown2@giim-test.local,Merchandise,Support Office
301603,GIIM-F2T2LD,HP USB-C Dock G5,Dock,5CH1F2T2LD,AT13153,In Use,hiroshi.brown2@giim-test.local,Merchandise,Support Office
301604,GIIM-W2HD5X,Apple iPhone 15,Phone,F2LDW2HD5X,AT13155,In Use,mia.martin2@giim-test.local,Property,Support Office
301605,GIIM-MW44QU,Apple iPhone 15,Phone,F2LEMW44QU,AT13157,In Use,chloe.chen@giim-test.local,Sales,Support Office
301606,GIIM-4WC1K3,Dell Latitude 7440,Laptop,DLQ54WC1K3,AT13160,In Use,ruby.clarke3@giim-test.local,Finance,Support Office
301607,GIIM-39Y72E,HP USB-C Dock G5,Dock,5CH239Y72E,AT13163,In Use,ruby.clarke3@giim-test.local,Finance,Support Office
301608,GIIM-FYAEEQ,HP EliteBook 840 G10,Laptop,5CG6FYAEEQ,AT13164,In Use,harper.patel2@giim-test.local,Risk & Compliance,Support Office
301609,GIIM-90N9FB,Samsung Galaxy S24,Phone,R5C290N9FB,AT13165,In Use,harper.patel2@giim-test.local,Risk & Compliance,Support Office
301610,GIIM-N2ZS9Q,HP USB-C Dock G5,Dock,5CHPN2ZS9Q,AT13166,In Use,harper.patel2@giim-test.local,Risk & Compliance,Support Office
301611,GIIM-0BQGM9,HP E24 G5,Monitor,3CM10BQGM9,AT13169,In Use,henry.chen@giim-test.local,Property,Support Office
301612,GIIM-WB50QN,Lenovo ThinkPad Universal USB-C Dock,Dock,ZKZZWB50QN,AT13170,In Use,henry.chen@giim-test.local,Property,Support Office
301613,GIIM-CNHVEE,Dell P2723DE,Monitor,CN0DCNHVEE,AT13173,In Use,sophie.martin4@giim-test.local,Marketing,Support Office
301614,GIIM-65ALKG,HP USB-C Dock G5,Dock,5CH365ALKG,AT13174,In Use,sophie.martin4@giim-test.local,Marketing,Support Office
301615,GIIM-C4GMH6,Apple iPhone 15,Phone,F2LQC4GMH6,AT13176,In Use,harper.murphy@giim-test.local,Marketing,Support Office
301616,GIIM-R1T35T,Dell P2723DE,Monitor,CN0VR1T35T,AT13177,In Use,harper.murphy@giim-test.local,Marketing,Support Office
301617,GIIM-BAYFWH,Lenovo ThinkPad Universal USB-C Dock,Dock,ZKPSBAYFWH,AT13178,In Store,harper.murphy@giim-test.local,Marketing,Support Office
301618,GIIM-BMQ8B3,Dell P2723DE,Monitor,CN0VBMQ8B3,AT13181,In Use,fatima.williams@giim-test.local,Data & Analytics,Support Office
301619,GIIM-ZUS2RC,HP USB-C Dock G5,Dock,5CHXZUS2RC,AT13182,In Use,liam.thompson@giim-test.local,Data & Analytics,Support Office
301620,GIIM-0S4RLY,Lenovo ThinkPad X1 Carbon Gen 11,Laptop,PWFN0S4RLY,AT13183,In Use,mia.wilson@giim-test.local,Data & Analytics,Support Office
301621,GIIM-B2D6CB,Apple iPhone 15,Phone,F2LLB2D6CB,AT13184,In Use,mia.wilson@giim-test.local,Data & Analytics,Support Office
301622,GIIM-NW1MAN,Dell P2723DE,Monitor,CN00NW1MAN,AT13185,In Use,mia.wilson@giim-test.local,Data & Analytics,Support Office
301623,GIIM-5GLX1P,Apple iPhone 15,Phone,F2LT5GLX1P,AT13187,In Use,chloe.ryan3@giim-test.local,Data & Analytics,Support Office
301624,GIIM-D5TGSP,Lenovo ThinkPad X1 Carbon Gen 11,Laptop,PW1WD5TGSP,AT13189,In Use,isla.lee2@giim-test.local,Property,Support Office
301625,GIIM-646E04,HP E24 G5,Monitor,3CM2646E04,AT13191,In Use,isla.lee2@giim-test.local,Property,Support Office
301626,GIIM-74S8RE,Lenovo ThinkPad Universal USB-C Dock,Dock,ZKAY74S8RE,AT13192,In Use,isla.lee2@giim-test.local,Property,Support Office
301627,GIIM-CR0S07,HP E24 G5,Monitor,3CMWCR0S07,AT13195,In Use,sophie.kelly@giim-test.local,Merchandise,Support Office
301628,GIIM-WS4KQW,HP EliteBook 860 G11,Laptop,5CDPWS4KQW,AT13196,In Use,harrison.williams3@giim-test.local,Sales,Support Office
301629,GIIM-CGZWMW,Samsung Galaxy S24,Phone,R5CPCGZWMW,AT13197,In Use,harrison.williams3@giim-test.local,Sales,Support Office
301630,GIIM-4E0DKJ,Apple iPhone 15,Phone,F2LR4E0DKJ,AT13199,In Use,noah.thompson3@giim-test.local,Customer Service,Support Office
301631,GIIM-2NG9KA,HP E24 G5,Monitor,3CMC2NG9KA,AT13200,In Use,noah.thompson3@giim-test.local,Customer Service,Support Office
301632,GIIM-LXNV5H,Lenovo ThinkPad T14 Gen 4,Laptop,PFPYLXNV5H,AT13202,In Use,noah.kaur@giim-test.local,Finance,Support Office
301633,GIIM-V6B7F6,HP USB-C Dock G5,Dock,5CHHV6B7F6,AT13204,In Use,noah.kaur@giim-test.local,Finance,Support Office
301634,GIIM-ABNW67,Lenovo ThinkPad X1 Carbon Gen 11,Laptop,PWBFABNW67,AT13206,In Use,mia.kaur@giim-test.local,Human Resources,Support Office
301635,GIIM-N5M66T,Samsung Galaxy S24,Phone,R5CNN5M66T,AT13207,In Use,mia.kaur@giim-test.local,Human Resources,Support Office
301636,GIIM-23GQ6A,HP EliteBook 860 G11,Laptop,5CD123GQ6A,AT13209,In Use,mei.williams2@giim-test.local,Marketing,Support Office
301637,GIIM-5CU6RA,HP E24 G5,Monitor,3CM05CU6RA,AT13211,In Use,mei.williams2@giim-test.local,Marketing,Support Office
301638,GIIM-WW37QH,Apple iPhone 15,Phone,F2LRWW37QH,AT13213,In Use,sophie.chen3@giim-test.local,Data & Analytics,Support Office
301639,GIIM-2EFPGH,HP USB-C Dock G5,Dock,5CHL2EFPGH,AT13215,In Use,sophie.chen3@giim-test.local,Data & Analytics,Support Office
301640,GIIM-A2QLQS,Samsung Galaxy S24,Phone,R5C8A2QLQS,AT13217,In Use,cooper.martin2@giim-test.local,Operations,Support Office
301641,GIIM-FJ6KAZ,HP EliteBook 860 G11,Laptop,5CDUFJ6KAZ,AT13220,In Use,harper.taylor2@giim-test.local,Executive,Support Office
301642,GIIM-HEUNRG,Dell Latitude 7440,Laptop,DLAFHEUNRG,AT13222,In Use,hunter.thompson2@giim-test.local,Data & Analytics,Support Office
301643,GIIM-VQYSTE,Lenovo ThinkPad Universal USB-C Dock,Dock,ZKWEVQYSTE,AT13225,In Use,hunter.thompson2@giim-test.local,Data & Analytics,Support Office
301644,GIIM-A4W5CM,Dell P2723DE,Monitor,CN09A4W5CM,AT13228,In Use,mason.lee4@giim-test.local,Risk & Compliance,Support Office
301645,GIIM-M7UGMJ,HP USB-C Dock G5,Dock,5CH4M7UGMJ,AT13229,In Use,mason.lee4@giim-test.local,Risk & Compliance,Support Office
301646,GIIM-Z4BZEX,Apple iPhone 15,Phone,F2L8Z4BZEX,AT13231,In Use,liam.clarke@giim-test.local,Risk & Compliance,Support Office
301647,GIIM-NGRM5E,HP EliteBook 840 G10,Laptop,5CGQNGRM5E,AT13233,In Use,isla.murphy2@giim-test.local,Logistics,Distribution Centre
301648,GIIM-X3SYSM,Dell P2723DE,Monitor,CN0HX3SYSM,AT13235,In Use,isla.murphy2@giim-test.local,Logistics,Distribution Centre
301649,GIIM-7382UQ,Lenovo ThinkPad Universal USB-C Dock,Dock,ZKWE7382UQ,AT13236,In Use,isla.murphy2@giim-test.local,Logistics,Distribution Centre
301650,GIIM-WZUG04,HP EliteBook 860 G11,Laptop,5CD1WZUG04,AT13237,In Use,zoe.brown@giim-test.local,Information Technology,Support Office
301651,GIIM-ZJQ5H2,HP EliteBook 860 G11,Laptop,5CDXZJQ5H2,AT13240,In Use,chloe.kaur@giim-test.local,Property,Support Office
301652,GIIM-WHU7MC,Dell P2723DE,Monitor,CN0XWHU7MC,AT13244,In Use,mason.ryan@giim-test.local,Payroll,Support Office
301653,GIIM-W9AHNT,HP E24 G5,Monitor,3CMAW9AHNT,AT13248,In Use,wei.robinson2@giim-test.local,Risk & Compliance,Support Office
301654,GIIM-ME9J16,HP USB-C Dock G5,Dock,5CH3ME9J16,AT13252,In Use,chloe.clarke2@giim-test.local,Merchandise,Support Office
301655,GIIM-LHDAS1,Dell Latitude 7440,Laptop,DLQKLHDAS1,AT13254,In Use,mei.kaur@giim-test.local,Customer Service,Support Office
301656,GIIM-A3MRRV,Dell P2723DE,Monitor,CN0AA3MRRV,AT13256,In Use,mei.kaur@giim-test.local,Customer Service,Support Office
301657,GIIM-G7EFV6,HP USB-C Dock G5,Dock,5CHSG7EFV6,AT13257,In Use,mei.kaur@giim-test.local,Customer Service,Support Office
301658,GIIM-JMLJ9E,Samsung Galaxy S24,Phone,R5C8JMLJ9E,AT13263,In Use,mateo.robinson2@giim-test.local,Information Technology,Support Office
301659,GIIM-D860FB,HP USB-C Dock G5,Dock,5CHKD860FB,AT13265,In Use,oliver.patel@giim-test.local,Information Technology,Support Office
301660,GIIM-Y7VEFH,Lenovo ThinkPad T14 Gen 4,Laptop,PFD9Y7VEFH,AT13266,In Use,noah.kelly3@giim-test.local,eCommerce,Support Office
301661,GIIM-ELETGW,Samsung Galaxy S24,Phone,R5C5ELETGW,AT13267,In Use,noah.kelly3@giim-test.local,eCommerce,Support Office
301662,GIIM-3L1PCT,HP E24 G5,Monitor,3CMF3L1PCT,AT13268,In Use,noah.kelly3@giim-test.local,eCommerce,Support Office
301663,GIIM-61M5G6,Lenovo ThinkPad Universal USB-C Dock,Dock,ZKLJ61M5G6,AT13269,In Use,noah.kelly3@giim-test.local,eCommerce,Support Office
301664,GIIM-3CLZ6U,Apple iPhone 15,Phone,F2LU3CLZ6U,AT13271,In Use,chloe.clarke3@giim-test.local,Procurement,Support Office
301665,GIIM-BZCZAF,Lenovo ThinkPad T14 Gen 4,Laptop,PFQ8BZCZAF,AT13274,In Use,hiroshi.walker2@giim-test.local,Marketing,Support Office
301666,GIIM-193ECU,Dell P2723DE,Monitor,CN0B193ECU,AT13276,In Use,hiroshi.walker2@giim-test.local,Marketing,Support Office
301667,GIIM-F8P8S8,Apple iPhone 15,Phone,F2LHF8P8S8,AT13282,In Use,fatima.nguyen2@giim-test.local,Merchandise,Support Office
301668,GIIM-5KBPEQ,Lenovo ThinkPad Universal USB-C Dock,Dock,ZK585KBPEQ,AT13284,In Use,fatima.nguyen2@giim-test.local,Merchandise,Support Office
301669,GIIM-BN7Y2P,HP EliteBook 860 G11,Laptop,5CDUBN7Y2P,AT13285,In Use,james.wang3@giim-test.local,Procurement,Support Office
301670,GIIM-B93H40,Dell P2723DE,Monitor,CN0CB93H40,AT13287,In Use,james.wang3@giim-test.local,Procurement,Support Office
301671,GIIM-KTHLMJ,HP USB-C Dock G5,Dock,5CHVKTHLMJ,AT13288,In Use,james.wang3@giim-test.local,Procurement,Support Office
301672,GIIM-W2RT3Z,Dell Latitude 7440,Laptop,DLYNW2RT3Z,AT13289,In Use,tane.nguyen4@giim-test.local,eCommerce,Support Office
301673,GIIM-Y8UGEN,HP E24 G5,Monitor,3CMHY8UGEN,AT13291,In Use,tane.nguyen4@giim-test.local,eCommerce,Support Office
301674,GIIM-NVM3ER,HP EliteBook 840 G10,Laptop,5CGDNVM3ER,AT13295,In Use,hiroshi.walker3@giim-test.local,Health & Safety,Support Office
301675,GIIM-5JV61Z,Apple iPhone 15,Phone,F2LU5JV61Z,AT13296,In Use,hiroshi.walker3@giim-test.local,Health & Safety,Support Office
301676,GIIM-KMNVK3,Dell P2723DE,Monitor,CN09KMNVK3,AT13297,In Use,olivia.kelly@giim-test.local,Health & Safety,Support Office
301677,GIIM-J24SE8,Samsung Galaxy S24,Phone,R5CHJ24SE8,AT13300,In Use,mason.ryan2@giim-test.local,Procurement,Support Office
301678,GIIM-JRDC42,Dell Latitude 7440,Laptop,DLLXJRDC42,AT13305,In Use,aisha.anderson2@giim-test.local,Finance,Support Office
301679,GIIM-T8HGWX,Samsung Galaxy S24,Phone,R5CHT8HGWX,AT13306,In Use,aisha.anderson2@giim-test.local,Finance,Support Office
301680,GIIM-FBBR77,HP USB-C Dock G5,Dock,5CHJFBBR77,AT13308,In Use,aisha.anderson2@giim-test.local,Finance,Support Office
301681,GIIM-ULMGYR,Samsung Galaxy S24,Phone,R5C3ULMGYR,AT13310,In Use,zoe.taylor3@giim-test.local,Procurement,Support Office
301682,GIIM-M928RF,HP EliteBook 840 G10,Laptop,5CG1M928RF,AT13312,In Use,cooper.wang@giim-test.local,Human Resources,Support Office
301683,GIIM-S5BK4D,Dell P2723DE,Monitor,CN0KS5BK4D,AT13314,In Use,cooper.wang@giim-test.local,Human Resources,Support Office
301684,GIIM-9NWYGK,Dell P2723DE,Monitor,CN0A9NWYGK,AT13318,In Use,leo.anderson2@giim-test.local,Sales,Support Office
301685,GIIM-TCLWYG,HP E24 G5,Monitor,3CM1TCLWYG,AT13322,In Use,noah.robinson2@giim-test.local,Supply Chain,Distribution Centre
301686,GIIM-FLNRRJ,Dell Latitude 7440,Laptop,DLULFLNRRJ,AT13324,In Use,charlotte.wang2@giim-test.local,Risk & Compliance,Support Office
301687,GIIM-TSJTMX,HP USB-C Dock G5,Dock,5CHRTSJTMX,AT13327,In Use,charlotte.wang2@giim-test.local,Risk & Compliance,Support Office
301688,GIIM-4VL6CN,Apple iPhone 15,Phone,F2LP4VL6CN,AT13329,In Use,thomas.kelly@giim-test.local,eCommerce,Support Office
301689,GIIM-HG5YA1,HP E24 G5,Monitor,3CMQHG5YA1,AT13330,In Use,thomas.kelly@giim-test.local,eCommerce,Support Office
301690,GIIM-VPW7FM,Dell Latitude 7440,Laptop,DLYYVPW7FM,AT13332,In Use,chloe.nguyen@giim-test.local,Information Technology,Support Office
301691,GIIM-WL89C1,HP E24 G5,Monitor,3CMRWL89C1,AT13334,In Use,chloe.nguyen@giim-test.local,Information Technology,Support Office
301692,GIIM-X3TSL2,Dell P2723DE,Monitor,CN0XX3TSL2,AT13338,In Use,grace.brown4@giim-test.local,Operations,Support Office
301693,GIIM-JB40RZ,Lenovo ThinkPad X1 Carbon Gen 11,Laptop,PWVYJB40RZ,AT13343,In Use,aisha.taylor2@giim-test.local,Finance,Support Office
301694,GIIM-C79ZMQ,Apple iPhone 15,Phone,F2LSC79ZMQ,AT13344,In Use,aisha.taylor2@giim-test.local,Finance,Support Office
301695,GIIM-CSYKAV,Lenovo ThinkPad Universal USB-C Dock,Dock,ZKXSCSYKAV,AT13345,In Use,aisha.taylor2@giim-test.local,Finance,Support Office
301696,GIIM-QGW32B,Lenovo ThinkPad X1 Carbon Gen 11,Laptop,PW9EQGW32B,AT13346,In Use,mei.thompson@giim-test.local,Operations,Support Office
301697,GIIM-CDZJ4Y,Apple iPhone 15,Phone,F2LDCDZJ4Y,AT13347,In Use,mei.thompson@giim-test.local,Operations,Support Office
301698,GIIM-U74JF3,Apple iPhone 15,Phone,F2LYU74JF3,AT13349,In Use,mei.mitchell2@giim-test.local,eCommerce,Support Office
301699,GIIM-DN9N9B,HP E24 G5,Monitor,3CMSDN9N9B,AT13350,In Use,mei.mitchell2@giim-test.local,eCommerce,Support Office
301700,GIIM-U7ABB8,Dell Latitude 7440,Laptop,DL5BU7ABB8,AT13351,In Use,henry.kelly@giim-test.local,Sales,Support Office
301701,GIIM-BRF4HT,Dell P2723DE,Monitor,CN0MBRF4HT,AT13353,In Use,henry.kelly@giim-test.local,Sales,Support Office
301702,GIIM-GTS2D9,Samsung Galaxy S24,Phone,R5C0GTS2D9,AT13356,In Use,isla.lee3@giim-test.local,Operations,Support Office
301703,GIIM-QJRMLY,Dell P2723DE,Monitor,CN0LQJRMLY,AT13357,In Use,isla.lee3@giim-test.local,Operations,Support Office
301704,GIIM-HRRYC7,HP USB-C Dock G5,Dock,5CHZHRRYC7,AT13358,In Use,isla.lee3@giim-test.local,Operations,Support Office
301705,GIIM-J9YA66,Samsung Galaxy S24,Phone,R5CUJ9YA66,AT13360,In Use,thomas.ryan@giim-test.local,Operations,Support Office
301706,GIIM-7RP80P,HP E24 G5,Monitor,3CMX7RP80P,AT13361,In Use,thomas.ryan@giim-test.local,Operations,Support Office
301707,GIIM-JLTXZ3,HP USB-C Dock G5,Dock,5CHBJLTXZ3,AT13366,In Use,noah.mitchell2@giim-test.local,Executive,Support Office
301708,GIIM-7KT91V,Dell Latitude 7440,Laptop,DL7S7KT91V,AT13367,In Use,fatima.wang2@giim-test.local,Supply Chain,Distribution Centre
301709,GIIM-BFV1P4,HP E24 G5,Monitor,3CMPBFV1P4,AT13369,In Use,fatima.wang2@giim-test.local,Supply Chain,Distribution Centre
301710,GIIM-HRWWXH,HP EliteBook 860 G11,Laptop,5CDPHRWWXH,AT13371,In Use,cooper.kaur@giim-test.local,Sales,Support Office
301711,GIIM-RAN1S0,HP E24 G5,Monitor,3CMTRAN1S0,AT13373,In Use,cooper.kaur@giim-test.local,Sales,Support Office
301712,GIIM-5M81VA,Lenovo ThinkPad Universal USB-C Dock,Dock,ZKX75M81VA,AT13374,In Use,cooper.kaur@giim-test.local,Sales,Support Office
301713,GIIM-K6HR0G,Lenovo ThinkPad X1 Carbon Gen 11,Laptop,PWHLK6HR0G,AT13375,In Use,emily.ryan2@giim-test.local,Data & Analytics,Support Office
301714,GIIM-4FL8D8,Dell P2723DE,Monitor,CN0A4FL8D8,AT13381,In Use,leo.scott4@giim-test.local,Legal,Support Office
301715,GIIM-9ZJZ7L,Lenovo ThinkPad Universal USB-C Dock,Dock,ZKUL9ZJZ7L,AT13384,In Use,ella.white3@giim-test.local,Marketing,Support Office
301716,GIIM-7HEH07,Lenovo ThinkPad X1 Carbon Gen 11,Laptop,PW507HEH07,AT13385,In Use,mateo.kelly3@giim-test.local,Information Technology,Support Office
301717,GIIM-YCPQLF,Dell P2723DE,Monitor,CN0DYCPQLF,AT13387,In Use,mateo.kelly3@giim-test.local,Information Technology,Support Office
301718,GIIM-FTNXA2,HP USB-C Dock G5,Dock,5CHUFTNXA2,AT13388,In Use,mateo.kelly3@giim-test.local,Information Technology,Support Office
301719,GIIM-BWFL8Q,Samsung Galaxy S24,Phone,R5CSBWFL8Q,AT13390,In Use,zoe.clarke3@giim-test.local,Risk & Compliance,Support Office
301720,GIIM-XCSEF2,Dell P2723DE,Monitor,CN0LXCSEF2,AT13391,In Use,zoe.clarke3@giim-test.local,Risk & Compliance,Support Office
301721,GIIM-6PFGMH,HP USB-C Dock G5,Dock,5CH56PFGMH,AT13392,In Use,zoe.clarke3@giim-test.local,Risk & Compliance,Support Office
301722,GIIM-PVWSUM,HP EliteBook 860 G11,Laptop,5CD4PVWSUM,AT13393,In Use,mason.wang4@giim-test.local,Sales,Support Office
301723,GIIM-WGKRV2,Lenovo ThinkPad X1 Carbon Gen 11,Laptop,PWH7WGKRV2,AT13397,In Use,mason.kelly@giim-test.local,Data & Analytics,Support Office
301724,GIIM-GRGYL3,HP EliteBook 840 G10,Laptop,5CGQGRGYL3,AT13403,In Use,mason.smith3@giim-test.local,Legal,Support Office
301725,GIIM-PRY857,HP E24 G5,Monitor,3CMPPRY857,AT13405,In Use,mason.smith3@giim-test.local,Legal,Support Office
301726,GIIM-3SMEQU,Apple iPhone 15,Phone,F2LJ3SMEQU,AT13407,In Use,ava.kelly2@giim-test.local,Executive,Support Office
301727,GIIM-61JVKY,Dell P2723DE,Monitor,CN0L61JVKY,AT13408,In Use,ava.kelly2@giim-test.local,Executive,Support Office
301728,GIIM-FNW6RX,HP EliteBook 860 G11,Laptop,5CDPFNW6RX,AT13410,In Use,lucas.murphy@giim-test.local,Operations,Support Office
301729,GIIM-RYN194,HP EliteBook 860 G11,Laptop,5CDGRYN194,AT13412,In Use,jack.king2@giim-test.local,Data & Analytics,Support Office
301730,GIIM-3CRC4T,Samsung Galaxy S24,Phone,R5CW3CRC4T,AT13418,In Use,grace.murphy@giim-test.local,Logistics,Distribution Centre
301731,GIIM-L9WH09,Lenovo ThinkPad Universal USB-C Dock,Dock,ZKJKL9WH09,AT13419,In Use,grace.murphy@giim-test.local,Logistics,Distribution Centre
301732,GIIM-QUPKGL,Dell Latitude 7440,Laptop,DLD1QUPKGL,AT13420,In Use,hiroshi.anderson4@giim-test.local,Operations,Support Office
301733,GIIM-J3CAVA,Apple iPhone 15,Phone,F2L2J3CAVA,AT13429,In Use,oliver.campbell@giim-test.local,Executive,Support Office
301734,GIIM-A8XD2M,Dell P2723DE,Monitor,CN0KA8XD2M,AT13430,In Use,oliver.campbell@giim-test.local,Executive,Support Office
301735,GIIM-M7QE0H,Lenovo ThinkPad Universal USB-C Dock,Dock,ZKPPM7QE0H,AT13431,In Use,oliver.campbell@giim-test.local,Executive,Support Office
301736,GIIM-B27Q5Z,Apple iPhone 15,Phone,F2LRB27Q5Z,AT13433,In Use,william.johnson@giim-test.local,eCommerce,Support Office
301737,GIIM-CTWFAF,Apple iPhone 15,Phone,F2L3CTWFAF,AT13437,In Use,mason.jones2@giim-test.local,Payroll,Support Office
301738,GIIM-E7YWP5,Lenovo ThinkPad Universal USB-C Dock,Dock,ZKG3E7YWP5,AT13438,In Use,mason.jones2@giim-test.local,Payroll,Support Office
301739,GIIM-LNRLV9,Dell Latitude 7440,Laptop,DLQDLNRLV9,AT13439,In Use,isla.patel4@giim-test.local,Property,Support Office
301740,GIIM-0737R8,Samsung Galaxy S24,Phone,R5C30737R8,AT13440,In Use,isla.patel4@giim-test.local,Property,Support Office
301741,GIIM-3R5439,HP E24 G5,Monitor,3CMP3R5439,AT13441,In Use,isla.patel4@giim-test.local,Property,Support Office
301742,GIIM-WY1FB0,HP USB-C Dock G5,Dock,5CH1WY1FB0,AT13442,In Use,isla.patel4@giim-test.local,Property,Support Office
301743,GIIM-YFNKGB,Dell P2723DE,Monitor,CN0MYFNKGB,AT13445,In Use,thomas.harris2@giim-test.local,Legal,Support Office
301744,GIIM-LM16EP,Dell Latitude 7440,Laptop,DLLGLM16EP,AT13446,In Use,hunter.nguyen@giim-test.local,Logistics,Distribution Centre
301745,GIIM-C0XBF5,Dell P2723DE,Monitor,CN0HC0XBF5,AT13448,In Use,hunter.nguyen@giim-test.local,Logistics,Distribution Centre
301746,GIIM-NHGDVV,Lenovo ThinkPad Universal USB-C Dock,Dock,ZKDBNHGDVV,AT13453,In Use,oliver.mitchell@giim-test.local,Customer Service,Support Office
301747,GIIM-YY5WJZ,Lenovo ThinkPad T14 Gen 4,Laptop,PFBCYY5WJZ,AT13454,In Use,arjun.harris2@giim-test.local,Marketing,Support Office
301748,GIIM-3AG35X,Samsung Galaxy S24,Phone,R5CD3AG35X,AT13455,In Use,arjun.harris2@giim-test.local,Marketing,Support Office
301749,GIIM-NKR26H,HP USB-C Dock G5,Dock,5CH6NKR26H,AT13457,In Use,arjun.harris2@giim-test.local,Marketing,Support Office
301750,GIIM-0JCDHM,Samsung Galaxy S24,Phone,R5C80JCDHM,AT13459,In Use,thomas.kaur2@giim-test.local,Operations,Support Office
301751,GIIM-K39V16,HP USB-C Dock G5,Dock,5CHEK39V16,AT13461,In Use,thomas.kaur2@giim-test.local,Operations,Support Office
301752,GIIM-8UBATL,Apple iPhone 15,Phone,F2LT8UBATL,AT13463,In Use,harper.anderson2@giim-test.local,Marketing,Support Office
301753,GIIM-QVYDDG,Lenovo ThinkPad Universal USB-C Dock,Dock,ZKMGQVYDDG,AT13465,In Use,harper.anderson2@giim-test.local,Marketing,Support Office
301754,GIIM-Z24QU1,Dell Latitude 7440,Laptop,DL9KZ24QU1,AT13466,In Use,aisha.smith2@giim-test.local,Logistics,Distribution Centre
301755,GIIM-V0K4HV,Samsung Galaxy S24,Phone,R5C3V0K4HV,AT13467,In Use,aisha.smith2@giim-test.local,Logistics,Distribution Centre
301756,GIIM-4YX4H3,HP USB-C Dock G5,Dock,5CH84YX4H3,AT13469,In Use,aisha.smith2@giim-test.local,Logistics,Distribution Centre
301757,GIIM-8W8N55,HP EliteBook 840 G10,Laptop,5CG48W8N55,AT13470,In Use,ella.campbell2@giim-test.local,Marketing,Support Office
301758,GIIM-5XDBTC,Samsung Galaxy S24,Phone,R5CK5XDBTC,AT13471,In Use,ella.campbell2@giim-test.local,Marketing,Support Office
301759,GIIM-R2WY5V,Lenovo ThinkPad Universal USB-C Dock,Dock,ZK1TR2WY5V,AT13473,In Use,ella.campbell2@giim-test.local,Marketing,Support Office
301760,GIIM-C8FCHU,HP EliteBook 840 G10,Laptop,5CGEC8FCHU,AT13474,In Use,leo.white2@giim-test.local,Finance,Support Office
301761,GIIM-EA0HJB,Apple iPhone 15,Phone,F2LLEA0HJB,AT13475,In Use,leo.white2@giim-test.local,Finance,Support Office
301762,GIIM-ZJGEM6,HP E24 G5,Monitor,3CMNZJGEM6,AT13476,In Use,leo.white2@giim-test.local,Finance,Support Office
301763,GIIM-RQ28X4,Lenovo ThinkPad Universal USB-C Dock,Dock,ZK8HRQ28X4,AT13477,In Use,leo.white2@giim-test.local,Finance,Support Office
301764,GIIM-CJ7GQM,Samsung Galaxy S24,Phone,R5C4CJ7GQM,AT13479,In Use,charlotte.singh2@giim-test.local,Merchandise,Support Office
301765,GIIM-9CV08Q,HP EliteBook 840 G10,Laptop,5CG59CV08Q,AT13481,In Use,sophie.nguyen2@giim-test.local,Information Technology,Support Office
301766,GIIM-GZR4ST,HP E24 G5,Monitor,3CMUGZR4ST,AT13483,In Use,sophie.nguyen2@giim-test.local,Information Technology,Support Office
301767,GIIM-GM2K2W,Lenovo ThinkPad T14 Gen 4,Laptop,PFJBGM2K2W,AT13484,In Use,emily.young@giim-test.local,Procurement,Support Office
301768,GIIM-07Z1SK,Samsung Galaxy S24,Phone,R5C807Z1SK,AT13485,In Use,emily.young@giim-test.local,Procurement,Support Office
301769,GIIM-B10722,Apple iPhone 15,Phone,F2L8B10722,AT13488,In Use,wei.martin4@giim-test.local,Health & Safety,Support Office
301770,GIIM-DSM2R5,HP E24 G5,Monitor,3CMDDSM2R5,AT13489,In Use,wei.martin4@giim-test.local,Health & Safety,Support Office
301771,GIIM-6WYC6C,Lenovo ThinkPad Universal USB-C Dock,Dock,ZKZD6WYC6C,AT13490,In Use,wei.martin4@giim-test.local,Health & Safety,Support Office
301772,GIIM-M5Q1MS,Samsung Galaxy S24,Phone,R5CPM5Q1MS,AT13492,In Use,james.patel2@giim-test.local,Property,Support Office
301773,GIIM-3DE0UA,Lenovo ThinkPad Universal USB-C Dock,Dock,ZKM43DE0UA,AT13498,In Use,jack.wilson2@giim-test.local,Merchandise,Support Office
301774,GIIM-HQYFUA,Samsung Galaxy S24,Phone,R5CQHQYFUA,AT13502,In Use,chloe.kaur2@giim-test.local,Marketing,Support Office
301775,GIIM-K4N6CT,Lenovo ThinkPad Universal USB-C Dock,Dock,ZKCDK4N6CT,AT13503,In Use,chloe.kaur2@giim-test.local,Marketing,Support Office
301776,GIIM-U2V1A5,HP EliteBook 840 G10,Laptop,5CG6U2V1A5,AT13504,In Use,zoe.jones2@giim-test.local,Information Technology,Support Office
301777,GIIM-SNQXH9,HP USB-C Dock G5,Dock,5CH5SNQXH9,AT13506,In Use,zoe.jones2@giim-test.local,Information Technology,Support Office
301778,GIIM-J7D43G,Apple iPhone 15,Phone,F2LJJ7D43G,AT13508,In Use,chloe.smith@giim-test.local,Legal,Support Office
301779,GIIM-3LHB45,HP E24 G5,Monitor,3CM03LHB45,AT13509,In Use,chloe.smith@giim-test.local,Legal,Support Office
301780,GIIM-VP1EW2,Lenovo ThinkPad Universal USB-C Dock,Dock,ZK6UVP1EW2,AT13510,In Use,chloe.smith@giim-test.local,Legal,Support Office
301781,GIIM-GCBYRL,Apple iPhone 15,Phone,F2LGGCBYRL,AT13514,In Use,tane.scott2@giim-test.local,Marketing,Support Office
301782,GIIM-FFL3VM,HP EliteBook 840 G10,Laptop,5CGPFFL3VM,AT13518,In Use,wei.young2@giim-test.local,Customer Service,Support Office
301783,GIIM-ACV5P6,Dell P2723DE,Monitor,CN02ACV5P6,AT13520,In Use,wei.young2@giim-test.local,Customer Service,Support Office
301784,GIIM-KXAMZV,Dell P2723DE,Monitor,CN02KXAMZV,AT13524,In Use,wei.anderson2@giim-test.local,Marketing,Support Office
301785,GIIM-4GBA3B,Lenovo ThinkPad Universal USB-C Dock,Dock,ZK0X4GBA3B,AT13525,In Use,wei.anderson2@giim-test.local,Marketing,Support Office
301786,GIIM-VDWSPV,Lenovo ThinkPad T14 Gen 4,Laptop,PFQJVDWSPV,AT13526,In Use,emily.murphy@giim-test.local,Procurement,Support Office
301787,GIIM-QGXRC0,Apple iPhone 15,Phone,F2L2QGXRC0,AT13527,In Use,emily.murphy@giim-test.local,Procurement,Support Office
301788,GIIM-NF1UCY,Lenovo ThinkPad X1 Carbon Gen 11,Laptop,PW1MNF1UCY,AT13530,In Use,lucas.white2@giim-test.local,Information Technology,Support Office
301789,GIIM-7GCTEP,HP EliteBook 840 G10,Laptop,5CGG7GCTEP,AT13534,In Use,hiroshi.singh3@giim-test.local,Sales,Support Office
301790,GIIM-184H7B,Samsung Galaxy S24,Phone,R5CK184H7B,AT13535,In Use,hiroshi.singh3@giim-test.local,Sales,Support Office
301791,GIIM-97HYGQ,HP USB-C Dock G5,Dock,5CH497HYGQ,AT13540,In Use,priya.robinson2@giim-test.local,Health & Safety,Support Office
301792,GIIM-X7KKCU,HP EliteBook 860 G11,Laptop,5CDBX7KKCU,AT13541,In Use,thomas.jones@giim-test.local,Finance,Support Office
301793,GIIM-V02C3C,Lenovo ThinkPad Universal USB-C Dock,Dock,ZK78V02C3C,AT13544,In Use,thomas.jones@giim-test.local,Finance,Support Office
301794,GIIM-V81X0Y,Samsung Galaxy S24,Phone,R5CAV81X0Y,AT13546,In Use,mateo.johnson@giim-test.local,Legal,Support Office
301795,GIIM-L7FVN3,HP E24 G5,Monitor,3CMEL7FVN3,AT13547,In Use,mateo.johnson@giim-test.local,Legal,Support Office
301796,GIIM-J4YMFU,HP USB-C Dock G5,Dock,5CHKJ4YMFU,AT13548,In Use,grace.robinson2@giim-test.local,Legal,Support Office
301797,GIIM-CHEF3L,Dell Latitude 7440,Laptop,DLXNCHEF3L,AT13553,In Use,amelia.chen2@giim-test.local,Legal,Support Office
301798,GIIM-61V185,Dell P2723DE,Monitor,CN0961V185,AT13555,In Use,amelia.chen2@giim-test.local,Legal,Support Office
301799,GIIM-A2T96D,HP E24 G5,Monitor,3CM6A2T96D,AT13559,In Use,fatima.harris2@giim-test.local,Marketing,Support Office
301800,GIIM-W0H049,Lenovo ThinkPad Universal USB-C Dock,Dock,ZKFPW0H049,AT13564,In Use,matilda.mitchell@giim-test.local,Payroll,Support Office
301801,GIIM-M3Y91L,Samsung Galaxy S24,Phone,R5CUM3Y91L,AT13566,In Use,mateo.clarke2@giim-test.local,Procurement,Support Office
301802,GIIM-4151MK,Dell P2723DE,Monitor,CN0R4151MK,AT13567,In Use,mateo.clarke2@giim-test.local,Procurement,Support Office
301803,GIIM-XNXB3B,Samsung Galaxy S24,Phone,R5CRXNXB3B,AT13569,In Use,wei.taylor@giim-test.local,Health & Safety,Support Office
301804,GIIM-PY1MSJ,HP USB-C Dock G5,Dock,5CHAPY1MSJ,AT13573,In Use,leo.patel2@giim-test.local,Customer Service,Support Office
301805,GIIM-86Z32H,Lenovo ThinkPad X1 Carbon Gen 11,Laptop,PW7Q86Z32H,AT13574,In Use,amelia.wilson@giim-test.local,Operations,Support Office
301806,GIIM-XVMQTQ,Apple iPhone 15,Phone,F2LWXVMQTQ,AT13577,In Use,wei.king2@giim-test.local,Health & Safety,Support Office
301807,GIIM-G6T3Z1,HP E24 G5,Monitor,3CMBG6T3Z1,AT13578,In Use,wei.king2@giim-test.local,Health & Safety,Support Office
301808,GIIM-62J9UV,HP EliteBook 860 G11,Laptop,5CDC62J9UV,AT13579,In Use,ethan.ryan2@giim-test.local,Human Resources,Support Office
301809,GIIM-U0JJQ9,Samsung Galaxy S24,Phone,R5CYU0JJQ9,AT13580,In Use,ethan.ryan2@giim-test.local,Human Resources,Support Office
301810,GIIM-0041GD,HP USB-C Dock G5,Dock,5CHZ0041GD,AT13581,In Use,ethan.ryan2@giim-test.local,Human Resources,Support Office
301811,GIIM-GVZUFT,Lenovo ThinkPad T14 Gen 4,Laptop,PF8MGVZUFT,AT13582,In Use,ethan.singh3@giim-test.local,Human Resources,Support Office
301812,GIIM-PS16B5,HP EliteBook 840 G10,Laptop,5CGDPS16B5,AT13585,In Use,olivia.harris3@giim-test.local,Sales,Support Office
301813,GIIM-G0MQ8F,HP USB-C Dock G5,Dock,5CHVG0MQ8F,AT13587,In Use,olivia.harris3@giim-test.local,Sales,Support Office
301814,GIIM-CL5N19,Lenovo ThinkPad Universal USB-C Dock,Dock,ZK6RCL5N19,AT13590,In Use,mia.white@giim-test.local,Risk & Compliance,Support Office
301815,GIIM-GR6T7M,Lenovo ThinkPad T14 Gen 4,Laptop,PFYAGR6T7M,AT13591,In Use,emily.ryan3@giim-test.local,Sales,Support Office
301816,GIIM-WC1J86,Samsung Galaxy S24,Phone,R5CEWC1J86,AT13592,In Use,emily.ryan3@giim-test.local,Sales,Support Office
301817,GIIM-8RUUP6,HP USB-C Dock G5,Dock,5CHE8RUUP6,AT13598,In Use,lucas.scott2@giim-test.local,Logistics,Distribution Centre
301818,GIIM-4RHQH0,Samsung Galaxy S24,Phone,R5CM4RHQH0,AT13600,In Use,grace.martin@giim-test.local,Merchandise,Support Office
301819,GIIM-BDJUNF,Lenovo ThinkPad X1 Carbon Gen 11,Laptop,PWGVBDJUNF,AT13602,In Use,liam.kelly@giim-test.local,Data & Analytics,Support Office
301820,GIIM-CG0U9Y,Dell P2723DE,Monitor,CN0VCG0U9Y,AT13604,In Use,liam.kelly@giim-test.local,Data & Analytics,Support Office
301821,GIIM-AKDTBF,Lenovo ThinkPad X1 Carbon Gen 11,Laptop,PWBRAKDTBF,AT13606,In Use,harrison.taylor@giim-test.local,Operations,Support Office
301822,GIIM-87V68R,Apple iPhone 15,Phone,F2LF87V68R,AT13607,In Use,harrison.taylor@giim-test.local,Operations,Support Office
301823,GIIM-0QNR24,Lenovo ThinkPad Universal USB-C Dock,Dock,ZKE30QNR24,AT13610,In Use,aisha.nguyen3@giim-test.local,Procurement,Support Office
301824,GIIM-Y6BJFN,Lenovo ThinkPad X1 Carbon Gen 11,Laptop,PWCLY6BJFN,AT13611,In Use,fatima.walker2@giim-test.local,Legal,Support Office
301825,GIIM-9V5H11,Apple iPhone 15,Phone,F2LP9V5H11,AT13612,In Use,fatima.walker2@giim-test.local,Legal,Support Office
301826,GIIM-78QBN4,HP EliteBook 840 G10,Laptop,5CG378QBN4,AT13614,In Use,mason.ryan3@giim-test.local,Executive,Support Office
301827,GIIM-0RARTR,HP E24 G5,Monitor,3CMR0RARTR,AT13620,In Use,charlotte.clarke2@giim-test.local,eCommerce,Support Office
301828,GIIM-4LF00P,Lenovo ThinkPad Universal USB-C Dock,Dock,ZK894LF00P,AT13621,In Use,charlotte.clarke2@giim-test.local,eCommerce,Support Office
301829,GIIM-BALDRG,HP E24 G5,Monitor,3CM8BALDRG,AT13624,In Use,oliver.robinson2@giim-test.local,Information Technology,Support Office
301830,GIIM-WSTJD1,Lenovo ThinkPad Universal USB-C Dock,Dock,ZK4TWSTJD1,AT13625,In Use,oliver.robinson2@giim-test.local,Information Technology,Support Office
301831,GIIM-S73M8U,Lenovo ThinkPad T14 Gen 4,Laptop,PFHWS73M8U,AT13626,In Use,hunter.kaur2@giim-test.local,Logistics,Distribution Centre
301832,GIIM-W6A4LY,Apple iPhone 15,Phone,F2LZW6A4LY,AT13627,In Use,hunter.kaur2@giim-test.local,Logistics,Distribution Centre
301833,GIIM-01X96V,Dell P2723DE,Monitor,CN0J01X96V,AT13628,In Use,hunter.kaur2@giim-test.local,Logistics,Distribution Centre
301834,GIIM-R1P720,HP USB-C Dock G5,Dock,5CHDR1P720,AT13629,In Use,hunter.kaur2@giim-test.local,Logistics,Distribution Centre
301835,GIIM-8R3AVT,Dell Latitude 7440,Laptop,DL528R3AVT,AT13630,In Use,henry.walker@giim-test.local,Operations,Support Office
301836,GIIM-C4A1MS,Apple iPhone 15,Phone,F2L2C4A1MS,AT13631,In Use,henry.walker@giim-test.local,Operations,Support Office
301837,GIIM-NMW4DW,HP E24 G5,Monitor,3CMWNMW4DW,AT13632,In Use,henry.walker@giim-test.local,Operations,Support Office
301838,GIIM-KPNPZR,HP USB-C Dock G5,Dock,5CHHKPNPZR,AT13637,In Use,charlotte.wang3@giim-test.local,Property,Support Office
301839,GIIM-1LEA7L,Samsung Galaxy S24,Phone,R5CW1LEA7L,AT13639,In Use,william.murphy@giim-test.local,Executive,Support Office
301840,GIIM-27PEX9,Dell P2723DE,Monitor,CN0T27PEX9,AT13640,In Use,william.murphy@giim-test.local,Executive,Support Office
301841,GIIM-1PTR79,HP USB-C Dock G5,Dock,5CHU1PTR79,AT13641,In Use,william.murphy@giim-test.local,Executive,Support Office
301842,GIIM-0F5WNE,Apple iPhone 15,Phone,F2LF0F5WNE,AT13643,In Use,hiroshi.johnson@giim-test.local,Payroll,Support Office
301843,GIIM-1EDZYW,Lenovo ThinkPad Universal USB-C Dock,Dock,ZKFW1EDZYW,AT13645,In Use,hiroshi.johnson@giim-test.local,Payroll,Support Office
301844,GIIM-Y2WZNW,HP EliteBook 860 G11,Laptop,5CDWY2WZNW,AT13646,In Use,jack.thompson2@giim-test.local,eCommerce,Support Office
301845,GIIM-99B6ZQ,Lenovo ThinkPad X1 Carbon Gen 11,Laptop,PWVB99B6ZQ,AT13649,In Use,henry.clarke4@giim-test.local,Merchandise,Support Office
301846,GIIM-0BUMGC,Apple iPhone 15,Phone,F2L00BUMGC,AT13650,In Use,henry.clarke4@giim-test.local,Merchandise,Support Office
301847,GIIM-WC6PMV,HP USB-C Dock G5,Dock,5CH1WC6PMV,AT13652,In Use,henry.clarke4@giim-test.local,Merchandise,Support Office
301848,GIIM-DH3TXT,Lenovo ThinkPad X1 Carbon Gen 11,Laptop,PWN9DH3TXT,AT13653,In Use,liam.lee2@giim-test.local,Payroll,Support Office
301849,GIIM-63L09Y,HP EliteBook 840 G10,Laptop,5CG463L09Y,AT13655,In Use,zoe.campbell3@giim-test.local,Sales,Support Office
301850,GIIM-3MB6YE,Samsung Galaxy S24,Phone,R5C93MB6YE,AT13656,In Use,zoe.campbell3@giim-test.local,Sales,Support Office
301851,GIIM-L7A1NY,HP E24 G5,Monitor,3CMVL7A1NY,AT13663,In Use,sophie.mitchell3@giim-test.local,Finance,Support Office
301852,GIIM-9CNETR,Lenovo ThinkPad Universal USB-C Dock,Dock,ZKF09CNETR,AT13664,In Use,sophie.mitchell3@giim-test.local,Finance,Support Office
301853,GIIM-ZEUA5M,Dell P2723DE,Monitor,CN0SZEUA5M,AT13667,In Use,noah.white@giim-test.local,Procurement,Support Office
301854,GIIM-WCYZEP,Lenovo ThinkPad Universal USB-C Dock,Dock,ZKYHWCYZEP,AT13668,In Use,harper.harris@giim-test.local,Procurement,Support Office
301855,GIIM-G1YUAV,Dell Latitude 7440,Laptop,DL0KG1YUAV,AT13669,In Use,fatima.johnson2@giim-test.local,Human Resources,Support Office
301856,GIIM-A0ULLN,Samsung Galaxy S24,Phone,R5C9A0ULLN,AT13670,In Use,fatima.johnson2@giim-test.local,Human Resources,Support Office
301857,GIIM-F31K3R,HP USB-C Dock G5,Dock,5CHJF31K3R,AT13672,In Use,fatima.johnson2@giim-test.local,Human Resources,Support Office
301858,GIIM-UQQE5T,Samsung Galaxy S24,Phone,R5CUUQQE5T,AT13677,In Use,matilda.kelly@giim-test.local,eCommerce,Support Office
301859,GIIM-D5SQGC,Dell P2723DE,Monitor,CN0AD5SQGC,AT13678,In Use,matilda.kelly@giim-test.local,eCommerce,Support Office
301860,GIIM-AEKRKM,Dell Latitude 7440,Laptop,DLQ4AEKRKM,AT13680,In Use,priya.thompson3@giim-test.local,eCommerce,Support Office
301861,GIIM-ZHLCHV,Apple iPhone 15,Phone,F2LCZHLCHV,AT13681,In Use,priya.thompson3@giim-test.local,eCommerce,Support Office
301862,GIIM-M25LYE,Apple iPhone 15,Phone,F2L2M25LYE,AT13684,In Use,priya.clarke2@giim-test.local,Property,Support Office
301863,GIIM-XPEGYR,HP USB-C Dock G5,Dock,5CHBXPEGYR,AT13690,In Use,ella.mitchell@giim-test.local,Customer Service,Support Office
301864,GIIM-UMDHPN,Dell Latitude 7440,Laptop,DLVJUMDHPN,AT13691,In Use,charlotte.young2@giim-test.local,Property,Support Office
301865,GIIM-9HWSXA,Dell Latitude 7440,Laptop,DLPS9HWSXA,AT13695,In Use,ruby.jones@giim-test.local,Marketing,Support Office
301866,GIIM-HBWFMG,Samsung Galaxy S24,Phone,R5CRHBWFMG,AT13696,In Use,ruby.jones@giim-test.local,Marketing,Support Office
301867,GIIM-E7K175,Dell P2723DE,Monitor,CN03E7K175,AT13697,In Use,ruby.jones@giim-test.local,Marketing,Support Office
301868,GIIM-RSNFRD,Lenovo ThinkPad Universal USB-C Dock,Dock,ZKKNRSNFRD,AT13698,In Use,ruby.jones@giim-test.local,Marketing,Support Office
301869,GIIM-HZ44E1,Apple iPhone 15,Phone,F2LGHZ44E1,AT13700,In Use,jack.lee4@giim-test.local,Legal,Support Office
301870,GIIM-MXY846,HP USB-C Dock G5,Dock,5CH1MXY846,AT13701,In Use,jack.lee4@giim-test.local,Legal,Support Office
301871,GIIM-11XKVB,HP EliteBook 840 G10,Laptop,5CGU11XKVB,AT13702,In Use,olivia.taylor@giim-test.local,Human Resources,Support Office
301872,GIIM-9MKJKZ,Apple iPhone 15,Phone,F2LZ9MKJKZ,AT13703,In Use,olivia.taylor@giim-test.local,Human Resources,Support Office
301873,GIIM-BN9TKA,HP E24 G5,Monitor,3CM9BN9TKA,AT13704,In Use,olivia.taylor@giim-test.local,Human Resources,Support Office
301874,GIIM-E5NATT,Dell Latitude 7440,Laptop,DLHQE5NATT,AT13709,In Use,thomas.king@giim-test.local,Executive,Support Office
301875,GIIM-5U6BUX,Samsung Galaxy S24,Phone,R5CK5U6BUX,AT13710,In Use,isla.patel2@giim-test.local,Executive,Support Office
301876,GIIM-T81ZD3,Apple iPhone 15,Phone,F2LMT81ZD3,AT13713,In Use,harrison.jones@giim-test.local,Sales,Support Office
301877,GIIM-8C68L5,HP USB-C Dock G5,Dock,5CHY8C68L5,AT13714,In Use,harrison.jones@giim-test.local,Sales,Support Office
301878,GIIM-ZPN04S,Samsung Galaxy S24,Phone,R5CTZPN04S,AT13722,In Use,amelia.jones4@giim-test.local,Health & Safety,Support Office
301879,GIIM-FHGYLC,HP USB-C Dock G5,Dock,5CHKFHGYLC,AT13723,In Use,amelia.jones4@giim-test.local,Health & Safety,Support Office
301880,GIIM-4EA9DD,Lenovo ThinkPad X1 Carbon Gen 11,Laptop,PWBE4EA9DD,AT13724,In Use,liam.scott2@giim-test.local,Data & Analytics,Support Office
301881,GIIM-9JKBUJ,Samsung Galaxy S24,Phone,R5CT9JKBUJ,AT13728,In Use,mei.patel2@giim-test.local,Merchandise,Support Office
301882,GIIM-PDUAW1,Dell Latitude 7440,Laptop,DLTAPDUAW1,AT13730,In Use,james.smith@giim-test.local,Health & Safety,Support Office
301883,GIIM-0RCZDT,Samsung Galaxy S24,Phone,R5CU0RCZDT,AT13731,In Use,james.smith@giim-test.local,Health & Safety,Support Office
301884,GIIM-TH3HME,Samsung Galaxy S24,Phone,R5CUTH3HME,AT13734,In Use,harrison.taylor2@giim-test.local,Customer Service,Support Office
301885,GIIM-3ZN08X,HP E24 G5,Monitor,3CMJ3ZN08X,AT13735,In Use,harrison.taylor2@giim-test.local,Customer Service,Support Office
301886,GIIM-9R0Z9F,Lenovo ThinkPad Universal USB-C Dock,Dock,ZK5J9R0Z9F,AT13736,In Use,harrison.taylor2@giim-test.local,Customer Service,Support Office
301887,GIIM-29BFYM,Lenovo ThinkPad X1 Carbon Gen 11,Laptop,PWLL29BFYM,AT13737,In Use,sophie.murphy3@giim-test.local,Sales,Support Office
301888,GIIM-JPU86G,Apple iPhone 15,Phone,F2LXJPU86G,AT13738,In Use,sophie.murphy3@giim-test.local,Sales,Support Office
301889,GIIM-GUW0BG,Samsung Galaxy S24,Phone,R5CKGUW0BG,AT13741,In Use,hunter.king2@giim-test.local,Payroll,Support Office
301890,GIIM-0V51FS,Dell P2723DE,Monitor,CN080V51FS,AT13742,In Use,hunter.king2@giim-test.local,Payroll,Support Office
301891,GIIM-Q0KNDA,Dell Latitude 7440,Laptop,DL5EQ0KNDA,AT13744,In Use,tane.harris@giim-test.local,Payroll,Support Office
301892,GIIM-D5HBZ9,Apple iPhone 15,Phone,F2L1D5HBZ9,AT13745,In Use,tane.harris@giim-test.local,Payroll,Support Office
301893,GIIM-00LRG8,Samsung Galaxy S24,Phone,R5CR00LRG8,AT13747,In Use,ava.mitchell2@giim-test.local,Merchandise,Support Office
301894,GIIM-4CF5XM,HP E24 G5,Monitor,3CMY4CF5XM,AT13748,In Use,ava.mitchell2@giim-test.local,Merchandise,Support Office
301895,GIIM-06BAM1,Samsung Galaxy S24,Phone,R5CD06BAM1,AT13751,In Use,priya.thompson4@giim-test.local,Executive,Support Office
301896,GIIM-2R5BM9,HP E24 G5,Monitor,3CMA2R5BM9,AT13752,In Use,priya.thompson4@giim-test.local,Executive,Support Office
301897,GIIM-US0FLX,Apple iPhone 15,Phone,F2LAUS0FLX,AT13755,In Use,isla.white2@giim-test.local,Legal,Support Office
301898,GIIM-94XKXB,Dell Latitude 7440,Laptop,DLR994XKXB,AT13757,In Use,henry.brown2@giim-test.local,Procurement,Support Office
301899,GIIM-Y9CFF4,HP E24 G5,Monitor,3CM0Y9CFF4,AT13759,In Use,henry.brown2@giim-test.local,Procurement,Support Office
301900,GIIM-W9WFZC,Lenovo ThinkPad Universal USB-C Dock,Dock,ZKY0W9WFZC,AT13760,In Use,henry.brown2@giim-test.local,Procurement,Support Office
301901,GIIM-1VPRZL,Lenovo ThinkPad T14 Gen 4,Laptop,PF1T1VPRZL,AT13765,In Use,harrison.murphy@giim-test.local,Merchandise,Support Office
301902,GIIM-X5M9UV,Apple iPhone 15,Phone,F2LYX5M9UV,AT13766,In Use,harrison.murphy@giim-test.local,Merchandise,Support Office
301903,GIIM-EYQ05D,HP E24 G5,Monitor,3CM5EYQ05D,AT13769,In Use,oliver.martin@giim-test.local,Property,Support Office
301904,GIIM-VNNR0C,Lenovo ThinkPad X1 Carbon Gen 11,Laptop,PWDVVNNR0C,AT13771,In Use,hunter.anderson2@giim-test.local,Human Resources,Support Office
301905,GIIM-L0JL4V,Apple iPhone 15,Phone,F2LNL0JL4V,AT13772,In Use,hunter.anderson2@giim-test.local,Human Resources,Support Office
301906,GIIM-WFGHE9,Lenovo ThinkPad T14 Gen 4,Laptop,PFP6WFGHE9,AT13775,In Use,ella.white4@giim-test.local,Merchandise,Support Office
301907,GIIM-H1D4B5,HP EliteBook 860 G11,Laptop,5CDNH1D4B5,AT13780,In Use,matilda.clarke2@giim-test.local,Operations,Support Office
301908,GIIM-3QKKM2,HP E24 G5,Monitor,3CMS3QKKM2,AT13782,In Use,matilda.clarke2@giim-test.local,Operations,Support Office
301909,GIIM-5VXR6T,Samsung Galaxy S24,Phone,R5CN5VXR6T,AT13785,In Use,lucas.jones2@giim-test.local,Customer Service,Support Office
301910,GIIM-Q5FA25,Dell Latitude 7440,Laptop,DLLPQ5FA25,AT13787,In Use,mei.robinson@giim-test.local,eCommerce,Support Office
301911,GIIM-UQWFLN,Apple iPhone 15,Phone,F2LTUQWFLN,AT13788,In Use,mei.robinson@giim-test.local,eCommerce,Support Office
301912,GIIM-L8UJQY,Dell P2723DE,Monitor,CN0DL8UJQY,AT13789,In Use,mei.robinson@giim-test.local,eCommerce,Support Office
301913,GIIM-XGFFRX,Apple iPhone 15,Phone,F2LNXGFFRX,AT13792,In Use,ava.brown2@giim-test.local,Customer Service,Support Office
301914,GIIM-BPTLZL,Apple iPhone 15,Phone,F2LGBPTLZL,AT13795,In Use,ella.brown2@giim-test.local,Customer Service,Support Office
301915,GIIM-T6SQCF,HP E24 G5,Monitor,3CMMT6SQCF,AT13796,In Use,ella.brown2@giim-test.local,Customer Service,Support Office
301916,GIIM-HAB3NN,HP EliteBook 840 G10,Laptop,5CGMHAB3NN,AT13798,In Use,ella.murphy@giim-test.local,Payroll,Support Office
301917,GIIM-A77TX9,HP E24 G5,Monitor,3CMDA77TX9,AT13800,In Use,ella.murphy@giim-test.local,Payroll,Support Office
301918,GIIM-MW685H,Dell P2723DE,Monitor,CN01MW685H,AT13803,In Use,harper.robinson3@giim-test.local,Legal,Support Office
301919,GIIM-MGHK2D,Samsung Galaxy S24,Phone,R5CUMGHK2D,AT13809,In Use,arjun.brown2@giim-test.local,Finance,Support Office
301920,GIIM-V4RMKZ,Dell Latitude 7440,Laptop,DL8GV4RMKZ,AT13811,In Use,priya.young@giim-test.local,Operations,Support Office
301921,GIIM-W6CZXG,Samsung Galaxy S24,Phone,R5CXW6CZXG,AT13812,In Use,priya.young@giim-test.local,Operations,Support Office
301922,GIIM-D8VZJ0,Lenovo ThinkPad X1 Carbon Gen 11,Laptop,PWBSD8VZJ0,AT13815,In Use,tane.harris@giim-test.local,Logistics,Distribution Centre
301923,GIIM-QNNE3Y,Lenovo ThinkPad Universal USB-C Dock,Dock,ZKG6QNNE3Y,AT13817,In Use,zoe.young@giim-test.local,Logistics,Distribution Centre
301924,GIIM-0UL86X,Lenovo ThinkPad T14 Gen 4,Laptop,PF5U0UL86X,AT13818,In Use,arjun.lee2@giim-test.local,Risk & Compliance,Support Office
301925,GIIM-EUJPMY,Apple iPhone 15,Phone,F2LSEUJPMY,AT13819,In Use,arjun.lee2@giim-test.local,Risk & Compliance,Support Office
301926,GIIM-SLWD03,HP E24 G5,Monitor,3CM4SLWD03,AT13820,In Use,arjun.lee2@giim-test.local,Risk & Compliance,Support Office
301927,GIIM-LJB6JW,HP EliteBook 840 G10,Laptop,5CG4LJB6JW,AT13822,In Use,jack.taylor@giim-test.local,Data & Analytics,Support Office
301928,GIIM-D86G75,Apple iPhone 15,Phone,F2LKD86G75,AT13823,In Use,jack.taylor@giim-test.local,Data & Analytics,Support Office
301929,GIIM-U8DUA5,Lenovo ThinkPad Universal USB-C Dock,Dock,ZKA1U8DUA5,AT13824,In Use,jack.taylor@giim-test.local,Data & Analytics,Support Office
301930,GIIM-AGBVHS,Dell Latitude 7440,Laptop,DLDQAGBVHS,AT13825,In Use,ella.king2@giim-test.local,Operations,Support Office
301931,GIIM-ZESQPZ,Samsung Galaxy S24,Phone,R5C1ZESQPZ,AT13826,In Use,ella.king2@giim-test.local,Operations,Support Office
301932,GIIM-2C5H0B,HP E24 G5,Monitor,3CMX2C5H0B,AT13827,In Use,ella.king2@giim-test.local,Operations,Support Office
301933,GIIM-LHQPTR,Samsung Galaxy S24,Phone,R5CULHQPTR,AT13829,In Use,tane.anderson@giim-test.local,Customer Service,Support Office
301934,GIIM-VANWWA,Samsung Galaxy S24,Phone,R5CUVANWWA,AT13833,In Use,harper.harris@giim-test.local,Legal,Support Office
301935,GIIM-0YFBS8,HP E24 G5,Monitor,3CM20YFBS8,AT13834,In Use,harper.harris@giim-test.local,Legal,Support Office
301936,GIIM-337K2J,HP USB-C Dock G5,Dock,5CHG337K2J,AT13835,In Use,harper.harris@giim-test.local,Legal,Support Office
301937,GIIM-WBH2EU,Lenovo ThinkPad T14 Gen 4,Laptop,PF99WBH2EU,AT13836,In Use,aisha.nguyen4@giim-test.local,Human Resources,Support Office
301938,GIIM-ZK3AYX,Apple iPhone 15,Phone,F2LJZK3AYX,AT13837,In Use,aisha.nguyen4@giim-test.local,Human Resources,Support Office
301939,GIIM-LUYGQQ,Lenovo ThinkPad Universal USB-C Dock,Dock,ZKN3LUYGQQ,AT13839,In Use,aisha.nguyen4@giim-test.local,Human Resources,Support Office
301940,GIIM-KK4J48,Apple iPhone 15,Phone,F2L1KK4J48,AT13841,In Use,oliver.brown3@giim-test.local,Customer Service,Support Office
301941,GIIM-K5QP1E,HP USB-C Dock G5,Dock,5CH7K5QP1E,AT13842,In Use,oliver.brown3@giim-test.local,Customer Service,Support Office
301942,GIIM-HCRYKC,Lenovo ThinkPad Universal USB-C Dock,Dock,ZKUPHCRYKC,AT13846,In Use,grace.anderson2@giim-test.local,Property,Support Office
301943,GIIM-KNPSL6,Lenovo ThinkPad T14 Gen 4,Laptop,PFBUKNPSL6,AT13847,In Use,mei.singh2@giim-test.local,Sales,Support Office
301944,GIIM-9TJGJS,Apple iPhone 15,Phone,F2L09TJGJS,AT13848,In Use,mei.singh2@giim-test.local,Sales,Support Office
301945,GIIM-NSRL4S,Apple iPhone 15,Phone,F2LXNSRL4S,AT13853,In Use,wei.brown2@giim-test.local,Sales,Support Office
301946,GIIM-1J2DDH,HP USB-C Dock G5,Dock,5CHT1J2DDH,AT13858,In Store,grace.thompson@giim-test.local,Legal,Support Office
301947,GIIM-01ENPM,HP EliteBook 860 G11,Laptop,5CDE01ENPM,AT13859,In Use,liam.robinson3@giim-test.local,Data & Analytics,Support Office
301948,GIIM-ZTBFTZ,HP E24 G5,Monitor,3CM7ZTBFTZ,AT13861,In Use,liam.robinson3@giim-test.local,Data & Analytics,Support Office
301949,GIIM-XPU5GR,Apple iPad (10th gen),Tablet,DMPWXPU5GR,AT13862,In Use,arjun.campbell@giim-test.local,Facilities,Distribution Centre
301950,GIIM-UCHK90,HP EliteBook 840 G10,Laptop,5CGPUCHK90,AT13863,In Use,ruby.williams@giim-test.local,Data & Analytics,Support Office
301951,GIIM-B8F513,HP E24 G5,Monitor,3CMHB8F513,AT13865,In Use,ruby.williams@giim-test.local,Data & Analytics,Support Office
301952,GIIM-SDY7HC,Dell P2723DE,Monitor,CN01SDY7HC,AT13868,In Use,ella.williams4@giim-test.local,Merchandise,Support Office
301953,GIIM-E5BUBC,HP USB-C Dock G5,Dock,5CHJE5BUBC,AT13869,In Use,ella.williams4@giim-test.local,Merchandise,Support Office
301954,GIIM-W79Q48,Samsung Galaxy S24,Phone,R5CCW79Q48,AT13871,In Use,cooper.anderson3@giim-test.local,Information Technology,Support Office
301955,GIIM-M1F1DK,HP USB-C Dock G5,Dock,5CH2M1F1DK,AT13873,In Use,cooper.anderson3@giim-test.local,Information Technology,Support Office
301956,GIIM-NN7J5A,Samsung Galaxy S24,Phone,R5C5NN7J5A,AT13879,In Use,arjun.campbell2@giim-test.local,Human Resources,Support Office
301957,GIIM-ECGQ0Z,HP EliteBook 860 G11,Laptop,5CDPECGQ0Z,AT13885,In Use,olivia.chen6@giim-test.local,Marketing,Support Office
301958,GIIM-3KVJ0C,Samsung Galaxy S24,Phone,R5C13KVJ0C,AT13886,In Use,amelia.king@giim-test.local,Marketing,Support Office
301959,GIIM-N769NA,HP E24 G5,Monitor,3CMNN769NA,AT13887,In Use,amelia.king@giim-test.local,Marketing,Support Office
301960,GIIM-HAUCNE,Lenovo ThinkPad Universal USB-C Dock,Dock,ZK26HAUCNE,AT13888,In Use,amelia.king@giim-test.local,Marketing,Support Office
301961,GIIM-WS7251,HP E24 G5,Monitor,3CMBWS7251,AT13891,In Use,sophie.anderson2@giim-test.local,Legal,Support Office
301962,GIIM-MMQ0ZN,HP EliteBook 860 G11,Laptop,5CDAMMQ0ZN,AT13893,In Use,ruby.robinson2@giim-test.local,Property,Support Office
301963,GIIM-GF6U9P,Samsung Galaxy S24,Phone,R5CTGF6U9P,AT13894,In Use,grace.nguyen@giim-test.local,Property,Support Office
301964,GIIM-MWQNSM,HP E24 G5,Monitor,3CMJMWQNSM,AT13895,In Use,ruby.robinson2@giim-test.local,Property,Support Office
301965,GIIM-6ZZ88T,Samsung Galaxy S24,Phone,R5CB6ZZ88T,AT13897,In Use,jack.taylor2@giim-test.local,Marketing,Support Office
301966,GIIM-NU7WUR,Samsung Galaxy S24,Phone,R5CUNU7WUR,AT13901,In Use,olivia.lee@giim-test.local,Property,Support Office
301967,GIIM-M08LV9,HP E24 G5,Monitor,3CM8M08LV9,AT13902,In Use,olivia.lee@giim-test.local,Property,Support Office
301968,GIIM-9LX4ND,HP EliteBook 860 G11,Laptop,5CDH9LX4ND,AT13904,In Use,mei.scott@giim-test.local,Information Technology,Support Office
301969,GIIM-APZKFQ,Apple iPhone 15,Phone,F2LAAPZKFQ,AT13905,In Use,mei.scott@giim-test.local,Information Technology,Support Office
301970,GIIM-9ST8WC,Dell P2723DE,Monitor,CN0K9ST8WC,AT13906,In Use,mei.scott@giim-test.local,Information Technology,Support Office
301971,GIIM-PMJCRB,Lenovo ThinkPad X1 Carbon Gen 11,Laptop,PW32PMJCRB,AT13911,In Use,william.young2@giim-test.local,Human Resources,Support Office
301972,GIIM-ZZNDPP,Apple iPhone 15,Phone,F2LDZZNDPP,AT13912,In Use,william.young2@giim-test.local,Human Resources,Support Office
301973,GIIM-N7Q1XN,HP E24 G5,Monitor,3CMLN7Q1XN,AT13913,In Use,william.young2@giim-test.local,Human Resources,Support Office
301974,GIIM-FN2EZC,Lenovo ThinkPad T14 Gen 4,Laptop,PFDFFN2EZC,AT13915,In Use,harrison.nguyen@giim-test.local,Payroll,Support Office
301975,GIIM-BQGZK2,Apple iPad (10th gen),Tablet,DMP5BQGZK2,AT13918,In Use,amelia.patel2@giim-test.local,Logistics,Distribution Centre
301976,GIIM-9Y6WQK,HP EliteBook 860 G11,Laptop,5CDK9Y6WQK,AT13919,In Use,mason.walker2@giim-test.local,Information Technology,Support Office
301977,GIIM-TWQF6H,Apple iPhone 15,Phone,F2L7TWQF6H,AT13920,In Use,mason.walker2@giim-test.local,Information Technology,Support Office
301978,GIIM-EYDY7Z,HP USB-C Dock G5,Dock,5CH6EYDY7Z,AT13922,In Use,mason.walker2@giim-test.local,Information Technology,Support Office
301979,GIIM-0M4NQA,Lenovo ThinkPad X1 Carbon Gen 11,Laptop,PWPH0M4NQA,AT13923,In Use,lucas.white3@giim-test.local,Information Technology,Support Office
301980,GIIM-RRNX39,Lenovo ThinkPad Universal USB-C Dock,Dock,ZKY0RRNX39,AT13926,In Use,lucas.white3@giim-test.local,Information Technology,Support Office
301981,GIIM-MRWA1E,Apple iPhone 15,Phone,F2LVMRWA1E,AT13928,In Use,ruby.clarke4@giim-test.local,Information Technology,Support Office
301982,GIIM-B30ET6,HP USB-C Dock G5,Dock,5CHQB30ET6,AT13930,In Use,ruby.clarke4@giim-test.local,Information Technology,Support Office
301983,GIIM-0P5QXN,HP E24 G5,Monitor,3CM00P5QXN,AT13933,In Use,mia.clarke2@giim-test.local,Executive,Support Office
301984,GIIM-CC9K1Y,Apple iPhone 15,Phone,F2LCCC9K1Y,AT13936,In Use,sophie.kelly2@giim-test.local,Health & Safety,Support Office
301985,GIIM-KUPSJ7,HP USB-C Dock G5,Dock,5CHAKUPSJ7,AT13938,In Use,sophie.kelly2@giim-test.local,Health & Safety,Support Office
301986,GIIM-28D4XL,HP EliteBook 860 G11,Laptop,5CDR28D4XL,AT13939,In Use,thomas.wang3@giim-test.local,Legal,Support Office
301987,GIIM-62ARVX,Dell P2723DE,Monitor,CN0L62ARVX,AT13941,In Use,thomas.wang3@giim-test.local,Legal,Support Office
301988,GIIM-BA1AUD,Apple iPhone 15,Phone,F2L0BA1AUD,AT13944,In Use,wei.kaur3@giim-test.local,Legal,Support Office
301989,GIIM-GCSY4C,Lenovo ThinkPad Universal USB-C Dock,Dock,ZKLVGCSY4C,AT13945,In Use,wei.kaur3@giim-test.local,Legal,Support Office
301990,GIIM-242BKP,Samsung Galaxy S24,Phone,R5CY242BKP,AT13947,In Use,harper.brown2@giim-test.local,Marketing,Support Office
301991,GIIM-EDAHBM,Dell P2723DE,Monitor,CN0QEDAHBM,AT13948,In Use,harper.brown2@giim-test.local,Marketing,Support Office
301992,GIIM-0G5CGR,Lenovo ThinkPad Universal USB-C Dock,Dock,ZKBR0G5CGR,AT13949,In Use,harper.brown2@giim-test.local,Marketing,Support Office
301993,GIIM-FB7PHZ,HP EliteBook 840 G10,Laptop,5CGPFB7PHZ,AT13950,In Use,harrison.johnson3@giim-test.local,Payroll,Support Office
301994,GIIM-Z94WT2,Samsung Galaxy S24,Phone,R5CVZ94WT2,AT13951,In Use,harrison.johnson3@giim-test.local,Payroll,Support Office
301995,GIIM-FSQUWU,Dell P2723DE,Monitor,CN0BFSQUWU,AT13952,In Use,harrison.johnson3@giim-test.local,Payroll,Support Office
301996,GIIM-WVJRXY,HP USB-C Dock G5,Dock,5CH1WVJRXY,AT13953,In Use,harrison.johnson3@giim-test.local,Payroll,Support Office
301997,GIIM-SCCMJM,Lenovo ThinkPad Universal USB-C Dock,Dock,ZKRSSCCMJM,AT13956,In Use,ethan.clarke3@giim-test.local,Property,Support Office
301998,GIIM-NFR2UN,Lenovo ThinkPad Universal USB-C Dock,Dock,ZKETNFR2UN,AT13960,In Use,fatima.robinson3@giim-test.local,Property,Support Office
301999,GIIM-0WHH7R,Samsung Galaxy S24,Phone,R5CX0WHH7R,AT13962,In Use,arjun.scott3@giim-test.local,Operations,Support Office
302000,GIIM-SDZ2SM,Lenovo ThinkPad T14 Gen 4,Laptop,PF8BSDZ2SM,AT13964,In Use,matilda.brown3@giim-test.local,Marketing,Support Office
302001,GIIM-3S228H,Samsung Galaxy S24,Phone,R5C23S228H,AT13965,In Use,matilda.brown3@giim-test.local,Marketing,Support Office
302002,GIIM-AKP2H3,Dell P2723DE,Monitor,CN0LAKP2H3,AT13966,In Use,matilda.brown3@giim-test.local,Marketing,Support Office
302003,GIIM-W4GFLZ,HP USB-C Dock G5,Dock,5CHNW4GFLZ,AT13967,In Use,matilda.brown3@giim-test.local,Marketing,Support Office
302004,GIIM-7CMBSV,Lenovo ThinkPad X1 Carbon Gen 11,Laptop,PWL47CMBSV,AT13968,In Use,emily.white@giim-test.local,Finance,Support Office
302005,GIIM-AWV8M1,Apple iPhone 15,Phone,F2LAAWV8M1,AT13969,In Use,emily.white@giim-test.local,Finance,Support Office
302006,GIIM-KNTE0S,HP E24 G5,Monitor,3CMJKNTE0S,AT13970,In Use,emily.white@giim-test.local,Finance,Support Office
302007,GIIM-E2R9L9,Lenovo ThinkPad Universal USB-C Dock,Dock,ZKGCE2R9L9,AT13971,In Use,emily.white@giim-test.local,Finance,Support Office
302008,GIIM-8D5SVQ,Apple iPhone 15,Phone,F2L98D5SVQ,AT13973,In Use,aisha.johnson@giim-test.local,Operations,Support Office
302009,GIIM-HEB79Q,Lenovo ThinkPad T14 Gen 4,Laptop,PF8RHEB79Q,AT13976,In Use,thomas.taylor2@giim-test.local,Data & Analytics,Support Office
302010,GIIM-4APX36,HP EliteBook 840 G10,Laptop,5CGW4APX36,AT13978,In Use,mateo.young3@giim-test.local,Sales,Support Office
302011,GIIM-LRDN43,HP EliteBook 860 G11,Laptop,5CDDLRDN43,AT13982,In Use,mason.taylor2@giim-test.local,Payroll,Support Office
302012,GIIM-3RRBRC,Samsung Galaxy S24,Phone,R5CY3RRBRC,AT13983,In Use,mason.taylor2@giim-test.local,Payroll,Support Office
302013,GIIM-PD4WEU,Lenovo ThinkPad T14 Gen 4,Laptop,PFT6PD4WEU,AT13986,In Use,mei.martin2@giim-test.local,Marketing,Support Office
302014,GIIM-F7DSCV,Apple iPhone 15,Phone,F2LLF7DSCV,AT13987,In Use,mei.martin2@giim-test.local,Marketing,Support Office
302015,GIIM-QPRC28,HP EliteBook 840 G10,Laptop,5CGDQPRC28,AT13988,In Use,fatima.chen@giim-test.local,Merchandise,Support Office
302016,GIIM-NZLLUL,HP E24 G5,Monitor,3CM8NZLLUL,AT13990,In Use,fatima.chen@giim-test.local,Merchandise,Support Office
302017,GIIM-Z96E8Q,Apple iPhone 15,Phone,F2LYZ96E8Q,AT13993,In Use,priya.johnson2@giim-test.local,Legal,Support Office
302018,GIIM-0FJ3LC,Dell Latitude 7440,Laptop,DLKT0FJ3LC,AT13994,In Use,wei.smith2@giim-test.local,eCommerce,Support Office
302019,GIIM-DRLW4K,Dell P2723DE,Monitor,CN0GDRLW4K,AT13996,In Use,wei.smith2@giim-test.local,eCommerce,Support Office
302020,GIIM-HKWE4W,Lenovo ThinkPad Universal USB-C Dock,Dock,ZKVMHKWE4W,AT13997,In Use,wei.smith2@giim-test.local,eCommerce,Support Office
302021,GIIM-WRQ8AD,HP EliteBook 860 G11,Laptop,5CD5WRQ8AD,AT13998,In Use,arjun.wilson@giim-test.local,Customer Service,Support Office
302022,GIIM-XXQ94P,Samsung Galaxy S24,Phone,R5CUXXQ94P,AT14003,In Use,ruby.ryan@giim-test.local,Facilities,Distribution Centre
302023,GIIM-REWADP,HP E24 G5,Monitor,3CM5REWADP,AT14004,In Use,ruby.ryan@giim-test.local,Facilities,Distribution Centre
302024,GIIM-KX7JHL,Dell P2723DE,Monitor,CN0MKX7JHL,AT14008,In Use,william.singh@giim-test.local,Risk & Compliance,Support Office
302025,GIIM-FKBPQ7,Lenovo ThinkPad Universal USB-C Dock,Dock,ZKHMFKBPQ7,AT14009,In Use,william.singh@giim-test.local,Risk & Compliance,Support Office
302026,GIIM-SUQ2QJ,Samsung Galaxy S24,Phone,R5C0SUQ2QJ,AT14011,In Use,ethan.jones3@giim-test.local,Customer Service,Support Office
302027,GIIM-YQ2S8X,HP E24 G5,Monitor,3CM5YQ2S8X,AT14014,In Use,harrison.mitchell2@giim-test.local,Operations,Support Office
302028,GIIM-65HY21,Apple iPhone 15,Phone,F2LE65HY21,AT14019,In Use,nikos.young@giim-test.local,Operations,Support Office
302029,GIIM-DCZ3AN,Lenovo ThinkPad T14 Gen 4,Laptop,PFZRDCZ3AN,AT14022,In Use,grace.chen@giim-test.local,Finance,Support Office
302030,GIIM-EGLMNY,Samsung Galaxy S24,Phone,R5CEEGLMNY,AT14023,In Use,grace.chen@giim-test.local,Finance,Support Office
302031,GIIM-NPJ2T3,HP E24 G5,Monitor,3CM2NPJ2T3,AT14024,In Use,grace.chen@giim-test.local,Finance,Support Office
302032,GIIM-XB1S6F,HP EliteBook 840 G10,Laptop,5CG8XB1S6F,AT14026,In Use,mason.ryan4@giim-test.local,Merchandise,Support Office
302033,GIIM-8HG3DL,Lenovo ThinkPad Universal USB-C Dock,Dock,ZK6H8HG3DL,AT14029,In Use,mason.ryan4@giim-test.local,Merchandise,Support Office
302034,GIIM-HMA78Q,Dell P2723DE,Monitor,CN0BHMA78Q,AT14032,In Use,ella.johnson@giim-test.local,Human Resources,Support Office
302035,GIIM-50MJYV,HP USB-C Dock G5,Dock,5CH150MJYV,AT14033,In Use,ella.johnson@giim-test.local,Human Resources,Support Office
302036,GIIM-1M1JB2,HP EliteBook 860 G11,Laptop,5CDR1M1JB2,AT14034,In Use,ruby.young@giim-test.local,Sales,Support Office
302037,GIIM-GM5Z0X,Samsung Galaxy S24,Phone,R5CZGM5Z0X,AT14043,In Use,mason.jones3@giim-test.local,Health & Safety,Support Office
302038,GIIM-PSULB7,Dell Latitude 7440,Laptop,DLBTPSULB7,AT14046,In Use,priya.scott3@giim-test.local,Human Resources,Support Office
302039,GIIM-YSYGQH,Samsung Galaxy S24,Phone,R5CBYSYGQH,AT14047,In Use,priya.scott3@giim-test.local,Human Resources,Support Office
302040,GIIM-HEQH2U,HP E24 G5,Monitor,3CMLHEQH2U,AT14048,In Use,priya.scott3@giim-test.local,Human Resources,Support Office
302041,GIIM-U6FHX4,Lenovo ThinkPad X1 Carbon Gen 11,Laptop,PW8HU6FHX4,AT14050,In Use,tane.taylor@giim-test.local,Marketing,Support Office
302042,GIIM-7482K3,Dell P2723DE,Monitor,CN0W7482K3,AT14052,In Use,tane.taylor@giim-test.local,Marketing,Support Office
302043,GIIM-2F7JV5,Lenovo ThinkPad Universal USB-C Dock,Dock,ZKDD2F7JV5,AT14056,In Use,priya.clarke3@giim-test.local,Human Resources,Support Office
302044,GIIM-VLR830,Dell P2723DE,Monitor,CN0NVLR830,AT14059,In Use,matilda.scott3@giim-test.local,Operations,Support Office
302045,GIIM-LT1KB7,Lenovo ThinkPad Universal USB-C Dock,Dock,ZKT7LT1KB7,AT14060,In Use,matilda.scott3@giim-test.local,Operations,Support Office
302046,GIIM-3EXE4F,HP EliteBook 860 G11,Laptop,5CD23EXE4F,AT14061,In Use,liam.mitchell@giim-test.local,Supply Chain,Distribution Centre
302047,GIIM-UZ4YL2,Samsung Galaxy S24,Phone,R5CUUZ4YL2,AT14062,In Use,liam.mitchell@giim-test.local,Supply Chain,Distribution Centre
302048,GIIM-KLBPKD,Samsung Galaxy S24,Phone,R5C8KLBPKD,AT14066,In Use,emily.kelly@giim-test.local,Marketing,Support Office
302049,GIIM-TYH2PE,HP E24 G5,Monitor,3CMJTYH2PE,AT14067,In Use,emily.kelly@giim-test.local,Marketing,Support Office
302050,GIIM-06TJM7,HP USB-C Dock G5,Dock,5CHP06TJM7,AT14068,In Use,emily.kelly@giim-test.local,Marketing,Support Office
302051,GIIM-L3DRL0,Lenovo ThinkPad T14 Gen 4,Laptop,PFFBL3DRL0,AT14069,In Use,amelia.williams@giim-test.local,Procurement,Support Office
302052,GIIM-SGTH8G,Dell P2723DE,Monitor,CN0PSGTH8G,AT14071,In Use,amelia.williams@giim-test.local,Procurement,Support Office
302053,GIIM-F9Q42W,Samsung Galaxy S24,Phone,R5CTF9Q42W,AT14077,In Use,matilda.nguyen3@giim-test.local,Legal,Support Office
302054,GIIM-DDSR72,HP E24 G5,Monitor,3CM9DDSR72,AT14080,In Use,chloe.taylor@giim-test.local,Merchandise,Support Office
302055,GIIM-LYZNKM,Lenovo ThinkPad Universal USB-C Dock,Dock,ZKFALYZNKM,AT14081,In Use,chloe.taylor@giim-test.local,Merchandise,Support Office
302056,GIIM-WDH820,Dell Latitude 7440,Laptop,DL0AWDH820,AT14082,In Use,wei.harris@giim-test.local,Payroll,Support Office
302057,GIIM-W3Y6YW,Apple iPhone 15,Phone,F2L4W3Y6YW,AT14083,In Use,wei.harris@giim-test.local,Payroll,Support Office
302058,GIIM-NTHJTU,Lenovo ThinkPad Universal USB-C Dock,Dock,ZKSYNTHJTU,AT14084,In Use,wei.harris@giim-test.local,Payroll,Support Office
302059,GIIM-ND5M03,Lenovo ThinkPad X1 Carbon Gen 11,Laptop,PW4MND5M03,AT14085,In Use,mason.kelly2@giim-test.local,Property,Support Office
302060,GIIM-SHM7MS,Dell Latitude 7440,Laptop,DLE5SHM7MS,AT14093,In Use,harper.jones@giim-test.local,Risk & Compliance,Support Office
302061,GIIM-R8T8HJ,Apple iPhone 15,Phone,F2LPR8T8HJ,AT14094,In Use,harper.jones@giim-test.local,Risk & Compliance,Support Office
302062,GIIM-EP7LS2,HP E24 G5,Monitor,3CM1EP7LS2,AT14095,In Use,harper.jones@giim-test.local,Risk & Compliance,Support Office
302063,GIIM-E3Q1RC,Samsung Galaxy S24,Phone,R5C7E3Q1RC,AT14097,In Use,charlotte.king2@giim-test.local,eCommerce,Support Office
302064,GIIM-S3TBBY,Lenovo ThinkPad T14 Gen 4,Laptop,PF41S3TBBY,AT14100,In Use,mason.campbell4@giim-test.local,Marketing,Support Office
302065,GIIM-P3C47Q,Dell P2723DE,Monitor,CN0AP3C47Q,AT14102,In Use,mason.campbell4@giim-test.local,Marketing,Support Office
302066,GIIM-V4TPCP,HP EliteBook 860 G11,Laptop,5CDPV4TPCP,AT14104,In Use,ava.brown3@giim-test.local,Property,Support Office
302067,GIIM-XHTJWV,Samsung Galaxy S24,Phone,R5CVXHTJWV,AT14105,In Use,ava.brown3@giim-test.local,Property,Support Office
302068,GIIM-2W615B,HP USB-C Dock G5,Dock,5CHV2W615B,AT14107,In Use,ava.brown3@giim-test.local,Property,Support Office
302069,GIIM-Q1NNCB,Samsung Galaxy S24,Phone,R5CNQ1NNCB,AT14109,In Use,amelia.jones5@giim-test.local,Finance,Support Office
302070,GIIM-MQYQTW,Dell P2723DE,Monitor,CN0MMQYQTW,AT14110,In Use,amelia.jones5@giim-test.local,Finance,Support Office
302071,GIIM-MSGWMT,HP USB-C Dock G5,Dock,5CH6MSGWMT,AT14111,In Use,amelia.jones5@giim-test.local,Finance,Support Office
302072,GIIM-AGXEAJ,Lenovo ThinkPad T14 Gen 4,Laptop,PFXQAGXEAJ,AT14112,In Use,liam.lee3@giim-test.local,Sales,Support Office
302073,GIIM-N0W24Q,HP USB-C Dock G5,Dock,5CHWN0W24Q,AT14118,In Use,chloe.chen2@giim-test.local,Supply Chain,Distribution Centre
302074,GIIM-QLC90Q,Dell P2723DE,Monitor,CN0QQLC90Q,AT14121,In Use,hunter.chen2@giim-test.local,Customer Service,Support Office
302075,GIIM-SGACXW,HP USB-C Dock G5,Dock,5CHMSGACXW,AT14126,In Use,charlotte.clarke3@giim-test.local,eCommerce,Support Office
302076,GIIM-XKWJ90,Apple iPhone 15,Phone,F2L4XKWJ90,AT14128,In Use,emily.singh2@giim-test.local,Executive,Support Office
302077,GIIM-N4SDQK,Samsung Galaxy S24,Phone,R5C5N4SDQK,AT14132,In Use,mateo.robinson3@giim-test.local,Legal,Support Office
302078,GIIM-SNN1FP,Dell P2723DE,Monitor,CN0CSNN1FP,AT14133,In Use,mateo.robinson3@giim-test.local,Legal,Support Office
302079,GIIM-5FYWGY,HP EliteBook 840 G10,Laptop,5CGW5FYWGY,AT14135,In Use,priya.campbell@giim-test.local,Health & Safety,Support Office
302080,GIIM-47F9YE,Apple iPhone 15,Phone,F2LK47F9YE,AT14136,In Use,priya.campbell@giim-test.local,Health & Safety,Support Office
302081,GIIM-2M9JQ2,HP USB-C Dock G5,Dock,5CHL2M9JQ2,AT14138,In Use,priya.campbell@giim-test.local,Health & Safety,Support Office
302082,GIIM-64GR79,Samsung Galaxy S24,Phone,R5C964GR79,AT14140,In Use,ella.jones3@giim-test.local,Facilities,Distribution Centre
302083,GIIM-2M5T32,Dell Latitude 7440,Laptop,DLHR2M5T32,AT14143,In Use,isla.lee4@giim-test.local,Finance,Support Office
302084,GIIM-4UWFU4,Apple iPhone 15,Phone,F2L24UWFU4,AT14144,In Use,isla.lee4@giim-test.local,Finance,Support Office
302085,GIIM-9D4X51,HP USB-C Dock G5,Dock,5CHA9D4X51,AT14146,In Use,isla.lee4@giim-test.local,Finance,Support Office
302086,GIIM-JQM9SE,Lenovo ThinkPad T14 Gen 4,Laptop,PFB6JQM9SE,AT14147,In Use,grace.chen2@giim-test.local,Data & Analytics,Support Office
302087,GIIM-Z4CEJF,Samsung Galaxy S24,Phone,R5CDZ4CEJF,AT14148,In Use,grace.chen2@giim-test.local,Data & Analytics,Support Office
302088,GIIM-22P8HZ,HP USB-C Dock G5,Dock,5CH922P8HZ,AT14149,In Use,grace.chen2@giim-test.local,Data & Analytics,Support Office
302089,GIIM-D06MSM,Dell Latitude 7440,Laptop,DL2CD06MSM,AT14150,In Use,aisha.anderson3@giim-test.local,Logistics,Distribution Centre
302090,GIIM-9E22XF,Samsung Galaxy S24,Phone,R5CN9E22XF,AT14151,In Use,aisha.anderson3@giim-test.local,Logistics,Distribution Centre
302091,GIIM-VGRBMM,Dell P2723DE,Monitor,CN0HVGRBMM,AT14155,In Use,olivia.chen5@giim-test.local,Health & Safety,Support Office
302092,GIIM-0HBY4W,HP E24 G5,Monitor,3CM90HBY4W,AT14159,In Use,mason.williams2@giim-test.local,Merchandise,Support Office
302093,GIIM-Q8LP0T,Samsung Galaxy S24,Phone,R5CBQ8LP0T,AT14161,In Use,isla.kaur@giim-test.local,Legal,Support Office
302094,GIIM-12JL8W,HP USB-C Dock G5,Dock,5CHS12JL8W,AT14163,In Use,isla.kaur@giim-test.local,Legal,Support Office
302095,GIIM-K2ZNZN,Lenovo ThinkPad T14 Gen 4,Laptop,PF50K2ZNZN,AT14168,In Use,aisha.chen@giim-test.local,Marketing,Support Office
302096,GIIM-35P1J6,HP E24 G5,Monitor,3CMK35P1J6,AT14173,In Use,priya.thompson5@giim-test.local,Information Technology,Support Office
302097,GIIM-0QKFRK,HP USB-C Dock G5,Dock,5CH90QKFRK,AT14174,In Use,priya.thompson5@giim-test.local,Information Technology,Support Office
302098,GIIM-QJZ140,HP USB-C Dock G5,Dock,5CHJQJZ140,AT14182,In Use,arjun.lee3@giim-test.local,Information Technology,Support Office
302099,GIIM-EWDDMC,Dell Latitude 7440,Laptop,DLT2EWDDMC,AT14183,In Use,lucas.king3@giim-test.local,Legal,Support Office
302100,GIIM-07B8VF,Lenovo ThinkPad Universal USB-C Dock,Dock,ZKJF07B8VF,AT14186,In Use,lucas.king3@giim-test.local,Legal,Support Office
302101,GIIM-R7D61R,HP E24 G5,Monitor,3CM8R7D61R,AT14189,In Use,chloe.nguyen2@giim-test.local,Executive,Support Office
302102,GIIM-NTY4L3,Lenovo ThinkPad Universal USB-C Dock,Dock,ZKZ0NTY4L3,AT14190,In Use,chloe.nguyen2@giim-test.local,Executive,Support Office
302103,GIIM-XN24QE,HP EliteBook 860 G11,Laptop,5CDKXN24QE,AT14191,In Use,ella.wang@giim-test.local,Operations,Support Office
302104,GIIM-FJKJHM,Dell P2723DE,Monitor,CN01FJKJHM,AT14193,In Use,ella.wang@giim-test.local,Operations,Support Office
302105,GIIM-PJXSU8,HP USB-C Dock G5,Dock,5CHWPJXSU8,AT14194,In Store,ella.wang@giim-test.local,Operations,Support Office
302106,GIIM-8W8KDP,Lenovo ThinkPad Universal USB-C Dock,Dock,ZKA78W8KDP,AT14200,In Use,isla.jones@giim-test.local,Finance,Support Office
302107,GIIM-1W68YW,Dell P2723DE,Monitor,CN081W68YW,AT14203,In Use,ruby.taylor@giim-test.local,Merchandise,Support Office
302108,GIIM-V969XX,Lenovo ThinkPad T14 Gen 4,Laptop,PF8RV969XX,AT14204,In Use,cooper.mitchell2@giim-test.local,Sales,Support Office
302109,GIIM-YJ57SA,Apple iPhone 15,Phone,F2LEYJ57SA,AT14205,In Use,cooper.mitchell2@giim-test.local,Sales,Support Office
302110,GIIM-CMSFQZ,Samsung Galaxy S24,Phone,R5CBCMSFQZ,AT14207,In Use,arjun.kaur@giim-test.local,Property,Support Office
302111,GIIM-W8YD1D,HP E24 G5,Monitor,3CMEW8YD1D,AT14208,In Use,arjun.kaur@giim-test.local,Property,Support Office
302112,GIIM-N7D7F1,HP EliteBook 860 G11,Laptop,5CDKN7D7F1,AT14209,In Use,cooper.campbell@giim-test.local,Supply Chain,Distribution Centre
302113,GIIM-U5444F,Apple iPhone 15,Phone,F2L1U5444F,AT14210,In Use,cooper.campbell@giim-test.local,Supply Chain,Distribution Centre
302114,GIIM-J29UCS,Dell Latitude 7440,Laptop,DL8TJ29UCS,AT14212,In Use,leo.campbell3@giim-test.local,Sales,Support Office
302115,GIIM-PCC3J6,Apple iPhone 15,Phone,F2LXPCC3J6,AT14213,In Use,isla.martin@giim-test.local,Sales,Support Office
302116,GIIM-5KU16H,HP E24 G5,Monitor,3CMR5KU16H,AT14214,In Use,leo.campbell3@giim-test.local,Sales,Support Office
302117,GIIM-QWEPXQ,Lenovo ThinkPad T14 Gen 4,Laptop,PFHRQWEPXQ,AT14216,In Use,harper.patel3@giim-test.local,Property,Support Office
302118,GIIM-6FZKE4,Lenovo ThinkPad T14 Gen 4,Laptop,PFRS6FZKE4,AT14220,In Use,tane.taylor2@giim-test.local,eCommerce,Support Office
302119,GIIM-BDY44A,Samsung Galaxy S24,Phone,R5C6BDY44A,AT14221,In Use,tane.taylor2@giim-test.local,eCommerce,Support Office
302120,GIIM-S87MBH,HP E24 G5,Monitor,3CMQS87MBH,AT14222,In Use,tane.taylor2@giim-test.local,eCommerce,Support Office
302121,GIIM-PW107U,Lenovo ThinkPad Universal USB-C Dock,Dock,ZKN1PW107U,AT14223,In Use,tane.taylor2@giim-test.local,eCommerce,Support Office
302122,GIIM-R7BDTU,Apple iPhone 15,Phone,F2LWR7BDTU,AT14225,In Use,mason.chen4@giim-test.local,Operations,Support Office
302123,GIIM-SHCTVG,Lenovo ThinkPad Universal USB-C Dock,Dock,ZKD6SHCTVG,AT14227,In Use,mason.chen4@giim-test.local,Operations,Support Office
302124,GIIM-GCJS7P,HP E24 G5,Monitor,3CMGGCJS7P,AT14230,In Use,fatima.nguyen3@giim-test.local,Finance,Support Office
302125,GIIM-9NYYQK,Samsung Galaxy S24,Phone,R5CJ9NYYQK,AT14240,In Use,ruby.robinson3@giim-test.local,eCommerce,Support Office
302126,GIIM-X0WKXP,Dell Latitude 7440,Laptop,DLKKX0WKXP,AT14242,In Use,priya.nguyen@giim-test.local,Customer Service,Support Office
302127,GIIM-EZQWDQ,Apple iPhone 15,Phone,F2LLEZQWDQ,AT14243,In Use,priya.nguyen@giim-test.local,Customer Service,Support Office
302128,GIIM-GM3RSE,HP E24 G5,Monitor,3CMNGM3RSE,AT14244,In Use,priya.nguyen@giim-test.local,Customer Service,Support Office
302129,GIIM-ZM85V0,Lenovo ThinkPad Universal USB-C Dock,Dock,ZK7JZM85V0,AT14245,In Use,priya.nguyen@giim-test.local,Customer Service,Support Office
302130,GIIM-V21ZEY,HP E24 G5,Monitor,3CMEV21ZEY,AT14248,In Use,jack.brown2@giim-test.local,Health & Safety,Support Office
302131,GIIM-5AP2SN,Lenovo ThinkPad Universal USB-C Dock,Dock,ZK455AP2SN,AT14249,In Use,jack.brown2@giim-test.local,Health & Safety,Support Office
302132,GIIM-KJ6NBH,Samsung Galaxy S24,Phone,R5CHKJ6NBH,AT14251,In Use,james.campbell@giim-test.local,Health & Safety,Support Office
302133,GIIM-PWEJ8N,Lenovo ThinkPad Universal USB-C Dock,Dock,ZKQWPWEJ8N,AT14256,In Use,hunter.clarke@giim-test.local,Legal,Support Office
302134,GIIM-8EP8NB,HP E24 G5,Monitor,3CMP8EP8NB,AT14259,In Use,zoe.lee2@giim-test.local,eCommerce,Support Office
302135,GIIM-BBQ00X,HP EliteBook 840 G10,Laptop,5CG2BBQ00X,AT14265,In Store,oliver.smith2@giim-test.local,Legal,Support Office
302136,GIIM-60S0L8,HP EliteBook 840 G10,Laptop,5CG260S0L8,AT14268,In Use,aisha.white@giim-test.local,Payroll,Support Office
302137,GIIM-TQAG7A,Lenovo ThinkPad T14 Gen 4,Laptop,PF7ZTQAG7A,AT14272,In Use,mason.harris3@giim-test.local,Data & Analytics,Support Office
302138,GIIM-RUMMN8,Samsung Galaxy S24,Phone,R5C4RUMMN8,AT14273,In Use,mason.harris3@giim-test.local,Data & Analytics,Support Office
302139,GIIM-G5RKG8,HP EliteBook 860 G11,Laptop,5CD3G5RKG8,AT14276,In Use,james.taylor@giim-test.local,Property,Support Office
302140,GIIM-83Z368,HP EliteBook 840 G10,Laptop,5CG983Z368,AT14279,In Use,jack.mitchell2@giim-test.local,Supply Chain,Distribution Centre
302141,GIIM-8YNVGF,Apple iPhone 15,Phone,F2LM8YNVGF,AT14280,In Use,jack.mitchell2@giim-test.local,Supply Chain,Distribution Centre
302142,GIIM-CWL8CC,HP USB-C Dock G5,Dock,5CH3CWL8CC,AT14286,In Use,liam.wang2@giim-test.local,Executive,Support Office
302143,GIIM-0D34GZ,Dell Latitude 7440,Laptop,DL910D34GZ,AT14287,In Use,noah.mitchell3@giim-test.local,Health & Safety,Support Office
302144,GIIM-QMPMRY,Dell P2723DE,Monitor,CN0XQMPMRY,AT14293,In Use,matilda.king@giim-test.local,Data & Analytics,Support Office
302145,GIIM-S4MLUG,HP USB-C Dock G5,Dock,5CHBS4MLUG,AT14294,In Use,matilda.king@giim-test.local,Data & Analytics,Support Office
302146,GIIM-JD7VL8,Dell P2723DE,Monitor,CN0XJD7VL8,AT14297,In Use,hiroshi.campbell@giim-test.local,Procurement,Support Office
302147,GIIM-3JMB4S,Apple iPhone 15,Phone,F2LX3JMB4S,AT14299,In Use,arjun.lee4@giim-test.local,Facilities,Distribution Centre
302148,GIIM-R0EWDA,Lenovo ThinkPad X1 Carbon Gen 11,Laptop,PW82R0EWDA,AT14301,In Use,jack.brown3@giim-test.local,Human Resources,Support Office
302149,GIIM-TL2CWC,Samsung Galaxy S24,Phone,R5CQTL2CWC,AT14302,In Use,jack.brown3@giim-test.local,Human Resources,Support Office
302150,GIIM-75JMKW,HP USB-C Dock G5,Dock,5CH475JMKW,AT14304,In Use,jack.brown3@giim-test.local,Human Resources,Support Office
302151,GIIM-FEE458,Samsung Galaxy S24,Phone,R5C2FEE458,AT14306,In Use,hiroshi.smith3@giim-test.local,Operations,Support Office
302152,GIIM-GAGKBE,HP USB-C Dock G5,Dock,5CH9GAGKBE,AT14311,In Use,jack.williams@giim-test.local,Sales,Support Office
302153,GIIM-KQ93WW,Lenovo ThinkPad X1 Carbon Gen 11,Laptop,PWWQKQ93WW,AT14312,In Use,liam.robinson4@giim-test.local,Logistics,Distribution Centre
302154,GIIM-05N26Q,HP EliteBook 860 G11,Laptop,5CDH05N26Q,AT14318,In Use,olivia.wilson2@giim-test.local,Procurement,Support Office
302155,GIIM-ZSXU2V,Apple iPhone 15,Phone,F2LTZSXU2V,AT14319,In Use,olivia.wilson2@giim-test.local,Procurement,Support Office
302156,GIIM-4T2CTL,HP USB-C Dock G5,Dock,5CHD4T2CTL,AT14320,In Use,olivia.wilson2@giim-test.local,Procurement,Support Office
302157,GIIM-HAZKSD,Dell Latitude 7440,Laptop,DLCSHAZKSD,AT14321,In Use,oliver.brown4@giim-test.local,Operations,Support Office
302158,GIIM-Q65T76,Samsung Galaxy S24,Phone,R5C6Q65T76,AT14322,In Use,oliver.brown4@giim-test.local,Operations,Support Office
302159,GIIM-T4HPW6,HP EliteBook 840 G10,Laptop,5CGZT4HPW6,AT14325,In Use,hunter.clarke2@giim-test.local,Information Technology,Support Office
302160,GIIM-JXECNY,HP E24 G5,Monitor,3CMAJXECNY,AT14327,In Use,hunter.clarke2@giim-test.local,Information Technology,Support Office
302161,GIIM-7S4HGG,HP USB-C Dock G5,Dock,5CH67S4HGG,AT14328,In Use,hunter.clarke2@giim-test.local,Information Technology,Support Office
302162,GIIM-D0WM58,HP EliteBook 840 G10,Laptop,5CGTD0WM58,AT14329,In Use,ella.wilson2@giim-test.local,Property,Support Office
302163,GIIM-U3JDGY,Lenovo ThinkPad Universal USB-C Dock,Dock,ZKE3U3JDGY,AT14332,In Use,ella.wilson2@giim-test.local,Property,Support Office
302164,GIIM-XXAA5T,Samsung Galaxy S24,Phone,R5CUXXAA5T,AT14334,In Use,james.walker@giim-test.local,Operations,Support Office
302165,GIIM-YY1F4M,Dell P2723DE,Monitor,CN0AYY1F4M,AT14335,In Use,james.walker@giim-test.local,Operations,Support Office
302166,GIIM-4EDE9R,HP USB-C Dock G5,Dock,5CHG4EDE9R,AT14336,In Use,james.walker@giim-test.local,Operations,Support Office
302167,GIIM-M1J6GH,Lenovo ThinkPad X1 Carbon Gen 11,Laptop,PWD4M1J6GH,AT14337,In Use,arjun.lee5@giim-test.local,Information Technology,Support Office
302168,GIIM-0D7AHZ,HP E24 G5,Monitor,3CMC0D7AHZ,AT14342,In Use,aisha.white2@giim-test.local,Merchandise,Support Office
302169,GIIM-BPWH9K,HP EliteBook 840 G10,Laptop,5CGBBPWH9K,AT14344,In Use,hiroshi.chen2@giim-test.local,Payroll,Support Office
302170,GIIM-QS1RST,Apple iPhone 15,Phone,F2L2QS1RST,AT14345,In Use,hiroshi.chen2@giim-test.local,Payroll,Support Office
302171,GIIM-K8XV0L,HP USB-C Dock G5,Dock,5CH1K8XV0L,AT14347,In Use,hiroshi.chen2@giim-test.local,Payroll,Support Office
302172,GIIM-HP4CDK,HP EliteBook 860 G11,Laptop,5CD3HP4CDK,AT14348,In Use,henry.kelly2@giim-test.local,Payroll,Support Office
302173,GIIM-FLW9GX,Apple iPhone 15,Phone,F2LDFLW9GX,AT14349,In Use,henry.kelly2@giim-test.local,Payroll,Support Office
302174,GIIM-JP4CQP,Samsung Galaxy S24,Phone,R5C1JP4CQP,AT14351,In Use,noah.martin2@giim-test.local,Finance,Support Office
302175,GIIM-9H8HN8,Apple iPhone 15,Phone,F2LR9H8HN8,AT14354,In Use,james.thompson2@giim-test.local,Finance,Support Office
302176,GIIM-BECMMA,Lenovo ThinkPad Universal USB-C Dock,Dock,ZKM7BECMMA,AT14358,In Use,harper.campbell@giim-test.local,Property,Support Office
302177,GIIM-131536,HP EliteBook 860 G11,Laptop,5CD2131536,AT14359,In Use,ella.kaur@giim-test.local,Executive,Support Office
302178,GIIM-BCSS1T,Samsung Galaxy S24,Phone,R5CWBCSS1T,AT14360,In Use,ella.kaur@giim-test.local,Executive,Support Office
302179,GIIM-22QP33,HP E24 G5,Monitor,3CMY22QP33,AT14366,In Use,aisha.lee2@giim-test.local,Operations,Support Office
302180,GIIM-SKX5SS,Lenovo ThinkPad Universal USB-C Dock,Dock,ZKZQSKX5SS,AT14367,In Store,aisha.lee2@giim-test.local,Operations,Support Office
302181,GIIM-B65QGN,Samsung Galaxy S24,Phone,R5C7B65QGN,AT14369,In Use,liam.robinson5@giim-test.local,Human Resources,Support Office
302182,GIIM-U0RJTZ,HP E24 G5,Monitor,3CMCU0RJTZ,AT14370,In Use,liam.robinson5@giim-test.local,Human Resources,Support Office
302183,GIIM-SUH1AB,Lenovo ThinkPad T14 Gen 4,Laptop,PF2XSUH1AB,AT14372,In Use,isla.young2@giim-test.local,Operations,Support Office
302184,GIIM-LLV1C7,Lenovo ThinkPad Universal USB-C Dock,Dock,ZKF1LLV1C7,AT14378,In Use,oliver.singh3@giim-test.local,Property,Support Office
302185,GIIM-BXRRHC,Lenovo ThinkPad T14 Gen 4,Laptop,PFHYBXRRHC,AT14379,In Use,james.white2@giim-test.local,Payroll,Support Office
302186,GIIM-CY7JAC,Dell Latitude 7440,Laptop,DLEFCY7JAC,AT14382,In Use,mei.johnson2@giim-test.local,Executive,Support Office
302187,GIIM-10HVR6,HP EliteBook 860 G11,Laptop,5CDR10HVR6,AT14384,In Use,james.brown2@giim-test.local,Human Resources,Support Office
302188,GIIM-25A65Q,Lenovo ThinkPad Universal USB-C Dock,Dock,ZKPC25A65Q,AT14386,In Use,james.brown2@giim-test.local,Human Resources,Support Office
302189,GIIM-FG6G4U,Lenovo ThinkPad Universal USB-C Dock,Dock,ZK4NFG6G4U,AT14390,In Use,priya.thompson6@giim-test.local,Information Technology,Support Office
302190,GIIM-EYW6V8,Samsung Galaxy S24,Phone,R5CUEYW6V8,AT14392,In Use,mei.thompson2@giim-test.local,Executive,Support Office
302191,GIIM-14BTKK,HP EliteBook 860 G11,Laptop,5CDE14BTKK,AT14395,In Use,mateo.robinson@giim-test.local,Data & Analytics,Support Office
302192,GIIM-0TTCH7,Samsung Galaxy S24,Phone,R5CW0TTCH7,AT14396,In Use,mateo.ryan@giim-test.local,Data & Analytics,Support Office
302193,GIIM-B0ACB2,Lenovo ThinkPad Universal USB-C Dock,Dock,ZKHHB0ACB2,AT14397,In Use,mateo.ryan@giim-test.local,Data & Analytics,Support Office
302194,GIIM-CK8VK9,Dell Latitude 7440,Laptop,DLF2CK8VK9,AT14398,In Use,ruby.murphy2@giim-test.local,Sales,Support Office
302195,GIIM-1KL8V3,Samsung Galaxy S24,Phone,R5C61KL8V3,AT14399,In Use,ruby.murphy2@giim-test.local,Sales,Support Office
302196,GIIM-ZR7ZTP,HP E24 G5,Monitor,3CMUZR7ZTP,AT14400,In Use,ruby.murphy2@giim-test.local,Sales,Support Office
302197,GIIM-PCKJ7N,Lenovo ThinkPad Universal USB-C Dock,Dock,ZK3VPCKJ7N,AT14405,In Use,mason.anderson2@giim-test.local,Procurement,Support Office
302198,GIIM-BQ5END,HP EliteBook 860 G11,Laptop,5CD2BQ5END,AT14406,In Use,leo.campbell4@giim-test.local,Executive,Support Office
302199,GIIM-YF24NW,Lenovo ThinkPad Universal USB-C Dock,Dock,ZKZSYF24NW,AT14408,In Use,leo.campbell4@giim-test.local,Executive,Support Office
302200,GIIM-1R03WE,Lenovo ThinkPad X1 Carbon Gen 11,Laptop,PWFF1R03WE,AT14409,In Use,isla.brown4@giim-test.local,Health & Safety,Support Office
302201,GIIM-EPUXPF,Apple iPhone 15,Phone,F2LTEPUXPF,AT14410,In Use,isla.brown4@giim-test.local,Health & Safety,Support Office
302202,GIIM-BC8U1H,Lenovo ThinkPad X1 Carbon Gen 11,Laptop,PWKHBC8U1H,AT14413,In Use,wei.chen@giim-test.local,Health & Safety,Support Office
302203,GIIM-QRYQ8G,Apple iPhone 15,Phone,F2L8QRYQ8G,AT14414,In Use,wei.chen@giim-test.local,Health & Safety,Support Office
302204,GIIM-4QGEW8,Dell P2723DE,Monitor,CN064QGEW8,AT14415,In Use,wei.chen@giim-test.local,Health & Safety,Support Office
302205,GIIM-HL5CPT,Apple iPad (10th gen),Tablet,DMPJHL5CPT,AT14417,In Use,ella.brown3@giim-test.local,Supply Chain,Distribution Centre
302206,GIIM-2SSZCD,HP EliteBook 840 G10,Laptop,5CG72SSZCD,AT14418,In Use,fatima.wilson2@giim-test.local,Health & Safety,Support Office
302207,GIIM-EHPQ2F,Apple iPhone 15,Phone,F2LREHPQ2F,AT14419,In Use,fatima.wilson2@giim-test.local,Health & Safety,Support Office
302208,GIIM-6DJD96,Samsung Galaxy S24,Phone,R5CC6DJD96,AT14422,In Use,harper.harris@giim-test.local,Merchandise,Support Office
302209,GIIM-50ZLS9,HP USB-C Dock G5,Dock,5CHZ50ZLS9,AT14424,In Use,mason.walker3@giim-test.local,Merchandise,Support Office
302210,GIIM-456UBN,Samsung Galaxy S24,Phone,R5C0456UBN,AT14434,In Use,hiroshi.clarke@giim-test.local,Logistics,Distribution Centre
302211,GIIM-YK9RY6,HP E24 G5,Monitor,3CMYYK9RY6,AT14435,In Use,hunter.patel@giim-test.local,Logistics,Distribution Centre
302212,GIIM-KT6PHK,HP USB-C Dock G5,Dock,5CHCKT6PHK,AT14436,In Use,hiroshi.clarke@giim-test.local,Logistics,Distribution Centre
302213,GIIM-0B00QD,Lenovo ThinkPad T14 Gen 4,Laptop,PFD20B00QD,AT14437,In Use,mateo.anderson3@giim-test.local,Customer Service,Support Office
302214,GIIM-PGVHSV,Samsung Galaxy S24,Phone,R5CHPGVHSV,AT14438,In Use,mateo.anderson3@giim-test.local,Customer Service,Support Office
302215,GIIM-S955ML,Lenovo ThinkPad T14 Gen 4,Laptop,PF7RS955ML,AT14441,In Use,ella.williams5@giim-test.local,Health & Safety,Support Office
302216,GIIM-66K2ST,HP E24 G5,Monitor,3CM266K2ST,AT14443,In Use,ella.williams5@giim-test.local,Health & Safety,Support Office
302217,GIIM-TK66AU,Apple iPhone 15,Phone,F2L3TK66AU,AT14445,In Use,zoe.scott2@giim-test.local,Human Resources,Support Office
302218,GIIM-YK2B4X,HP E24 G5,Monitor,3CM4YK2B4X,AT14446,In Use,zoe.scott2@giim-test.local,Human Resources,Support Office
302219,GIIM-5A4BMJ,Samsung Galaxy S24,Phone,R5CV5A4BMJ,AT14449,In Use,nikos.robinson@giim-test.local,Procurement,Support Office
302220,GIIM-HM0Q4R,HP USB-C Dock G5,Dock,5CH3HM0Q4R,AT14451,In Use,nikos.robinson@giim-test.local,Procurement,Support Office
302221,GIIM-QLALDX,Apple iPhone 15,Phone,F2L1QLALDX,AT14453,In Use,william.chen@giim-test.local,Information Technology,Support Office
302222,GIIM-UHCNE5,Dell P2723DE,Monitor,CN0TUHCNE5,AT14454,In Use,william.chen@giim-test.local,Information Technology,Support Office
302223,GIIM-CPJQ7Q,Samsung Galaxy S24,Phone,R5C4CPJQ7Q,AT14457,In Use,priya.lee2@giim-test.local,Property,Support Office
302224,GIIM-M5HTKT,Dell Latitude 7440,Laptop,DL8XM5HTKT,AT14461,In Use,ethan.martin2@giim-test.local,Payroll,Support Office
302225,GIIM-JNVXR2,HP E24 G5,Monitor,3CM5JNVXR2,AT14463,In Use,ethan.martin2@giim-test.local,Payroll,Support Office
302226,GIIM-8F7K66,Lenovo ThinkPad X1 Carbon Gen 11,Laptop,PW5G8F7K66,AT14464,In Use,mason.king@giim-test.local,Sales,Support Office
302227,GIIM-RA6DDS,Samsung Galaxy S24,Phone,R5C5RA6DDS,AT14465,In Use,mason.king@giim-test.local,Sales,Support Office
302228,GIIM-B1CN96,HP E24 G5,Monitor,3CMYB1CN96,AT14466,In Use,mason.king@giim-test.local,Sales,Support Office
302229,GIIM-HK6H3X,HP EliteBook 840 G10,Laptop,5CGCHK6H3X,AT14467,In Use,amelia.jones6@giim-test.local,Sales,Support Office
302230,GIIM-8NM0GR,Samsung Galaxy S24,Phone,R5CN8NM0GR,AT14468,In Use,amelia.jones6@giim-test.local,Sales,Support Office
302231,GIIM-RKP3XH,Lenovo ThinkPad T14 Gen 4,Laptop,PFBHRKP3XH,AT14470,In Use,ella.ryan@giim-test.local,Finance,Support Office
302232,GIIM-HFMTWG,Dell P2723DE,Monitor,CN0RHFMTWG,AT14472,In Use,ella.ryan@giim-test.local,Finance,Support Office
302233,GIIM-2YSXAU,Samsung Galaxy S24,Phone,R5CJ2YSXAU,AT14474,In Use,hiroshi.young2@giim-test.local,Procurement,Support Office
302234,GIIM-RPHB26,Apple iPad (10th gen),Tablet,DMP5RPHB26,AT14476,In Use,leo.nguyen@giim-test.local,Supply Chain,Distribution Centre
302235,GIIM-8NYB9G,Lenovo ThinkPad X1 Carbon Gen 11,Laptop,PWA38NYB9G,AT14477,In Use,oliver.lee@giim-test.local,Sales,Support Office
302236,GIIM-22NQQ5,Lenovo ThinkPad Universal USB-C Dock,Dock,ZKMW22NQQ5,AT14479,In Use,oliver.lee@giim-test.local,Sales,Support Office
302237,GIIM-0FRDX1,Apple iPhone 15,Phone,F2LG0FRDX1,AT14484,In Use,mateo.lee4@giim-test.local,Payroll,Support Office
302238,GIIM-PVN9BL,Apple iPhone 15,Phone,F2LPPVN9BL,AT14488,In Use,leo.lee2@giim-test.local,Information Technology,Support Office
302239,GIIM-XNRZQD,Lenovo ThinkPad T14 Gen 4,Laptop,PFASXNRZQD,AT14491,In Use,mia.brown@giim-test.local,Customer Service,Support Office
302240,GIIM-UH37H1,HP USB-C Dock G5,Dock,5CHMUH37H1,AT14493,In Use,mia.brown@giim-test.local,Customer Service,Support Office
302241,GIIM-28T1BN,Apple iPad (10th gen),Tablet,DMPF28T1BN,AT14495,In Use,hunter.anderson3@giim-test.local,Facilities,Distribution Centre
302242,GIIM-A63Y0F,Dell Latitude 7440,Laptop,DLWWA63Y0F,AT14496,In Use,fatima.williams2@giim-test.local,Data & Analytics,Support Office
302243,GIIM-M5FK4E,HP E24 G5,Monitor,3CM6M5FK4E,AT14502,In Use,harper.harris2@giim-test.local,Payroll,Support Office
302244,GIIM-HYS4P3,Dell Latitude 7440,Laptop,DL76HYS4P3,AT14503,In Use,nikos.taylor@giim-test.local,Operations,Support Office
302245,GIIM-12Z5PV,HP E24 G5,Monitor,3CMQ12Z5PV,AT14508,In Use,ruby.chen2@giim-test.local,Marketing,Support Office
302246,GIIM-5WXDAT,Samsung Galaxy S24,Phone,R5C15WXDAT,AT14510,In Use,harrison.walker3@giim-test.local,eCommerce,Support Office
302247,GIIM-29HFUZ,Lenovo ThinkPad Universal USB-C Dock,Dock,ZKCQ29HFUZ,AT14512,In Use,harrison.walker3@giim-test.local,eCommerce,Support Office
302248,GIIM-HH351B,HP EliteBook 860 G11,Laptop,5CD2HH351B,AT14518,In Use,olivia.campbell2@giim-test.local,Procurement,Support Office
302249,GIIM-WDP8AW,HP E24 G5,Monitor,3CMWWDP8AW,AT14520,In Use,olivia.campbell2@giim-test.local,Procurement,Support Office
302250,GIIM-YGSQC7,HP USB-C Dock G5,Dock,5CHEYGSQC7,AT14521,In Use,leo.martin2@giim-test.local,Procurement,Support Office
302251,GIIM-SS1CDQ,Dell Latitude 7440,Laptop,DLLQSS1CDQ,AT14522,In Use,chloe.williams@giim-test.local,Finance,Support Office
302252,GIIM-DW9PZ4,Samsung Galaxy S24,Phone,R5C3DW9PZ4,AT14523,In Use,chloe.williams@giim-test.local,Finance,Support Office
302253,GIIM-1P9BUA,Samsung Galaxy S24,Phone,R5CU1P9BUA,AT14531,In Use,tane.smith3@giim-test.local,Payroll,Support Office
302254,GIIM-PTF06K,HP USB-C Dock G5,Dock,5CH6PTF06K,AT14533,In Use,tane.smith3@giim-test.local,Payroll,Support Office
302255,GIIM-44UNBS,HP USB-C Dock G5,Dock,5CH144UNBS,AT14536,In Store,wei.singh@giim-test.local,Legal,Support Office
302256,GIIM-8HCF9H,HP EliteBook 860 G11,Laptop,5CDA8HCF9H,AT14537,In Use,james.wang4@giim-test.local,eCommerce,Support Office
302257,GIIM-0TPG6P,Samsung Galaxy S24,Phone,R5CE0TPG6P,AT14541,In Use,charlotte.white@giim-test.local,Property,Support Office
302258,GIIM-GYPT25,Dell P2723DE,Monitor,CN01GYPT25,AT14542,In Use,charlotte.white@giim-test.local,Property,Support Office
302259,GIIM-PRDWGM,Dell Latitude 7440,Laptop,DLT8PRDWGM,AT14544,In Use,nikos.martin@giim-test.local,Risk & Compliance,Support Office
302260,GIIM-8AL8JC,HP E24 G5,Monitor,3CMT8AL8JC,AT14546,In Use,nikos.martin@giim-test.local,Risk & Compliance,Support Office
302261,GIIM-8B6FW6,Samsung Galaxy S24,Phone,R5CZ8B6FW6,AT14548,In Use,harper.singh2@giim-test.local,Procurement,Support Office
302262,GIIM-W7NCBH,HP E24 G5,Monitor,3CM0W7NCBH,AT14549,In Use,harper.singh2@giim-test.local,Procurement,Support Office
302263,GIIM-C6WWV9,HP USB-C Dock G5,Dock,5CHNC6WWV9,AT14550,In Use,harper.singh2@giim-test.local,Procurement,Support Office
302264,GIIM-R76FJH,HP USB-C Dock G5,Dock,5CHMR76FJH,AT14554,In Use,hiroshi.robinson2@giim-test.local,Logistics,Distribution Centre
302265,GIIM-77B58Y,Dell Latitude 7440,Laptop,DL3977B58Y,AT14555,In Use,jack.scott2@giim-test.local,Operations,Support Office
302266,GIIM-7FD8DK,Samsung Galaxy S24,Phone,R5CW7FD8DK,AT14556,In Use,jack.scott2@giim-test.local,Operations,Support Office
302267,GIIM-0EZUCL,HP EliteBook 860 G11,Laptop,5CDP0EZUCL,AT14558,In Use,thomas.walker@giim-test.local,Health & Safety,Support Office
302268,GIIM-NWK0U1,Samsung Galaxy S24,Phone,R5CZNWK0U1,AT14559,In Use,thomas.walker@giim-test.local,Health & Safety,Support Office
302269,GIIM-8DNRW8,HP E24 G5,Monitor,3CME8DNRW8,AT14560,In Use,thomas.walker@giim-test.local,Health & Safety,Support Office
302270,GIIM-UEDR69,Lenovo ThinkPad T14 Gen 4,Laptop,PFGPUEDR69,AT14562,In Use,mia.scott2@giim-test.local,Payroll,Support Office
302271,GIIM-QF0B6X,Apple iPhone 15,Phone,F2LPQF0B6X,AT14563,In Use,mia.scott2@giim-test.local,Payroll,Support Office
302272,GIIM-BK7VHE,HP E24 G5,Monitor,3CMGBK7VHE,AT14564,In Use,mia.scott2@giim-test.local,Payroll,Support Office
302273,GIIM-EBM27V,HP USB-C Dock G5,Dock,5CHSEBM27V,AT14565,In Use,mia.scott2@giim-test.local,Payroll,Support Office
302274,GIIM-K5MQPP,Lenovo ThinkPad X1 Carbon Gen 11,Laptop,PWS0K5MQPP,AT14566,In Use,amelia.brown@giim-test.local,Operations,Support Office
302275,GIIM-8UL3GK,Samsung Galaxy S24,Phone,R5C68UL3GK,AT14567,In Use,amelia.brown@giim-test.local,Operations,Support Office
302276,GIIM-94TQ5H,HP E24 G5,Monitor,3CMM94TQ5H,AT14568,In Use,amelia.brown@giim-test.local,Operations,Support Office
302277,GIIM-XZMACH,Lenovo ThinkPad X1 Carbon Gen 11,Laptop,PW3XXZMACH,AT14569,In Use,isla.singh@giim-test.local,Health & Safety,Support Office
302278,GIIM-5LVFSB,Apple iPhone 15,Phone,F2L15LVFSB,AT14570,In Use,isla.singh@giim-test.local,Health & Safety,Support Office
302279,GIIM-S6SNY8,Dell P2723DE,Monitor,CN0KS6SNY8,AT14571,In Use,isla.singh@giim-test.local,Health & Safety,Support Office
302280,GIIM-K2FKM0,HP USB-C Dock G5,Dock,5CHXK2FKM0,AT14572,In Use,isla.singh@giim-test.local,Health & Safety,Support Office
302281,GIIM-1BYS42,Samsung Galaxy S24,Phone,R5CZ1BYS42,AT14574,In Use,ethan.harris@giim-test.local,eCommerce,Support Office
302282,GIIM-81AWR8,HP E24 G5,Monitor,3CMK81AWR8,AT14575,In Use,ethan.harris@giim-test.local,eCommerce,Support Office
302283,GIIM-64ALL7,Lenovo ThinkPad T14 Gen 4,Laptop,PFVN64ALL7,AT14576,In Use,oliver.clarke@giim-test.local,Risk & Compliance,Support Office
302284,GIIM-L9V5VZ,Lenovo ThinkPad X1 Carbon Gen 11,Laptop,PWQEL9V5VZ,AT14580,In Use,oliver.lee2@giim-test.local,Merchandise,Support Office
302285,GIIM-PPG7XT,Samsung Galaxy S24,Phone,R5CEPPG7XT,AT14581,In Use,oliver.lee2@giim-test.local,Merchandise,Support Office
302286,GIIM-PTJTRB,HP E24 G5,Monitor,3CMYPTJTRB,AT14582,In Use,oliver.lee2@giim-test.local,Merchandise,Support Office
302287,GIIM-5EU4UL,Dell P2723DE,Monitor,CN035EU4UL,AT14586,In Use,james.nguyen2@giim-test.local,Logistics,Distribution Centre
302288,GIIM-EPDFEN,Lenovo ThinkPad X1 Carbon Gen 11,Laptop,PWQUEPDFEN,AT14588,In Use,harper.thompson2@giim-test.local,Property,Support Office
302289,GIIM-5FAL3D,Apple iPhone 15,Phone,F2LN5FAL3D,AT14589,In Use,harper.thompson2@giim-test.local,Property,Support Office
302290,GIIM-Y042C7,HP E24 G5,Monitor,3CMUY042C7,AT14590,In Use,harper.thompson2@giim-test.local,Property,Support Office
302291,GIIM-QU5KUS,Samsung Galaxy S24,Phone,R5C3QU5KUS,AT14592,In Use,priya.young@giim-test.local,Human Resources,Support Office
302292,GIIM-DH3V1B,Lenovo ThinkPad Universal USB-C Dock,Dock,ZK6KDH3V1B,AT14593,In Use,charlotte.smith3@giim-test.local,Human Resources,Support Office
302293,GIIM-B604GZ,Lenovo ThinkPad T14 Gen 4,Laptop,PFAMB604GZ,AT14594,In Use,matilda.walker2@giim-test.local,Data & Analytics,Support Office
302294,GIIM-Q5LK72,Apple iPhone 15,Phone,F2LKQ5LK72,AT14595,In Use,matilda.walker2@giim-test.local,Data & Analytics,Support Office
302295,GIIM-ZX810B,HP E24 G5,Monitor,3CMSZX810B,AT14596,In Use,matilda.walker2@giim-test.local,Data & Analytics,Support Office
302296,GIIM-RAYMTK,Lenovo ThinkPad T14 Gen 4,Laptop,PF08RAYMTK,AT14598,In Use,leo.thompson2@giim-test.local,eCommerce,Support Office
302297,GIIM-UF5RCV,Apple iPhone 15,Phone,F2LEUF5RCV,AT14599,In Use,leo.thompson2@giim-test.local,eCommerce,Support Office
302298,GIIM-MLS77W,HP E24 G5,Monitor,3CM8MLS77W,AT14600,In Use,leo.thompson2@giim-test.local,eCommerce,Support Office
302299,GIIM-1J8ZS1,Lenovo ThinkPad Universal USB-C Dock,Dock,ZKT01J8ZS1,AT14601,In Use,leo.thompson2@giim-test.local,eCommerce,Support Office
302300,GIIM-TJPX8C,Samsung Galaxy S24,Phone,R5C2TJPX8C,AT14603,In Use,thomas.murphy@giim-test.local,Risk & Compliance,Support Office
302301,GIIM-Q1P366,HP E24 G5,Monitor,3CMTQ1P366,AT14604,In Use,thomas.murphy@giim-test.local,Risk & Compliance,Support Office
302302,GIIM-LNKHYE,Lenovo ThinkPad Universal USB-C Dock,Dock,ZKJFLNKHYE,AT14605,In Use,thomas.murphy@giim-test.local,Risk & Compliance,Support Office
302303,GIIM-J9VBUY,Lenovo ThinkPad T14 Gen 4,Laptop,PFV7J9VBUY,AT14606,In Use,lucas.singh4@giim-test.local,Human Resources,Support Office
302304,GIIM-9FRU7M,Lenovo ThinkPad T14 Gen 4,Laptop,PFQG9FRU7M,AT14609,In Use,amelia.chen3@giim-test.local,Operations,Support Office
302305,GIIM-F19RM6,HP E24 G5,Monitor,3CMEF19RM6,AT14611,In Use,amelia.chen3@giim-test.local,Operations,Support Office
302306,GIIM-FP380Q,Dell Latitude 7440,Laptop,DLRTFP380Q,AT14613,In Use,charlotte.singh3@giim-test.local,Data & Analytics,Support Office
302307,GIIM-JFT45C,HP E24 G5,Monitor,3CMYJFT45C,AT14615,In Use,charlotte.singh3@giim-test.local,Data & Analytics,Support Office
302308,GIIM-0TBCG6,Lenovo ThinkPad X1 Carbon Gen 11,Laptop,PWF60TBCG6,AT14617,In Use,lucas.jones3@giim-test.local,Sales,Support Office
302309,GIIM-UE9837,Samsung Galaxy S24,Phone,R5CXUE9837,AT14618,In Use,lucas.jones3@giim-test.local,Sales,Support Office
302310,GIIM-AS7YQF,HP E24 G5,Monitor,3CMMAS7YQF,AT14619,In Use,oliver.scott@giim-test.local,Sales,Support Office
302311,GIIM-VXEMKB,HP EliteBook 860 G11,Laptop,5CDWVXEMKB,AT14621,In Use,olivia.chen6@giim-test.local,Data & Analytics,Support Office
302312,GIIM-NGJPM7,HP E24 G5,Monitor,3CM5NGJPM7,AT14625,In Use,matilda.williams2@giim-test.local,Health & Safety,Support Office
302313,GIIM-5BS7G2,HP USB-C Dock G5,Dock,5CHN5BS7G2,AT14626,In Use,matilda.williams2@giim-test.local,Health & Safety,Support Office
302314,GIIM-L48WW3,HP EliteBook 840 G10,Laptop,5CGJL48WW3,AT14627,In Use,thomas.wilson2@giim-test.local,Data & Analytics,Support Office
302315,GIIM-960HTJ,Samsung Galaxy S24,Phone,R5CH960HTJ,AT14628,In Use,thomas.wilson2@giim-test.local,Data & Analytics,Support Office
302316,GIIM-VJCU2R,Lenovo ThinkPad Universal USB-C Dock,Dock,ZKQKVJCU2R,AT14630,In Use,thomas.wilson2@giim-test.local,Data & Analytics,Support Office
302317,GIIM-37TJHR,Apple iPhone 15,Phone,F2L837TJHR,AT14632,In Use,jack.anderson2@giim-test.local,Merchandise,Support Office
302318,GIIM-8FTM97,Dell P2723DE,Monitor,CN0R8FTM97,AT14633,In Use,jack.anderson2@giim-test.local,Merchandise,Support Office
302319,GIIM-6GX7T3,HP USB-C Dock G5,Dock,5CH26GX7T3,AT14634,In Use,jack.anderson2@giim-test.local,Merchandise,Support Office
302320,GIIM-R69KA3,Lenovo ThinkPad Universal USB-C Dock,Dock,ZKAAR69KA3,AT14638,In Use,mateo.patel@giim-test.local,Logistics,Distribution Centre
302321,GIIM-NCP38D,HP EliteBook 860 G11,Laptop,5CDYNCP38D,AT14639,In Use,william.nguyen2@giim-test.local,Legal,Support Office
302322,GIIM-UVLU4Y,Dell P2723DE,Monitor,CN0SUVLU4Y,AT14641,In Use,william.nguyen2@giim-test.local,Legal,Support Office
302323,GIIM-2WDT9Z,Lenovo ThinkPad X1 Carbon Gen 11,Laptop,PWNQ2WDT9Z,AT14642,In Use,leo.brown4@giim-test.local,Information Technology,Support Office
302324,GIIM-D6LGF4,Apple iPhone 15,Phone,F2LYD6LGF4,AT14643,In Use,leo.brown4@giim-test.local,Information Technology,Support Office
302325,GIIM-KNUN75,Lenovo ThinkPad X1 Carbon Gen 11,Laptop,PWR5KNUN75,AT14645,In Use,hiroshi.walker4@giim-test.local,Finance,Support Office
302326,GIIM-RQHYTF,Samsung Galaxy S24,Phone,R5C6RQHYTF,AT14646,In Use,hiroshi.walker4@giim-test.local,Finance,Support Office
302327,GIIM-W0M5L6,HP USB-C Dock G5,Dock,5CHLW0M5L6,AT14648,In Use,hiroshi.walker4@giim-test.local,Finance,Support Office
302328,GIIM-WKCXWL,HP USB-C Dock G5,Dock,5CHSWKCXWL,AT14651,In Store,,,IT Store Room
302329,GIIM-DNMXZ6,Samsung Galaxy S24,Phone,R5C1DNMXZ6,AT14652,In Store,,,IT Store Room
302330,GIIM-C058FP,HP EliteBook 840 G10,Laptop,5CGUC058FP,AT14654,In Store,,,IT Store Room
302331,GIIM-29GES2,HP USB-C Dock G5,Dock,5CHD29GES2,AT14655,In Store,,,IT Store Room
302332,GIIM-V85FA7,HP E24 G5,Monitor,3CMHV85FA7,AT14656,In Store,,,IT Store Room
302333,GIIM-P7M5UC,HP USB-C Dock G5,Dock,5CHRP7M5UC,AT14657,In Store,,,IT Store Room
302334,GIIM-6QDCL1,Apple iPhone 15,Phone,F2L16QDCL1,AT14661,In Store,,,IT Store Room
302335,GIIM-NFK63N,Samsung Galaxy S24,Phone,R5CANFK63N,AT14662,In Store,,,IT Store Room
302336,GIIM-8P4LB2,HP EliteBook 840 G10,Laptop,5CG78P4LB2,AT14663,In Store,,,IT Store Room
302337,GIIM-LJLMFU,Dell Latitude 7440,Laptop,DLMKLJLMFU,AT14664,In Store,,,IT Store Room
302338,GIIM-JY9YUE,Lenovo ThinkPad X1 Carbon Gen 11,Laptop,PW01JY9YUE,AT14665,In Store,,,IT Store Room
302339,GIIM-YL4FX0,Lenovo ThinkPad X1 Carbon Gen 11,Laptop,PWZLYL4FX0,AT14670,In Store,,,IT Store Room
302340,GIIM-HJZF2C,Dell P2723DE,Monitor,CN0CHJZF2C,AT14671,In Store,,,IT Store Room
302341,GIIM-YZ18WG,Dell P2723DE,Monitor,CN0RYZ18WG,AT14673,In Store,,,IT Store Room
302342,GIIM-LD8ZLM,Lenovo ThinkPad X1 Carbon Gen 11,Laptop,PWNRLD8ZLM,AT14677,In Store,,,IT Store Room
302343,GIIM-ZR4F50,Dell Latitude 7440,Laptop,DLW5ZR4F50,AT14678,In Store,,,IT Store Room
302344,GIIM-QL3QJY,HP EliteBook 860 G11,Laptop,5CDXQL3QJY,AT14684,In Store,,,IT Store Room
302345,GIIM-WPR2VF,Apple iPhone 15,Phone,F2LMWPR2VF,AT14685,In Store,,,IT Store Room
302346,GIIM-9ASXZ4,Dell Latitude 7440,Laptop,DLXC9ASXZ4,AT14687,In Store,,,IT Store Room
302347,GIIM-C4C7CG,HP E24 G5,Monitor,3CM7C4C7CG,AT14689,In Store,,,IT Store Room
302348,GIIM-C6482Q,Lenovo ThinkPad X1 Carbon Gen 11,Laptop,PWKBC6482Q,AT14692,In Store,,,IT Store Room
302349,GIIM-8THV0Z,Lenovo ThinkPad Universal USB-C Dock,Dock,ZKH88THV0Z,AT14694,In Store,,,IT Store Room
302350,GIIM-HC4B7L,HP E24 G5,Monitor,3CMDHC4B7L,AT14697,In Store,,,IT Store Room
302351,GIIM-DJWKV8,Apple iPhone 15,Phone,F2LMDJWKV8,AT14698,In Store,,,IT Store Room
302352,GIIM-K2UL5U,HP USB-C Dock G5,Dock,5CHGK2UL5U,AT14700,In Store,,,IT Store Room
302353,GIIM-AXJW6C,HP EliteBook 840 G10,Laptop,5CG0AXJW6C,AT14701,In Store,,,IT Store Room
302354,GIIM-1PGKMX,HP USB-C Dock G5,Dock,5CHN1PGKMX,AT14702,In Store,,,IT Store Room
302355,GIIM-NZ5BFY,Apple iPad (10th gen),Tablet,DMP5NZ5BFY,AT14703,In Store,,,IT Store Room
302356,GIIM-25YYWQ,Lenovo ThinkPad X1 Carbon Gen 11,Laptop,PW1R25YYWQ,AT14705,In Store,,,IT Store Room
302357,GIIM-8RWRXA,Dell P2723DE,Monitor,CN058RWRXA,AT14707,In Store,,,IT Store Room
302358,GIIM-XV2QRZ,Lenovo ThinkPad X1 Carbon Gen 11,Laptop,PWLHXV2QRZ,AT14711,In Store,,,IT Store Room
302359,GIIM-YSG134,Dell Latitude 7440,Laptop,DLZFYSG134,AT14716,In Store,,,IT Store Room
302360,GIIM-GPDMDA,HP EliteBook 840 G10,Laptop,5CG5GPDMDA,AT14717,In Store,,,IT Store Room
302361,GIIM-DQ772F,Dell Latitude 7440,Laptop,DLGQDQ772F,AT14718,In Store,,,IT Store Room
302362,GIIM-5SBJ9F,HP USB-C Dock G5,Dock,5CHM5SBJ9F,AT14721,In Store,,,IT Store Room
302363,GIIM-2AAB03,HP Elite Mini 800 G9,Desktop,8CCZ2AAB03,AT14724,In Store,,,IT Store Room
302364,GIIM-0HTF5C,Dell P2723DE,Monitor,CN0E0HTF5C,AT14729,In Store,,,IT Store Room
302365,GIIM-5K0W2M,Dell Latitude 7440,Laptop,DLX35K0W2M,AT14730,In Store,,,IT Store Room
302366,GIIM-8FZK8C,HP USB-C Dock G5,Dock,5CHH8FZK8C,AT14734,In Store,,,IT Store Room
302367,GIIM-5QPWM7,HP Elite Mini 800 G9,Desktop,8CC75QPWM7,AT14737,In Store,,,IT Store Room
302368,GIIM-50QFF8,HP USB-C Dock G5,Dock,5CHP50QFF8,AT14738,In Store,,,IT Store Room
302369,GIIM-E9BFE7,Samsung Galaxy S24,Phone,R5C1E9BFE7,AT14741,In Store,,,IT Store Room
302370,GIIM-PFB8N2,Dell P2723DE,Monitor,CN0LPFB8N2,AT14743,In Store,,,IT Store Room
302371,GIIM-XCAXDC,Lenovo ThinkPad T14 Gen 4,Laptop,PF26XCAXDC,AT14745,In Store,,,IT Store Room
302372,GIIM-N2XUC6,HP EliteBook 860 G11,Laptop,5CDYN2XUC6,AT14747,In Store,,,IT Store Room
302373,GIIM-QKM9JG,Apple iPhone 15,Phone,F2LLQKM9JG,AT14750,In Store,,,IT Store Room
302374,GIIM-9T71XF,HP Elite Mini 800 G9,Desktop,8CCE9T71XF,AT14751,In Store,,,IT Store Room
302375,GIIM-UB1QV1,Dell P2723DE,Monitor,CN0JUB1QV1,AT14752,In Store,,,IT Store Room
302376,GIIM-V90VUV,HP EliteBook 840 G10,Laptop,5CG3V90VUV,AT14756,In Store,,,IT Store Room
302377,GIIM-NHGV67,Samsung Galaxy S24,Phone,R5C1NHGV67,AT14758,In Store,,,IT Store Room
302378,GIIM-7VMEPA,Lenovo ThinkPad T14 Gen 4,Laptop,PF9H7VMEPA,AT14759,In Store,,,IT Store Room
302379,GIIM-GPKF3U,HP EliteBook 840 G10,Laptop,5CG2GPKF3U,AT14764,In Store,,,IT Store Room
302380,GIIM-WYJCV3,Apple iPad (10th gen),Tablet,DMPPWYJCV3,AT14765,In Store,,,IT Store Room
302381,GIIM-6LNFAJ,Apple iPad (10th gen),Tablet,DMPD6LNFAJ,AT14766,In Store,,,IT Store Room
302382,GIIM-HQ9AGH,Apple iPhone 15,Phone,F2LDHQ9AGH,AT14767,In Store,,,IT Store Room
